artifact,backbone,balanced_accuracy,condition,log_loss,mask_sha256,repeat,strategy,subject,seed
cells/zero__full_22__r0.npz,spatial_transformer,0.8365384615384616,full_22,0.4593047590935069,f3cae72f71b0cc3523e3d3b725a2f4cf86e83c64727f0ab21a733648ba3d4c5c,0,zero,1,0
cells/zero__random_static_16__r0.npz,spatial_transformer,0.3557692307692308,random_static_16,2.574516041457447,8b7c90b34ff4fb6d1b8a7aa808b8b01f902dbb8e0eb98c6ce63bbc6b2c6e011a,0,zero,1,0
cells/zero__random_static_16__r1.npz,spatial_transformer,0.42857142857142855,random_static_16,2.4469801210393913,0240c1f326fd84ff26dad74a6865bd480924eb3f2c7f4accea3a2bddd0460323,1,zero,1,0
cells/zero__random_static_16__r2.npz,spatial_transformer,0.33653846153846156,random_static_16,2.8832648566050993,95dd8d3bbcf142cc9f2c18fe73c63fdd92e54f091556ce87a1f2dc858ad769f5,2,zero,1,0
cells/zero__random_static_16__r3.npz,spatial_transformer,0.33791208791208793,random_static_16,2.78120760577594,1a8a40d91232a80a9141c3816c85e79538bc0e18c3abc5c3a62d5e4eb91affe1,3,zero,1,0
cells/zero__random_static_16__r4.npz,spatial_transformer,0.32005494505494503,random_static_16,2.725157755297075,83e3b98d91c1fe1588839111969aebcc3b5f8a4a84b75f0a6cd71759a71d8367,4,zero,1,0
cells/zero__dynamic_random_16__r0.npz,spatial_transformer,0.30357142857142855,dynamic_random_16,2.9201377431430506,ce606f30b6457042e1f22b2c92e1e14ceb0f48d4ce0d42c213d347da4a09c16d,0,zero,1,0
cells/zero__dynamic_random_16__r1.npz,spatial_transformer,0.33791208791208793,dynamic_random_16,2.604773416400747,35a304ff4e83d83593e47a1d27c019744539d40026056b3988caba79c2d33dbf,1,zero,1,0
cells/zero__dynamic_random_16__r2.npz,spatial_transformer,0.30357142857142855,dynamic_random_16,2.9242994159954274,1c3b6c27e34b61a42b8610b5ee8a9f1de8e52d149da818166244dadbbc3294ee,2,zero,1,0
cells/zero__dynamic_random_16__r3.npz,spatial_transformer,0.375,dynamic_random_16,2.7254120950375578,af3448cdf132eab13d372e41454142a95ae8d878dd3860d4474e38f3c002456a,3,zero,1,0
cells/zero__dynamic_random_16__r4.npz,spatial_transformer,0.30357142857142855,dynamic_random_16,2.989899557776616,8af74b09676b1f28a7245c7fd26faebd9319315429c3e52b7829370ce6b58459,4,zero,1,0
cells/zero__random_static_6__r0.npz,spatial_transformer,0.3159340659340659,random_static_6,2.3130354048794586,17f1d6c14238ed02f60c8efbc3401cd451517206b009c020e851836b78a6c445,0,zero,1,0
cells/zero__random_static_6__r1.npz,spatial_transformer,0.33379120879120877,random_static_6,2.8841091160576044,38daaa94b68c355740adacabb81c88692b3b177826f4ffc40e9233f97e64230f,1,zero,1,0
cells/zero__random_static_6__r2.npz,spatial_transformer,0.2953296703296703,random_static_6,2.8508793193278703,cee289ec1975982ed7b6181ddf784fb89dc24c6a75e2d0dd8872650025f8f5e9,2,zero,1,0
cells/zero__random_static_6__r3.npz,spatial_transformer,0.4244505494505495,random_static_6,2.4954187610392338,1a2b6bffe3020e73590fbbbee6a459dc59fb8bb0dfad76b5c0f75cad741b230f,3,zero,1,0
cells/zero__random_static_6__r4.npz,spatial_transformer,0.3695054945054945,random_static_6,2.5469732612461913,3033f3fe40b37b695ec0864af75deff590c1c5490b3b446a409289a10eff32ba,4,zero,1,0
cells/zero__dynamic_random_6__r0.npz,spatial_transformer,0.3131868131868132,dynamic_random_6,2.6180057035810753,cca62f2992452e6e5ffbe07fd60dc59ab850510e8885016e4c8077f0ec663990,0,zero,1,0
cells/zero__dynamic_random_6__r1.npz,spatial_transformer,0.43956043956043955,dynamic_random_6,2.18861252667862,2ead3eccfe647f4dbbcb2b366756f4cfc6c18e2b8b277eb0edc8b08bbb0f3ce3,1,zero,1,0
cells/zero__dynamic_random_6__r2.npz,spatial_transformer,0.3131868131868132,dynamic_random_6,2.8152098507584418,040af8481ff958fea80ae5cebb633435889d449d08281b1d8bd333026cc9969a,2,zero,1,0
cells/zero__dynamic_random_6__r3.npz,spatial_transformer,0.33104395604395603,dynamic_random_6,2.6677705472349142,0583fd5eab024135e1282a472b123cd66a60f14d97702e044712975c40e7fd5a,3,zero,1,0
cells/zero__dynamic_random_6__r4.npz,spatial_transformer,0.4409340659340659,dynamic_random_6,2.443797998610481,de5e7e8404f0636e8db1d67b34f6471bb5a9c9d8d1d0a27029d040d1548023bf,4,zero,1,0
cells/covariance_frozen__full_22__r0.npz,spatial_transformer,0.8365384615384616,full_22,0.4593047590935069,f3cae72f71b0cc3523e3d3b725a2f4cf86e83c64727f0ab21a733648ba3d4c5c,0,covariance_frozen,1,0
cells/covariance_frozen__random_static_16__r0.npz,spatial_transformer,0.8173076923076923,random_static_16,0.4704746354726481,8b7c90b34ff4fb6d1b8a7aa808b8b01f902dbb8e0eb98c6ce63bbc6b2c6e011a,0,covariance_frozen,1,0
cells/covariance_frozen__random_static_16__r1.npz,spatial_transformer,0.8173076923076923,random_static_16,0.49154222007268433,0240c1f326fd84ff26dad74a6865bd480924eb3f2c7f4accea3a2bddd0460323,1,covariance_frozen,1,0
cells/covariance_frozen__random_static_16__r2.npz,spatial_transformer,0.8365384615384616,random_static_16,0.4787019811610715,95dd8d3bbcf142cc9f2c18fe73c63fdd92e54f091556ce87a1f2dc858ad769f5,2,covariance_frozen,1,0
cells/covariance_frozen__random_static_16__r3.npz,spatial_transformer,0.8365384615384616,random_static_16,0.4874022520926894,1a8a40d91232a80a9141c3816c85e79538bc0e18c3abc5c3a62d5e4eb91affe1,3,covariance_frozen,1,0
cells/covariance_frozen__random_static_16__r4.npz,spatial_transformer,0.7802197802197803,random_static_16,0.48571172816068947,83e3b98d91c1fe1588839111969aebcc3b5f8a4a84b75f0a6cd71759a71d8367,4,covariance_frozen,1,0
cells/covariance_frozen__dynamic_random_16__r0.npz,spatial_transformer,0.8173076923076923,dynamic_random_16,0.4717637610656853,ce606f30b6457042e1f22b2c92e1e14ceb0f48d4ce0d42c213d347da4a09c16d,0,covariance_frozen,1,0
cells/covariance_frozen__dynamic_random_16__r1.npz,spatial_transformer,0.8173076923076923,dynamic_random_16,0.4848347452773133,35a304ff4e83d83593e47a1d27c019744539d40026056b3988caba79c2d33dbf,1,covariance_frozen,1,0
cells/covariance_frozen__dynamic_random_16__r2.npz,spatial_transformer,0.8543956043956044,dynamic_random_16,0.4582329985847706,1c3b6c27e34b61a42b8610b5ee8a9f1de8e52d149da818166244dadbbc3294ee,2,covariance_frozen,1,0
cells/covariance_frozen__dynamic_random_16__r3.npz,spatial_transformer,0.7994505494505494,dynamic_random_16,0.4784419620356267,af3448cdf132eab13d372e41454142a95ae8d878dd3860d4474e38f3c002456a,3,covariance_frozen,1,0
cells/covariance_frozen__dynamic_random_16__r4.npz,spatial_transformer,0.7994505494505495,dynamic_random_16,0.47703580380716637,8af74b09676b1f28a7245c7fd26faebd9319315429c3e52b7829370ce6b58459,4,covariance_frozen,1,0
cells/covariance_frozen__random_static_6__r0.npz,spatial_transformer,0.5233516483516483,random_static_6,1.7759270464317292,17f1d6c14238ed02f60c8efbc3401cd451517206b009c020e851836b78a6c445,0,covariance_frozen,1,0
cells/covariance_frozen__random_static_6__r1.npz,spatial_transformer,0.5590659340659341,random_static_6,1.7652071289336093,38daaa94b68c355740adacabb81c88692b3b177826f4ffc40e9233f97e64230f,1,covariance_frozen,1,0
cells/covariance_frozen__random_static_6__r2.npz,spatial_transformer,0.3942307692307692,random_static_6,2.5329943570319937,cee289ec1975982ed7b6181ddf784fb89dc24c6a75e2d0dd8872650025f8f5e9,2,covariance_frozen,1,0
cells/covariance_frozen__random_static_6__r3.npz,spatial_transformer,0.44917582417582413,random_static_6,2.003249545617047,1a2b6bffe3020e73590fbbbee6a459dc59fb8bb0dfad76b5c0f75cad741b230f,3,covariance_frozen,1,0
cells/covariance_frozen__random_static_6__r4.npz,spatial_transformer,0.5247252747252747,random_static_6,1.757106991327435,3033f3fe40b37b695ec0864af75deff590c1c5490b3b446a409289a10eff32ba,4,covariance_frozen,1,0
cells/covariance_frozen__dynamic_random_6__r0.npz,spatial_transformer,0.39560439560439553,dynamic_random_6,2.059205202321177,cca62f2992452e6e5ffbe07fd60dc59ab850510e8885016e4c8077f0ec663990,0,covariance_frozen,1,0
cells/covariance_frozen__dynamic_random_6__r1.npz,spatial_transformer,0.4478021978021978,dynamic_random_6,2.180483744151775,2ead3eccfe647f4dbbcb2b366756f4cfc6c18e2b8b277eb0edc8b08bbb0f3ce3,1,covariance_frozen,1,0
cells/covariance_frozen__dynamic_random_6__r2.npz,spatial_transformer,0.375,dynamic_random_6,2.133727316688984,040af8481ff958fea80ae5cebb633435889d449d08281b1d8bd333026cc9969a,2,covariance_frozen,1,0
cells/covariance_frozen__dynamic_random_6__r3.npz,spatial_transformer,0.41208791208791207,dynamic_random_6,2.077117601593084,0583fd5eab024135e1282a472b123cd66a60f14d97702e044712975c40e7fd5a,3,covariance_frozen,1,0
cells/covariance_frozen__dynamic_random_6__r4.npz,spatial_transformer,0.43131868131868134,dynamic_random_6,1.9701066855210014,de5e7e8404f0636e8db1d67b34f6471bb5a9c9d8d1d0a27029d040d1548023bf,4,covariance_frozen,1,0
cells/covariance_learned__full_22__r0.npz,spatial_transformer,0.8365384615384616,full_22,0.4593047590935069,f3cae72f71b0cc3523e3d3b725a2f4cf86e83c64727f0ab21a733648ba3d4c5c,0,covariance_learned,1,0
cells/covariance_learned__random_static_16__r0.npz,spatial_transformer,0.8543956043956045,random_static_16,0.40737705899520105,8b7c90b34ff4fb6d1b8a7aa808b8b01f902dbb8e0eb98c6ce63bbc6b2c6e011a,0,covariance_learned,1,0
cells/covariance_learned__random_static_16__r1.npz,spatial_transformer,0.8543956043956044,random_static_16,0.43817547641547394,0240c1f326fd84ff26dad74a6865bd480924eb3f2c7f4accea3a2bddd0460323,1,covariance_learned,1,0
cells/covariance_learned__random_static_16__r2.npz,spatial_transformer,0.8365384615384616,random_static_16,0.48364588598591957,95dd8d3bbcf142cc9f2c18fe73c63fdd92e54f091556ce87a1f2dc858ad769f5,2,covariance_learned,1,0
cells/covariance_learned__random_static_16__r3.npz,spatial_transformer,0.8186813186813187,random_static_16,0.5298319680618963,1a8a40d91232a80a9141c3816c85e79538bc0e18c3abc5c3a62d5e4eb91affe1,3,covariance_learned,1,0
cells/covariance_learned__random_static_16__r4.npz,spatial_transformer,0.8008241758241758,random_static_16,0.4963806761715275,83e3b98d91c1fe1588839111969aebcc3b5f8a4a84b75f0a6cd71759a71d8367,4,covariance_learned,1,0
cells/covariance_learned__dynamic_random_16__r0.npz,spatial_transformer,0.8186813186813188,dynamic_random_16,0.4340741218749494,ce606f30b6457042e1f22b2c92e1e14ceb0f48d4ce0d42c213d347da4a09c16d,0,covariance_learned,1,0
cells/covariance_learned__dynamic_random_16__r1.npz,spatial_transformer,0.8365384615384616,dynamic_random_16,0.47586175698140515,35a304ff4e83d83593e47a1d27c019744539d40026056b3988caba79c2d33dbf,1,covariance_learned,1,0
cells/covariance_learned__dynamic_random_16__r2.npz,spatial_transformer,0.8543956043956044,dynamic_random_16,0.4079009110279498,1c3b6c27e34b61a42b8610b5ee8a9f1de8e52d149da818166244dadbbc3294ee,2,covariance_learned,1,0
cells/covariance_learned__dynamic_random_16__r3.npz,spatial_transformer,0.8186813186813188,dynamic_random_16,0.4774798590552883,af3448cdf132eab13d372e41454142a95ae8d878dd3860d4474e38f3c002456a,3,covariance_learned,1,0
cells/covariance_learned__dynamic_random_16__r4.npz,spatial_transformer,0.7815934065934066,dynamic_random_16,0.45910832689454006,8af74b09676b1f28a7245c7fd26faebd9319315429c3e52b7829370ce6b58459,4,covariance_learned,1,0
cells/covariance_learned__random_static_6__r0.npz,spatial_transformer,0.6923076923076923,random_static_6,0.7420988316802339,17f1d6c14238ed02f60c8efbc3401cd451517206b009c020e851836b78a6c445,0,covariance_learned,1,0
cells/covariance_learned__random_static_6__r1.npz,spatial_transformer,0.6936813186813188,random_static_6,0.8125573887692331,38daaa94b68c355740adacabb81c88692b3b177826f4ffc40e9233f97e64230f,1,covariance_learned,1,0
cells/covariance_learned__random_static_6__r2.npz,spatial_transformer,0.7087912087912087,random_static_6,0.8353532617814917,cee289ec1975982ed7b6181ddf784fb89dc24c6a75e2d0dd8872650025f8f5e9,2,covariance_learned,1,0
cells/covariance_learned__random_static_6__r3.npz,spatial_transformer,0.7458791208791209,random_static_6,0.7214343391535157,1a2b6bffe3020e73590fbbbee6a459dc59fb8bb0dfad76b5c0f75cad741b230f,3,covariance_learned,1,0
cells/covariance_learned__random_static_6__r4.npz,spatial_transformer,0.7651098901098902,random_static_6,0.6691261818463486,3033f3fe40b37b695ec0864af75deff590c1c5490b3b446a409289a10eff32ba,4,covariance_learned,1,0
cells/covariance_learned__dynamic_random_6__r0.npz,spatial_transformer,0.7980769230769231,dynamic_random_6,0.6310648742242769,cca62f2992452e6e5ffbe07fd60dc59ab850510e8885016e4c8077f0ec663990,0,covariance_learned,1,0
cells/covariance_learned__dynamic_random_6__r1.npz,spatial_transformer,0.6181318681318682,dynamic_random_6,0.8418940118560574,2ead3eccfe647f4dbbcb2b366756f4cfc6c18e2b8b277eb0edc8b08bbb0f3ce3,1,covariance_learned,1,0
cells/covariance_learned__dynamic_random_6__r2.npz,spatial_transformer,0.728021978021978,dynamic_random_6,0.6382214682636935,040af8481ff958fea80ae5cebb633435889d449d08281b1d8bd333026cc9969a,2,covariance_learned,1,0
cells/covariance_learned__dynamic_random_6__r3.npz,spatial_transformer,0.7637362637362638,dynamic_random_6,0.5764524283896229,0583fd5eab024135e1282a472b123cd66a60f14d97702e044712975c40e7fd5a,3,covariance_learned,1,0
cells/covariance_learned__dynamic_random_6__r4.npz,spatial_transformer,0.7623626373626373,dynamic_random_6,0.6635829822793469,de5e7e8404f0636e8db1d67b34f6471bb5a9c9d8d1d0a27029d040d1548023bf,4,covariance_learned,1,0
cells/tucker_frozen__full_22__r0.npz,spatial_transformer,0.8365384615384616,full_22,0.4593047590935069,f3cae72f71b0cc3523e3d3b725a2f4cf86e83c64727f0ab21a733648ba3d4c5c,0,tucker_frozen,1,0
cells/tucker_frozen__random_static_16__r0.npz,spatial_transformer,0.3914835164835165,random_static_16,2.225879672186018,8b7c90b34ff4fb6d1b8a7aa808b8b01f902dbb8e0eb98c6ce63bbc6b2c6e011a,0,tucker_frozen,1,0
cells/tucker_frozen__random_static_16__r1.npz,spatial_transformer,0.4807692307692308,random_static_16,2.0596065859856187,0240c1f326fd84ff26dad74a6865bd480924eb3f2c7f4accea3a2bddd0460323,1,tucker_frozen,1,0
cells/tucker_frozen__random_static_16__r2.npz,spatial_transformer,0.46153846153846156,random_static_16,2.4775947189578797,95dd8d3bbcf142cc9f2c18fe73c63fdd92e54f091556ce87a1f2dc858ad769f5,2,tucker_frozen,1,0
cells/tucker_frozen__random_static_16__r3.npz,spatial_transformer,0.42719780219780223,random_static_16,2.3457258590740615,1a8a40d91232a80a9141c3816c85e79538bc0e18c3abc5c3a62d5e4eb91affe1,3,tucker_frozen,1,0
cells/tucker_frozen__random_static_16__r4.npz,spatial_transformer,0.44368131868131866,random_static_16,2.205086500348981,83e3b98d91c1fe1588839111969aebcc3b5f8a4a84b75f0a6cd71759a71d8367,4,tucker_frozen,1,0
cells/tucker_frozen__dynamic_random_16__r0.npz,spatial_transformer,0.37362637362637363,dynamic_random_16,2.5485535023322488,ce606f30b6457042e1f22b2c92e1e14ceb0f48d4ce0d42c213d347da4a09c16d,0,tucker_frozen,1,0
cells/tucker_frozen__dynamic_random_16__r1.npz,spatial_transformer,0.3914835164835165,dynamic_random_16,2.213566896750056,35a304ff4e83d83593e47a1d27c019744539d40026056b3988caba79c2d33dbf,1,tucker_frozen,1,0
cells/tucker_frozen__dynamic_random_16__r2.npz,spatial_transformer,0.3557692307692308,dynamic_random_16,2.3734748710514975,1c3b6c27e34b61a42b8610b5ee8a9f1de8e52d149da818166244dadbbc3294ee,2,tucker_frozen,1,0
cells/tucker_frozen__dynamic_random_16__r3.npz,spatial_transformer,0.40934065934065933,dynamic_random_16,2.3336417572480292,af3448cdf132eab13d372e41454142a95ae8d878dd3860d4474e38f3c002456a,3,tucker_frozen,1,0
cells/tucker_frozen__dynamic_random_16__r4.npz,spatial_transformer,0.3914835164835165,dynamic_random_16,2.5988044816117877,8af74b09676b1f28a7245c7fd26faebd9319315429c3e52b7829370ce6b58459,4,tucker_frozen,1,0
cells/tucker_frozen__random_static_6__r0.npz,spatial_transformer,0.4230769230769231,random_static_6,2.090373848482602,17f1d6c14238ed02f60c8efbc3401cd451517206b009c020e851836b78a6c445,0,tucker_frozen,1,0
cells/tucker_frozen__random_static_6__r1.npz,spatial_transformer,0.3997252747252747,random_static_6,2.584071058559492,38daaa94b68c355740adacabb81c88692b3b177826f4ffc40e9233f97e64230f,1,tucker_frozen,1,0
cells/tucker_frozen__random_static_6__r2.npz,spatial_transformer,0.2925824175824176,random_static_6,2.7719096467607085,cee289ec1975982ed7b6181ddf784fb89dc24c6a75e2d0dd8872650025f8f5e9,2,tucker_frozen,1,0
cells/tucker_frozen__random_static_6__r3.npz,spatial_transformer,0.5123626373626373,random_static_6,2.1654320865705765,1a2b6bffe3020e73590fbbbee6a459dc59fb8bb0dfad76b5c0f75cad741b230f,3,tucker_frozen,1,0
cells/tucker_frozen__random_static_6__r4.npz,spatial_transformer,0.3832417582417582,random_static_6,2.342192968620219,3033f3fe40b37b695ec0864af75deff590c1c5490b3b446a409289a10eff32ba,4,tucker_frozen,1,0
cells/tucker_frozen__dynamic_random_6__r0.npz,spatial_transformer,0.38186813186813184,dynamic_random_6,2.45570039171127,cca62f2992452e6e5ffbe07fd60dc59ab850510e8885016e4c8077f0ec663990,0,tucker_frozen,1,0
cells/tucker_frozen__dynamic_random_6__r1.npz,spatial_transformer,0.418956043956044,dynamic_random_6,2.0260523623426634,2ead3eccfe647f4dbbcb2b366756f4cfc6c18e2b8b277eb0edc8b08bbb0f3ce3,1,tucker_frozen,1,0
cells/tucker_frozen__dynamic_random_6__r2.npz,spatial_transformer,0.3832417582417582,dynamic_random_6,2.456074367620645,040af8481ff958fea80ae5cebb633435889d449d08281b1d8bd333026cc9969a,2,tucker_frozen,1,0
cells/tucker_frozen__dynamic_random_6__r3.npz,spatial_transformer,0.364010989010989,dynamic_random_6,2.4945543574594318,0583fd5eab024135e1282a472b123cd66a60f14d97702e044712975c40e7fd5a,3,tucker_frozen,1,0
cells/tucker_frozen__dynamic_random_6__r4.npz,spatial_transformer,0.3832417582417582,dynamic_random_6,2.3983998834768827,de5e7e8404f0636e8db1d67b34f6471bb5a9c9d8d1d0a27029d040d1548023bf,4,tucker_frozen,1,0
cells/tucker_learned__full_22__r0.npz,spatial_transformer,0.8365384615384616,full_22,0.4593047590935069,f3cae72f71b0cc3523e3d3b725a2f4cf86e83c64727f0ab21a733648ba3d4c5c,0,tucker_learned,1,0
cells/tucker_learned__random_static_16__r0.npz,spatial_transformer,0.44505494505494503,random_static_16,2.043564893142645,8b7c90b34ff4fb6d1b8a7aa808b8b01f902dbb8e0eb98c6ce63bbc6b2c6e011a,0,tucker_learned,1,0
cells/tucker_learned__random_static_16__r1.npz,spatial_transformer,0.49862637362637363,random_static_16,1.9303600322037868,0240c1f326fd84ff26dad74a6865bd480924eb3f2c7f4accea3a2bddd0460323,1,tucker_learned,1,0
cells/tucker_learned__random_static_16__r2.npz,spatial_transformer,0.44368131868131866,random_static_16,2.3064092676665147,95dd8d3bbcf142cc9f2c18fe73c63fdd92e54f091556ce87a1f2dc858ad769f5,2,tucker_learned,1,0
cells/tucker_learned__random_static_16__r3.npz,spatial_transformer,0.46291208791208793,random_static_16,2.2175854654935536,1a8a40d91232a80a9141c3816c85e79538bc0e18c3abc5c3a62d5e4eb91affe1,3,tucker_learned,1,0
cells/tucker_learned__random_static_16__r4.npz,spatial_transformer,0.44368131868131866,random_static_16,2.006472103220354,83e3b98d91c1fe1588839111969aebcc3b5f8a4a84b75f0a6cd71759a71d8367,4,tucker_learned,1,0
cells/tucker_learned__dynamic_random_16__r0.npz,spatial_transformer,0.40934065934065933,dynamic_random_16,2.406900838394308,ce606f30b6457042e1f22b2c92e1e14ceb0f48d4ce0d42c213d347da4a09c16d,0,tucker_learned,1,0
cells/tucker_learned__dynamic_random_16__r1.npz,spatial_transformer,0.40934065934065933,dynamic_random_16,2.063038297938152,35a304ff4e83d83593e47a1d27c019744539d40026056b3988caba79c2d33dbf,1,tucker_learned,1,0
cells/tucker_learned__dynamic_random_16__r2.npz,spatial_transformer,0.37362637362637363,dynamic_random_16,2.185564746266145,1c3b6c27e34b61a42b8610b5ee8a9f1de8e52d149da818166244dadbbc3294ee,2,tucker_learned,1,0
cells/tucker_learned__dynamic_random_16__r3.npz,spatial_transformer,0.42582417582417587,dynamic_random_16,2.071347797791286,af3448cdf132eab13d372e41454142a95ae8d878dd3860d4474e38f3c002456a,3,tucker_learned,1,0
cells/tucker_learned__dynamic_random_16__r4.npz,spatial_transformer,0.42857142857142855,dynamic_random_16,2.425478360652565,8af74b09676b1f28a7245c7fd26faebd9319315429c3e52b7829370ce6b58459,4,tucker_learned,1,0
cells/tucker_learned__random_static_6__r0.npz,spatial_transformer,0.45741758241758246,random_static_6,2.1418395846387357,17f1d6c14238ed02f60c8efbc3401cd451517206b009c020e851836b78a6c445,0,tucker_learned,1,0
cells/tucker_learned__random_static_6__r1.npz,spatial_transformer,0.4546703296703297,random_static_6,2.533546111837456,38daaa94b68c355740adacabb81c88692b3b177826f4ffc40e9233f97e64230f,1,tucker_learned,1,0
cells/tucker_learned__random_static_6__r2.npz,spatial_transformer,0.2912087912087912,random_static_6,2.737090514344292,cee289ec1975982ed7b6181ddf784fb89dc24c6a75e2d0dd8872650025f8f5e9,2,tucker_learned,1,0
cells/tucker_learned__random_static_6__r3.npz,spatial_transformer,0.5123626373626373,random_static_6,2.077735947409941,1a2b6bffe3020e73590fbbbee6a459dc59fb8bb0dfad76b5c0f75cad741b230f,3,tucker_learned,1,0
cells/tucker_learned__random_static_6__r4.npz,spatial_transformer,0.4189560439560439,random_static_6,2.2466534805877907,3033f3fe40b37b695ec0864af75deff590c1c5490b3b446a409289a10eff32ba,4,tucker_learned,1,0
cells/tucker_learned__dynamic_random_6__r0.npz,spatial_transformer,0.3076923076923077,dynamic_random_6,2.287158838675873,cca62f2992452e6e5ffbe07fd60dc59ab850510e8885016e4c8077f0ec663990,0,tucker_learned,1,0
cells/tucker_learned__dynamic_random_6__r1.npz,spatial_transformer,0.3434065934065934,dynamic_random_6,2.125090687244273,2ead3eccfe647f4dbbcb2b366756f4cfc6c18e2b8b277eb0edc8b08bbb0f3ce3,1,tucker_learned,1,0
cells/tucker_learned__dynamic_random_6__r2.npz,spatial_transformer,0.34615384615384615,dynamic_random_6,2.404564704645948,040af8481ff958fea80ae5cebb633435889d449d08281b1d8bd333026cc9969a,2,tucker_learned,1,0
cells/tucker_learned__dynamic_random_6__r3.npz,spatial_transformer,0.3612637362637363,dynamic_random_6,2.392742332487627,0583fd5eab024135e1282a472b123cd66a60f14d97702e044712975c40e7fd5a,3,tucker_learned,1,0
cells/tucker_learned__dynamic_random_6__r4.npz,spatial_transformer,0.4010989010989011,dynamic_random_6,2.3819539020165372,de5e7e8404f0636e8db1d67b34f6471bb5a9c9d8d1d0a27029d040d1548023bf,4,tucker_learned,1,0
cells/zero__full_22__r0.npz,spatial_transformer,0.7802197802197801,full_22,0.7285415564688291,f3cae72f71b0cc3523e3d3b725a2f4cf86e83c64727f0ab21a733648ba3d4c5c,0,zero,1,1
cells/zero__random_static_16__r0.npz,spatial_transformer,0.4423076923076923,random_static_16,1.4789723932384047,53697e88cf9f3cbe66fa0e2e06eb3f75c7d965b17151248e595d672410dfb37c,0,zero,1,1
cells/zero__random_static_16__r1.npz,spatial_transformer,0.4217032967032967,random_static_16,1.8096009103072352,1a6d989e2dcd98ff33f0a1d27d703d5079036a8e098b57433e9b332211d0f5d1,1,zero,1,1
cells/zero__random_static_16__r2.npz,spatial_transformer,0.4574175824175824,random_static_16,1.6544553042782995,7c146ed64f2cf18e9680c608f3eebdd0e2366fa245e437188b4df78ad4d5f73c,2,zero,1,1
cells/zero__random_static_16__r3.npz,spatial_transformer,0.4615384615384615,random_static_16,1.6673163922260459,762783a57769deae7c677775c70cbb1d01d54405e1e96ae95481a812dc2cb1cd,3,zero,1,1
cells/zero__random_static_16__r4.npz,spatial_transformer,0.5302197802197802,random_static_16,1.648777648343605,69244a47d4a2c280b704a91e3edda272ae659164c22b94434eb7f7d1541d1abe,4,zero,1,1
cells/zero__dynamic_random_16__r0.npz,spatial_transformer,0.5535714285714286,dynamic_random_16,1.788863010472108,254dd3353f18093dd7282349d06f920524c1038eff20ff42628bc7a4554bc2e2,0,zero,1,1
cells/zero__dynamic_random_16__r1.npz,spatial_transformer,0.4601648351648352,dynamic_random_16,1.5906966563702225,3662b52eb342a9310aebedf283b1c6eb8938ac6d2a74c8b3ae12a9634c1e1ecb,1,zero,1,1
cells/zero__dynamic_random_16__r2.npz,spatial_transformer,0.40796703296703296,dynamic_random_16,1.779663344487236,d606810c48e76ce5cf5735f921599593c4e1bd5b6505469064c6b157c1abf9de,2,zero,1,1
cells/zero__dynamic_random_16__r3.npz,spatial_transformer,0.4423076923076923,dynamic_random_16,1.7316340886676198,e0fd7b591c4ac496d076f168065dc14fde0264792e0a95f6369136689c1171f6,3,zero,1,1
cells/zero__dynamic_random_16__r4.npz,spatial_transformer,0.4601648351648352,dynamic_random_16,1.5814341586872707,d864f8b47ec712d45ae3ea63985bc6f4a4105b462720b583ebdfa58538169dc9,4,zero,1,1
cells/zero__random_static_6__r0.npz,spatial_transformer,0.3626373626373626,random_static_6,2.268577557404031,9b3caea48228934c83f0fbd5ec95cdb9d58731cfbf38526aee621f3e7d2e3f4e,0,zero,1,1
cells/zero__random_static_6__r1.npz,spatial_transformer,0.3791208791208791,random_static_6,2.2139048260880996,56a25fc606167d743ec15d2a2f5ccf3c27e94da482f85ae040032d001a8edfbd,1,zero,1,1
cells/zero__random_static_6__r2.npz,spatial_transformer,0.34203296703296704,random_static_6,2.2554123150573133,47b945033c379a6475ff9bd5cf80d71ae4b68748a2d62d87d412944957a0370e,2,zero,1,1
cells/zero__random_static_6__r3.npz,spatial_transformer,0.38186813186813184,random_static_6,2.0640066420607472,dde05ae824151a28838f917a2997806d5e1b1e58a031b3d2b2b18511e8b0044e,3,zero,1,1
cells/zero__random_static_6__r4.npz,spatial_transformer,0.27060439560439564,random_static_6,2.5796782075546965,e1833817184d5ad2bfab7850169a153a2369e2215ff7c0d733d3580cc1d3357d,4,zero,1,1
cells/zero__dynamic_random_6__r0.npz,spatial_transformer,0.32417582417582413,dynamic_random_6,2.4728754496138072,ba23178f31d25567c11398eeb6d203c1d05ef4221652ed725474d59695f83721,0,zero,1,1
cells/zero__dynamic_random_6__r1.npz,spatial_transformer,0.3928571428571429,dynamic_random_6,1.7456363210646042,51eddcf9154d56aba5c804b9ec495a4fe337749128d7633dbe9e8ba31c29d0c1,1,zero,1,1
cells/zero__dynamic_random_6__r2.npz,spatial_transformer,0.34203296703296704,dynamic_random_6,2.0722190995462246,04fb3af7d6e169794bf5751839ed54c2ec7931cb8be4cfd7b842a0aa75d60486,2,zero,1,1
cells/zero__dynamic_random_6__r3.npz,spatial_transformer,0.3791208791208791,dynamic_random_6,2.076185445442836,fccf51db92499b1254e1ed375a7106c2b453566702ab91d80addbca55074a0e7,3,zero,1,1
cells/zero__dynamic_random_6__r4.npz,spatial_transformer,0.41483516483516486,dynamic_random_6,2.1224352537776663,73af0e2da628533c312cd3df230bba9231240919b6567f44fe764ba6508b77fd,4,zero,1,1
cells/covariance_frozen__full_22__r0.npz,spatial_transformer,0.7802197802197801,full_22,0.7285415564688291,f3cae72f71b0cc3523e3d3b725a2f4cf86e83c64727f0ab21a733648ba3d4c5c,0,covariance_frozen,1,1
cells/covariance_frozen__random_static_16__r0.npz,spatial_transformer,0.7239010989010989,random_static_16,0.7571868835651164,53697e88cf9f3cbe66fa0e2e06eb3f75c7d965b17151248e595d672410dfb37c,0,covariance_frozen,1,1
cells/covariance_frozen__random_static_16__r1.npz,spatial_transformer,0.6881868131868132,random_static_16,0.7950438098995867,1a6d989e2dcd98ff33f0a1d27d703d5079036a8e098b57433e9b332211d0f5d1,1,covariance_frozen,1,1
cells/covariance_frozen__random_static_16__r2.npz,spatial_transformer,0.7417582417582418,random_static_16,0.8054801593494095,7c146ed64f2cf18e9680c608f3eebdd0e2366fa245e437188b4df78ad4d5f73c,2,covariance_frozen,1,1
cells/covariance_frozen__random_static_16__r3.npz,spatial_transformer,0.7431318681318682,random_static_16,0.7803583558068159,762783a57769deae7c677775c70cbb1d01d54405e1e96ae95481a812dc2cb1cd,3,covariance_frozen,1,1
cells/covariance_frozen__random_static_16__r4.npz,spatial_transformer,0.7609890109890111,random_static_16,0.7554318638597384,69244a47d4a2c280b704a91e3edda272ae659164c22b94434eb7f7d1541d1abe,4,covariance_frozen,1,1
cells/covariance_frozen__dynamic_random_16__r0.npz,spatial_transformer,0.7046703296703297,dynamic_random_16,0.7503546688683319,254dd3353f18093dd7282349d06f920524c1038eff20ff42628bc7a4554bc2e2,0,covariance_frozen,1,1
cells/covariance_frozen__dynamic_random_16__r1.npz,spatial_transformer,0.7046703296703296,dynamic_random_16,0.7543412239751105,3662b52eb342a9310aebedf283b1c6eb8938ac6d2a74c8b3ae12a9634c1e1ecb,1,covariance_frozen,1,1
cells/covariance_frozen__dynamic_random_16__r2.npz,spatial_transformer,0.7239010989010989,dynamic_random_16,0.7307346294835476,d606810c48e76ce5cf5735f921599593c4e1bd5b6505469064c6b157c1abf9de,2,covariance_frozen,1,1
cells/covariance_frozen__dynamic_random_16__r3.npz,spatial_transformer,0.7980769230769231,dynamic_random_16,0.7318924882554106,e0fd7b591c4ac496d076f168065dc14fde0264792e0a95f6369136689c1171f6,3,covariance_frozen,1,1
cells/covariance_frozen__dynamic_random_16__r4.npz,spatial_transformer,0.7417582417582418,dynamic_random_16,0.7394689575474238,d864f8b47ec712d45ae3ea63985bc6f4a4105b462720b583ebdfa58538169dc9,4,covariance_frozen,1,1
cells/covariance_frozen__random_static_6__r0.npz,spatial_transformer,0.4299450549450549,random_static_6,1.7531953111340988,9b3caea48228934c83f0fbd5ec95cdb9d58731cfbf38526aee621f3e7d2e3f4e,0,covariance_frozen,1,1
cells/covariance_frozen__random_static_6__r1.npz,spatial_transformer,0.5013736263736264,random_static_6,1.579292825580991,56a25fc606167d743ec15d2a2f5ccf3c27e94da482f85ae040032d001a8edfbd,1,covariance_frozen,1,1
cells/covariance_frozen__random_static_6__r2.npz,spatial_transformer,0.45054945054945056,random_static_6,1.6667772356574186,47b945033c379a6475ff9bd5cf80d71ae4b68748a2d62d87d412944957a0370e,2,covariance_frozen,1,1
cells/covariance_frozen__random_static_6__r3.npz,spatial_transformer,0.5576923076923077,random_static_6,1.4825507496841095,dde05ae824151a28838f917a2997806d5e1b1e58a031b3d2b2b18511e8b0044e,3,covariance_frozen,1,1
cells/covariance_frozen__random_static_6__r4.npz,spatial_transformer,0.5041208791208791,random_static_6,1.7674328133433188,e1833817184d5ad2bfab7850169a153a2369e2215ff7c0d733d3580cc1d3357d,4,covariance_frozen,1,1
cells/covariance_frozen__dynamic_random_6__r0.npz,spatial_transformer,0.5206043956043955,dynamic_random_6,1.7765314360658315,ba23178f31d25567c11398eeb6d203c1d05ef4221652ed725474d59695f83721,0,covariance_frozen,1,1
cells/covariance_frozen__dynamic_random_6__r1.npz,spatial_transformer,0.5370879120879121,dynamic_random_6,1.5333677161983938,51eddcf9154d56aba5c804b9ec495a4fe337749128d7633dbe9e8ba31c29d0c1,1,covariance_frozen,1,1
cells/covariance_frozen__dynamic_random_6__r2.npz,spatial_transformer,0.48351648351648346,dynamic_random_6,1.7495769311336449,04fb3af7d6e169794bf5751839ed54c2ec7931cb8be4cfd7b842a0aa75d60486,2,covariance_frozen,1,1
cells/covariance_frozen__dynamic_random_6__r3.npz,spatial_transformer,0.5013736263736264,dynamic_random_6,1.7014534018980219,fccf51db92499b1254e1ed375a7106c2b453566702ab91d80addbca55074a0e7,3,covariance_frozen,1,1
cells/covariance_frozen__dynamic_random_6__r4.npz,spatial_transformer,0.554945054945055,dynamic_random_6,1.6915541024640721,73af0e2da628533c312cd3df230bba9231240919b6567f44fe764ba6508b77fd,4,covariance_frozen,1,1
cells/covariance_learned__full_22__r0.npz,spatial_transformer,0.7802197802197801,full_22,0.7285415564688291,f3cae72f71b0cc3523e3d3b725a2f4cf86e83c64727f0ab21a733648ba3d4c5c,0,covariance_learned,1,1
cells/covariance_learned__random_static_16__r0.npz,spatial_transformer,0.7101648351648351,random_static_16,0.7016856686777875,53697e88cf9f3cbe66fa0e2e06eb3f75c7d965b17151248e595d672410dfb37c,0,covariance_learned,1,1
cells/covariance_learned__random_static_16__r1.npz,spatial_transformer,0.6744505494505495,random_static_16,0.7937342927097375,1a6d989e2dcd98ff33f0a1d27d703d5079036a8e098b57433e9b332211d0f5d1,1,covariance_learned,1,1
cells/covariance_learned__random_static_16__r2.npz,spatial_transformer,0.7087912087912087,random_static_16,0.6651533191009695,7c146ed64f2cf18e9680c608f3eebdd0e2366fa245e437188b4df78ad4d5f73c,2,covariance_learned,1,1
cells/covariance_learned__random_static_16__r3.npz,spatial_transformer,0.7101648351648351,random_static_16,0.7236054007054109,762783a57769deae7c677775c70cbb1d01d54405e1e96ae95481a812dc2cb1cd,3,covariance_learned,1,1
cells/covariance_learned__random_static_16__r4.npz,spatial_transformer,0.7101648351648351,random_static_16,0.704915253679075,69244a47d4a2c280b704a91e3edda272ae659164c22b94434eb7f7d1541d1abe,4,covariance_learned,1,1
cells/covariance_learned__dynamic_random_16__r0.npz,spatial_transformer,0.6923076923076923,dynamic_random_16,0.6722643323155316,254dd3353f18093dd7282349d06f920524c1038eff20ff42628bc7a4554bc2e2,0,covariance_learned,1,1
cells/covariance_learned__dynamic_random_16__r1.npz,spatial_transformer,0.7101648351648351,dynamic_random_16,0.7407936638763392,3662b52eb342a9310aebedf283b1c6eb8938ac6d2a74c8b3ae12a9634c1e1ecb,1,covariance_learned,1,1
cells/covariance_learned__dynamic_random_16__r2.npz,spatial_transformer,0.728021978021978,dynamic_random_16,0.702902251547814,d606810c48e76ce5cf5735f921599593c4e1bd5b6505469064c6b157c1abf9de,2,covariance_learned,1,1
cells/covariance_learned__dynamic_random_16__r3.npz,spatial_transformer,0.7637362637362637,dynamic_random_16,0.7187541242664538,e0fd7b591c4ac496d076f168065dc14fde0264792e0a95f6369136689c1171f6,3,covariance_learned,1,1
cells/covariance_learned__dynamic_random_16__r4.npz,spatial_transformer,0.6923076923076923,dynamic_random_16,0.7059136689615005,d864f8b47ec712d45ae3ea63985bc6f4a4105b462720b583ebdfa58538169dc9,4,covariance_learned,1,1
cells/covariance_learned__random_static_6__r0.npz,spatial_transformer,0.5810439560439561,random_static_6,1.0131072799531922,9b3caea48228934c83f0fbd5ec95cdb9d58731cfbf38526aee621f3e7d2e3f4e,0,covariance_learned,1,1
cells/covariance_learned__random_static_6__r1.npz,spatial_transformer,0.6703296703296703,random_static_6,0.7877599698592368,56a25fc606167d743ec15d2a2f5ccf3c27e94da482f85ae040032d001a8edfbd,1,covariance_learned,1,1
cells/covariance_learned__random_static_6__r2.npz,spatial_transformer,0.6181318681318682,random_static_6,0.8327402109955663,47b945033c379a6475ff9bd5cf80d71ae4b68748a2d62d87d412944957a0370e,2,covariance_learned,1,1
cells/covariance_learned__random_static_6__r3.npz,spatial_transformer,0.6703296703296703,random_static_6,0.8258910129362227,dde05ae824151a28838f917a2997806d5e1b1e58a031b3d2b2b18511e8b0044e,3,covariance_learned,1,1
cells/covariance_learned__random_static_6__r4.npz,spatial_transformer,0.6387362637362637,random_static_6,0.8885604387876885,e1833817184d5ad2bfab7850169a153a2369e2215ff7c0d733d3580cc1d3357d,4,covariance_learned,1,1
cells/covariance_learned__dynamic_random_6__r0.npz,spatial_transformer,0.6538461538461539,dynamic_random_6,0.785507288853364,ba23178f31d25567c11398eeb6d203c1d05ef4221652ed725474d59695f83721,0,covariance_learned,1,1
cells/covariance_learned__dynamic_random_6__r1.npz,spatial_transformer,0.7101648351648351,dynamic_random_6,0.7303865305198877,51eddcf9154d56aba5c804b9ec495a4fe337749128d7633dbe9e8ba31c29d0c1,1,covariance_learned,1,1
cells/covariance_learned__dynamic_random_6__r2.npz,spatial_transformer,0.6895604395604397,dynamic_random_6,0.7464863913078421,04fb3af7d6e169794bf5751839ed54c2ec7931cb8be4cfd7b842a0aa75d60486,2,covariance_learned,1,1
cells/covariance_learned__dynamic_random_6__r3.npz,spatial_transformer,0.6717032967032966,dynamic_random_6,0.7840691865747546,fccf51db92499b1254e1ed375a7106c2b453566702ab91d80addbca55074a0e7,3,covariance_learned,1,1
cells/covariance_learned__dynamic_random_6__r4.npz,spatial_transformer,0.6730769230769231,dynamic_random_6,0.9489073737358006,73af0e2da628533c312cd3df230bba9231240919b6567f44fe764ba6508b77fd,4,covariance_learned,1,1
cells/tucker_frozen__full_22__r0.npz,spatial_transformer,0.7802197802197801,full_22,0.7285415564688291,f3cae72f71b0cc3523e3d3b725a2f4cf86e83c64727f0ab21a733648ba3d4c5c,0,tucker_frozen,1,1
cells/tucker_frozen__random_static_16__r0.npz,spatial_transformer,0.4423076923076923,random_static_16,1.354536812671996,53697e88cf9f3cbe66fa0e2e06eb3f75c7d965b17151248e595d672410dfb37c,0,tucker_frozen,1,1
cells/tucker_frozen__random_static_16__r1.npz,spatial_transformer,0.4560439560439561,random_static_16,1.6932070030304955,1a6d989e2dcd98ff33f0a1d27d703d5079036a8e098b57433e9b332211d0f5d1,1,tucker_frozen,1,1
cells/tucker_frozen__random_static_16__r2.npz,spatial_transformer,0.4917582417582418,random_static_16,1.4913619810170184,7c146ed64f2cf18e9680c608f3eebdd0e2366fa245e437188b4df78ad4d5f73c,2,tucker_frozen,1,1
cells/tucker_frozen__random_static_16__r3.npz,spatial_transformer,0.4958791208791209,random_static_16,1.5019412052843437,762783a57769deae7c677775c70cbb1d01d54405e1e96ae95481a812dc2cb1cd,3,tucker_frozen,1,1
cells/tucker_frozen__random_static_16__r4.npz,spatial_transformer,0.49313186813186816,random_static_16,1.562445944996859,69244a47d4a2c280b704a91e3edda272ae659164c22b94434eb7f7d1541d1abe,4,tucker_frozen,1,1
cells/tucker_frozen__dynamic_random_16__r0.npz,spatial_transformer,0.5151098901098901,dynamic_random_16,1.6068712659032192,254dd3353f18093dd7282349d06f920524c1038eff20ff42628bc7a4554bc2e2,0,tucker_frozen,1,1
cells/tucker_frozen__dynamic_random_16__r1.npz,spatial_transformer,0.5315934065934066,dynamic_random_16,1.356597462310404,3662b52eb342a9310aebedf283b1c6eb8938ac6d2a74c8b3ae12a9634c1e1ecb,1,tucker_frozen,1,1
cells/tucker_frozen__dynamic_random_16__r2.npz,spatial_transformer,0.47939560439560436,dynamic_random_16,1.6443440631995356,d606810c48e76ce5cf5735f921599593c4e1bd5b6505469064c6b157c1abf9de,2,tucker_frozen,1,1
cells/tucker_frozen__dynamic_random_16__r3.npz,spatial_transformer,0.4423076923076923,dynamic_random_16,1.5962737973607908,e0fd7b591c4ac496d076f168065dc14fde0264792e0a95f6369136689c1171f6,3,tucker_frozen,1,1
cells/tucker_frozen__dynamic_random_16__r4.npz,spatial_transformer,0.5137362637362638,dynamic_random_16,1.4578968875411908,d864f8b47ec712d45ae3ea63985bc6f4a4105b462720b583ebdfa58538169dc9,4,tucker_frozen,1,1
cells/tucker_frozen__random_static_6__r0.npz,spatial_transformer,0.37774725274725274,random_static_6,2.1965882701105612,9b3caea48228934c83f0fbd5ec95cdb9d58731cfbf38526aee621f3e7d2e3f4e,0,tucker_frozen,1,1
cells/tucker_frozen__random_static_6__r1.npz,spatial_transformer,0.39560439560439553,random_static_6,2.088941796378151,56a25fc606167d743ec15d2a2f5ccf3c27e94da482f85ae040032d001a8edfbd,1,tucker_frozen,1,1
cells/tucker_frozen__random_static_6__r2.npz,spatial_transformer,0.32280219780219777,random_static_6,2.1751818498546958,47b945033c379a6475ff9bd5cf80d71ae4b68748a2d62d87d412944957a0370e,2,tucker_frozen,1,1
cells/tucker_frozen__random_static_6__r3.npz,spatial_transformer,0.3269230769230769,random_static_6,2.0057316096403253,dde05ae824151a28838f917a2997806d5e1b1e58a031b3d2b2b18511e8b0044e,3,tucker_frozen,1,1
cells/tucker_frozen__random_static_6__r4.npz,spatial_transformer,0.27060439560439564,random_static_6,2.4635340075725574,e1833817184d5ad2bfab7850169a153a2369e2215ff7c0d733d3580cc1d3357d,4,tucker_frozen,1,1
cells/tucker_frozen__dynamic_random_6__r0.npz,spatial_transformer,0.37774725274725274,dynamic_random_6,2.3842108368516723,ba23178f31d25567c11398eeb6d203c1d05ef4221652ed725474d59695f83721,0,tucker_frozen,1,1
cells/tucker_frozen__dynamic_random_6__r1.npz,spatial_transformer,0.3928571428571428,dynamic_random_6,1.8871080617794405,51eddcf9154d56aba5c804b9ec495a4fe337749128d7633dbe9e8ba31c29d0c1,1,tucker_frozen,1,1
cells/tucker_frozen__dynamic_random_6__r2.npz,spatial_transformer,0.39560439560439564,dynamic_random_6,2.085096403465953,04fb3af7d6e169794bf5751839ed54c2ec7931cb8be4cfd7b842a0aa75d60486,2,tucker_frozen,1,1
cells/tucker_frozen__dynamic_random_6__r3.npz,spatial_transformer,0.34203296703296704,dynamic_random_6,2.0889179643782456,fccf51db92499b1254e1ed375a7106c2b453566702ab91d80addbca55074a0e7,3,tucker_frozen,1,1
cells/tucker_frozen__dynamic_random_6__r4.npz,spatial_transformer,0.32280219780219777,dynamic_random_6,2.1761195244434255,73af0e2da628533c312cd3df230bba9231240919b6567f44fe764ba6508b77fd,4,tucker_frozen,1,1
cells/tucker_learned__full_22__r0.npz,spatial_transformer,0.7802197802197801,full_22,0.7285415564688291,f3cae72f71b0cc3523e3d3b725a2f4cf86e83c64727f0ab21a733648ba3d4c5c,0,tucker_learned,1,1
cells/tucker_learned__random_static_16__r0.npz,spatial_transformer,0.4601648351648352,random_static_16,1.3586488152717906,53697e88cf9f3cbe66fa0e2e06eb3f75c7d965b17151248e595d672410dfb37c,0,tucker_learned,1,1
cells/tucker_learned__random_static_16__r1.npz,spatial_transformer,0.4203296703296703,random_static_16,1.701952564667232,1a6d989e2dcd98ff33f0a1d27d703d5079036a8e098b57433e9b332211d0f5d1,1,tucker_learned,1,1
cells/tucker_learned__random_static_16__r2.npz,spatial_transformer,0.510989010989011,random_static_16,1.4767909464460667,7c146ed64f2cf18e9680c608f3eebdd0e2366fa245e437188b4df78ad4d5f73c,2,tucker_learned,1,1
cells/tucker_learned__random_static_16__r3.npz,spatial_transformer,0.4958791208791209,random_static_16,1.4986113752913315,762783a57769deae7c677775c70cbb1d01d54405e1e96ae95481a812dc2cb1cd,3,tucker_learned,1,1
cells/tucker_learned__random_static_16__r4.npz,spatial_transformer,0.5467032967032968,random_static_16,1.519839193422316,69244a47d4a2c280b704a91e3edda272ae659164c22b94434eb7f7d1541d1abe,4,tucker_learned,1,1
cells/tucker_learned__dynamic_random_16__r0.npz,spatial_transformer,0.532967032967033,dynamic_random_16,1.556210284372092,254dd3353f18093dd7282349d06f920524c1038eff20ff42628bc7a4554bc2e2,0,tucker_learned,1,1
cells/tucker_learned__dynamic_random_16__r1.npz,spatial_transformer,0.4958791208791209,dynamic_random_16,1.341281062420113,3662b52eb342a9310aebedf283b1c6eb8938ac6d2a74c8b3ae12a9634c1e1ecb,1,tucker_learned,1,1
cells/tucker_learned__dynamic_random_16__r2.npz,spatial_transformer,0.5151098901098901,dynamic_random_16,1.6553233001335563,d606810c48e76ce5cf5735f921599593c4e1bd5b6505469064c6b157c1abf9de,2,tucker_learned,1,1
cells/tucker_learned__dynamic_random_16__r3.npz,spatial_transformer,0.478021978021978,dynamic_random_16,1.5305970701533305,e0fd7b591c4ac496d076f168065dc14fde0264792e0a95f6369136689c1171f6,3,tucker_learned,1,1
cells/tucker_learned__dynamic_random_16__r4.npz,spatial_transformer,0.5137362637362638,dynamic_random_16,1.4343339960127222,d864f8b47ec712d45ae3ea63985bc6f4a4105b462720b583ebdfa58538169dc9,4,tucker_learned,1,1
cells/tucker_learned__random_static_6__r0.npz,spatial_transformer,0.39560439560439553,random_static_6,2.2077919269670403,9b3caea48228934c83f0fbd5ec95cdb9d58731cfbf38526aee621f3e7d2e3f4e,0,tucker_learned,1,1
cells/tucker_learned__random_static_6__r1.npz,spatial_transformer,0.37774725274725274,random_static_6,2.0688182602222263,56a25fc606167d743ec15d2a2f5ccf3c27e94da482f85ae040032d001a8edfbd,1,tucker_learned,1,1
cells/tucker_learned__random_static_6__r2.npz,spatial_transformer,0.3035714285714286,random_static_6,2.176507861922561,47b945033c379a6475ff9bd5cf80d71ae4b68748a2d62d87d412944957a0370e,2,tucker_learned,1,1
cells/tucker_learned__random_static_6__r3.npz,spatial_transformer,0.3447802197802198,random_static_6,2.0044208572200857,dde05ae824151a28838f917a2997806d5e1b1e58a031b3d2b2b18511e8b0044e,3,tucker_learned,1,1
cells/tucker_learned__random_static_6__r4.npz,spatial_transformer,0.27060439560439564,random_static_6,2.4588343745101158,e1833817184d5ad2bfab7850169a153a2369e2215ff7c0d733d3580cc1d3357d,4,tucker_learned,1,1
cells/tucker_learned__dynamic_random_6__r0.npz,spatial_transformer,0.37774725274725274,dynamic_random_6,2.4801420192564647,ba23178f31d25567c11398eeb6d203c1d05ef4221652ed725474d59695f83721,0,tucker_learned,1,1
cells/tucker_learned__dynamic_random_6__r1.npz,spatial_transformer,0.375,dynamic_random_6,1.8692426739272812,51eddcf9154d56aba5c804b9ec495a4fe337749128d7633dbe9e8ba31c29d0c1,1,tucker_learned,1,1
cells/tucker_learned__dynamic_random_6__r2.npz,spatial_transformer,0.37774725274725274,dynamic_random_6,2.142399000756629,04fb3af7d6e169794bf5751839ed54c2ec7931cb8be4cfd7b842a0aa75d60486,2,tucker_learned,1,1
cells/tucker_learned__dynamic_random_6__r3.npz,spatial_transformer,0.35989010989010983,dynamic_random_6,2.062328451426062,fccf51db92499b1254e1ed375a7106c2b453566702ab91d80addbca55074a0e7,3,tucker_learned,1,1
cells/tucker_learned__dynamic_random_6__r4.npz,spatial_transformer,0.32280219780219777,dynamic_random_6,2.2637531790576775,73af0e2da628533c312cd3df230bba9231240919b6567f44fe764ba6508b77fd,4,tucker_learned,1,1
cells/zero__full_22__r0.npz,spatial_transformer,0.875,full_22,0.5512492855247142,f3cae72f71b0cc3523e3d3b725a2f4cf86e83c64727f0ab21a733648ba3d4c5c,0,zero,1,2
cells/zero__random_static_16__r0.npz,spatial_transformer,0.46291208791208793,random_static_16,2.276905951402373,5ba93059c5d50ee61a361565a868dab0bfda77d7d018343e4143936a1849c343,0,zero,1,2
cells/zero__random_static_16__r1.npz,spatial_transformer,0.46291208791208793,random_static_16,2.4038271273347465,1458cabdf405414aa1a83efc5523e1e9222946661baec1b61d0d9f7e6a55af5f,1,zero,1,2
cells/zero__random_static_16__r2.npz,spatial_transformer,0.44368131868131866,random_static_16,2.39204463979594,ba578189d11bfd8229ebea5e02a54788468f9a712f5ce5daff4b9c116df1956e,2,zero,1,2
cells/zero__random_static_16__r3.npz,spatial_transformer,0.3901098901098901,random_static_16,2.3878500372828615,824eb591a42a5986e2f22ad01f8b0afbdc0ebed7c74fa2276e071f7e8b8d2744,3,zero,1,2
cells/zero__random_static_16__r4.npz,spatial_transformer,0.5164835164835164,random_static_16,2.1983795969642146,02ec3c9cf54e69c95c95c0c64827313bdcf461eeeed98ac5dbaca75cc04dec7f,4,zero,1,2
cells/zero__dynamic_random_16__r0.npz,spatial_transformer,0.42719780219780223,dynamic_random_16,2.321438933775881,4009aa1cac7e07d4e5952c45cfefd69b49a8f370c6f3b59685fe711236c2a6c5,0,zero,1,2
cells/zero__dynamic_random_16__r1.npz,spatial_transformer,0.4642857142857143,dynamic_random_16,2.3574919991841177,4fb65c4ef9bdce7a679a38d5d45511d8dbb9f4a70fa45d95c53f4fcc7ad6a361,1,zero,1,2
cells/zero__dynamic_random_16__r2.npz,spatial_transformer,0.44505494505494503,dynamic_random_16,2.606138640061872,54e8fe826929ca5b393f609e73b9ba008e8b0d500181821d7df97957a19075bb,2,zero,1,2
cells/zero__dynamic_random_16__r3.npz,spatial_transformer,0.4807692307692308,dynamic_random_16,2.526599149437632,36302356f683f2d6b797ca42c1a77b53db858037526a6c203f2b25357050b6cb,3,zero,1,2
cells/zero__dynamic_random_16__r4.npz,spatial_transformer,0.47939560439560436,dynamic_random_16,2.279771677771543,0fe6d68542f3ab4682be8fc9554670588188dfcf21705ce546c3db593589da45,4,zero,1,2
cells/zero__random_static_6__r0.npz,spatial_transformer,0.36675824175824173,random_static_6,2.7586354711242285,adf2abc2f3fe0e2de969d393872d739b5c3366e44fb1febe36388835b4d86df8,0,zero,1,2
cells/zero__random_static_6__r1.npz,spatial_transformer,0.2912087912087912,random_static_6,3.3182755099118055,649d59918e9d3374fd75f73169330161265815b3fb3ced8153c564f7038a8e6f,1,zero,1,2
cells/zero__random_static_6__r2.npz,spatial_transformer,0.39972527472527475,random_static_6,3.056472566138564,848424b1181bdc70446cb8ea234dbc614fc38f41d8369766f8b2512597d42dac,2,zero,1,2
cells/zero__random_static_6__r3.npz,spatial_transformer,0.29120879120879123,random_static_6,3.2780733784201836,0ba1b0593adaea4635af5714d9c9040ca1d38adbf783cc587b3fb76a4d899c62,3,zero,1,2
cells/zero__random_static_6__r4.npz,spatial_transformer,0.2554945054945055,random_static_6,3.3079973748876,0643abf1e80d065191b4b95db905bead466bb9cad043dbfe5bd8a40902bf67c3,4,zero,1,2
cells/zero__dynamic_random_6__r0.npz,spatial_transformer,0.5439560439560439,dynamic_random_6,1.943055545773575,5e0b0801dcb415ffbd2baa33d0244b6fb0115fb2ee95c9f837ef5c3ed7c2b650,0,zero,1,2
cells/zero__dynamic_random_6__r1.npz,spatial_transformer,0.4903846153846154,dynamic_random_6,2.404472441488784,443653351740c31cda5b5c6b1b516d94254c32004f0c0aef0add5c3327f61641,1,zero,1,2
cells/zero__dynamic_random_6__r2.npz,spatial_transformer,0.3076923076923077,dynamic_random_6,2.7354577748207434,f1aa1c2e25703c91eb11031abfcddcb935a5d091d76657d02ecab21539666ced,2,zero,1,2
cells/zero__dynamic_random_6__r3.npz,spatial_transformer,0.3269230769230769,dynamic_random_6,2.5618187561408874,c0a3962b01e9b5a09f2355c388311bab98e92d401c323fc9a538ba2dca26c947,3,zero,1,2
cells/zero__dynamic_random_6__r4.npz,spatial_transformer,0.3791208791208791,dynamic_random_6,2.215635072797265,88f69a27b5b6ff6626d216e14c2c2a02ddaf783756c5de92d362fb6c7c0081de,4,zero,1,2
cells/covariance_frozen__full_22__r0.npz,spatial_transformer,0.875,full_22,0.5512492855247142,f3cae72f71b0cc3523e3d3b725a2f4cf86e83c64727f0ab21a733648ba3d4c5c,0,covariance_frozen,1,2
cells/covariance_frozen__random_static_16__r0.npz,spatial_transformer,0.7472527472527473,random_static_16,0.7344011970268438,5ba93059c5d50ee61a361565a868dab0bfda77d7d018343e4143936a1849c343,0,covariance_frozen,1,2
cells/covariance_frozen__random_static_16__r1.npz,spatial_transformer,0.728021978021978,random_static_16,0.6680598785398286,1458cabdf405414aa1a83efc5523e1e9222946661baec1b61d0d9f7e6a55af5f,1,covariance_frozen,1,2
cells/covariance_frozen__random_static_16__r2.npz,spatial_transformer,0.7829670329670331,random_static_16,0.6793134009903201,ba578189d11bfd8229ebea5e02a54788468f9a712f5ce5daff4b9c116df1956e,2,covariance_frozen,1,2
cells/covariance_frozen__random_static_16__r3.npz,spatial_transformer,0.7472527472527473,random_static_16,0.6875008896001713,824eb591a42a5986e2f22ad01f8b0afbdc0ebed7c74fa2276e071f7e8b8d2744,3,covariance_frozen,1,2
cells/covariance_frozen__random_static_16__r4.npz,spatial_transformer,0.8392857142857143,random_static_16,0.5721980617176636,02ec3c9cf54e69c95c95c0c64827313bdcf461eeeed98ac5dbaca75cc04dec7f,4,covariance_frozen,1,2
cells/covariance_frozen__dynamic_random_16__r0.npz,spatial_transformer,0.7815934065934066,dynamic_random_16,0.6281909003901007,4009aa1cac7e07d4e5952c45cfefd69b49a8f370c6f3b59685fe711236c2a6c5,0,covariance_frozen,1,2
cells/covariance_frozen__dynamic_random_16__r1.npz,spatial_transformer,0.820054945054945,dynamic_random_16,0.6160921582272757,4fb65c4ef9bdce7a679a38d5d45511d8dbb9f4a70fa45d95c53f4fcc7ad6a361,1,covariance_frozen,1,2
cells/covariance_frozen__dynamic_random_16__r2.npz,spatial_transformer,0.7829670329670331,dynamic_random_16,0.6632002912992336,54e8fe826929ca5b393f609e73b9ba008e8b0d500181821d7df97957a19075bb,2,covariance_frozen,1,2
cells/covariance_frozen__dynamic_random_16__r3.npz,spatial_transformer,0.8008241758241759,dynamic_random_16,0.6089677278018731,36302356f683f2d6b797ca42c1a77b53db858037526a6c203f2b25357050b6cb,3,covariance_frozen,1,2
cells/covariance_frozen__dynamic_random_16__r4.npz,spatial_transformer,0.8021978021978022,dynamic_random_16,0.6089591685636191,0fe6d68542f3ab4682be8fc9554670588188dfcf21705ce546c3db593589da45,4,covariance_frozen,1,2
cells/covariance_frozen__random_static_6__r0.npz,spatial_transformer,0.37499999999999994,random_static_6,1.9704458273639418,adf2abc2f3fe0e2de969d393872d739b5c3366e44fb1febe36388835b4d86df8,0,covariance_frozen,1,2
cells/covariance_frozen__random_static_6__r1.npz,spatial_transformer,0.43131868131868123,random_static_6,2.176316881593375,649d59918e9d3374fd75f73169330161265815b3fb3ced8153c564f7038a8e6f,1,covariance_frozen,1,2
cells/covariance_frozen__random_static_6__r2.npz,spatial_transformer,0.41071428571428564,random_static_6,2.4363669339008798,848424b1181bdc70446cb8ea234dbc614fc38f41d8369766f8b2512597d42dac,2,covariance_frozen,1,2
cells/covariance_frozen__random_static_6__r3.npz,spatial_transformer,0.41208791208791207,random_static_6,2.2663340409158694,0ba1b0593adaea4635af5714d9c9040ca1d38adbf783cc587b3fb76a4d899c62,3,covariance_frozen,1,2
cells/covariance_frozen__random_static_6__r4.npz,spatial_transformer,0.39285714285714285,random_static_6,2.197559613221214,0643abf1e80d065191b4b95db905bead466bb9cad043dbfe5bd8a40902bf67c3,4,covariance_frozen,1,2
cells/covariance_frozen__dynamic_random_6__r0.npz,spatial_transformer,0.44780219780219777,dynamic_random_6,2.161163069567711,5e0b0801dcb415ffbd2baa33d0244b6fb0115fb2ee95c9f837ef5c3ed7c2b650,0,covariance_frozen,1,2
cells/covariance_frozen__dynamic_random_6__r1.npz,spatial_transformer,0.4107142857142857,dynamic_random_6,2.1243202015422997,443653351740c31cda5b5c6b1b516d94254c32004f0c0aef0add5c3327f61641,1,covariance_frozen,1,2
cells/covariance_frozen__dynamic_random_6__r2.npz,spatial_transformer,0.4285714285714286,dynamic_random_6,2.2008958339048292,f1aa1c2e25703c91eb11031abfcddcb935a5d091d76657d02ecab21539666ced,2,covariance_frozen,1,2
cells/covariance_frozen__dynamic_random_6__r3.npz,spatial_transformer,0.3214285714285714,dynamic_random_6,2.3489471764527163,c0a3962b01e9b5a09f2355c388311bab98e92d401c323fc9a538ba2dca26c947,3,covariance_frozen,1,2
cells/covariance_frozen__dynamic_random_6__r4.npz,spatial_transformer,0.44642857142857145,dynamic_random_6,2.1223131003011604,88f69a27b5b6ff6626d216e14c2c2a02ddaf783756c5de92d362fb6c7c0081de,4,covariance_frozen,1,2
cells/covariance_learned__full_22__r0.npz,spatial_transformer,0.875,full_22,0.5512492855247142,f3cae72f71b0cc3523e3d3b725a2f4cf86e83c64727f0ab21a733648ba3d4c5c,0,covariance_learned,1,2
cells/covariance_learned__random_static_16__r0.npz,spatial_transformer,0.8035714285714286,random_static_16,0.5995848923729417,5ba93059c5d50ee61a361565a868dab0bfda77d7d018343e4143936a1849c343,0,covariance_learned,1,2
cells/covariance_learned__random_static_16__r1.npz,spatial_transformer,0.75,random_static_16,0.5583832627836585,1458cabdf405414aa1a83efc5523e1e9222946661baec1b61d0d9f7e6a55af5f,1,covariance_learned,1,2
cells/covariance_learned__random_static_16__r2.npz,spatial_transformer,0.7678571428571428,random_static_16,0.6709372638459752,ba578189d11bfd8229ebea5e02a54788468f9a712f5ce5daff4b9c116df1956e,2,covariance_learned,1,2
cells/covariance_learned__random_static_16__r3.npz,spatial_transformer,0.8035714285714286,random_static_16,0.597257519837761,824eb591a42a5986e2f22ad01f8b0afbdc0ebed7c74fa2276e071f7e8b8d2744,3,covariance_learned,1,2
cells/covariance_learned__random_static_16__r4.npz,spatial_transformer,0.8214285714285714,random_static_16,0.4602118761416915,02ec3c9cf54e69c95c95c0c64827313bdcf461eeeed98ac5dbaca75cc04dec7f,4,covariance_learned,1,2
cells/covariance_learned__dynamic_random_16__r0.npz,spatial_transformer,0.7857142857142858,dynamic_random_16,0.5922473165440789,4009aa1cac7e07d4e5952c45cfefd69b49a8f370c6f3b59685fe711236c2a6c5,0,covariance_learned,1,2
cells/covariance_learned__dynamic_random_16__r1.npz,spatial_transformer,0.7857142857142857,dynamic_random_16,0.5968949202811819,4fb65c4ef9bdce7a679a38d5d45511d8dbb9f4a70fa45d95c53f4fcc7ad6a361,1,covariance_learned,1,2
cells/covariance_learned__dynamic_random_16__r2.npz,spatial_transformer,0.8021978021978022,dynamic_random_16,0.6020247248347451,54e8fe826929ca5b393f609e73b9ba008e8b0d500181821d7df97957a19075bb,2,covariance_learned,1,2
cells/covariance_learned__dynamic_random_16__r3.npz,spatial_transformer,0.8214285714285714,dynamic_random_16,0.5595751280866068,36302356f683f2d6b797ca42c1a77b53db858037526a6c203f2b25357050b6cb,3,covariance_learned,1,2
cells/covariance_learned__dynamic_random_16__r4.npz,spatial_transformer,0.8214285714285714,dynamic_random_16,0.5382480645180675,0fe6d68542f3ab4682be8fc9554670588188dfcf21705ce546c3db593589da45,4,covariance_learned,1,2
cells/covariance_learned__random_static_6__r0.npz,spatial_transformer,0.6565934065934066,random_static_6,0.9962272492967891,adf2abc2f3fe0e2de969d393872d739b5c3366e44fb1febe36388835b4d86df8,0,covariance_learned,1,2
cells/covariance_learned__random_static_6__r1.npz,spatial_transformer,0.6401098901098902,random_static_6,1.0289954056748225,649d59918e9d3374fd75f73169330161265815b3fb3ced8153c564f7038a8e6f,1,covariance_learned,1,2
cells/covariance_learned__random_static_6__r2.npz,spatial_transformer,0.6222527472527473,random_static_6,1.3982690911116384,848424b1181bdc70446cb8ea234dbc614fc38f41d8369766f8b2512597d42dac,2,covariance_learned,1,2
cells/covariance_learned__random_static_6__r3.npz,spatial_transformer,0.635989010989011,random_static_6,0.9885690906293128,0ba1b0593adaea4635af5714d9c9040ca1d38adbf783cc587b3fb76a4d899c62,3,covariance_learned,1,2
cells/covariance_learned__random_static_6__r4.npz,spatial_transformer,0.6964285714285714,random_static_6,0.8701549848098632,0643abf1e80d065191b4b95db905bead466bb9cad043dbfe5bd8a40902bf67c3,4,covariance_learned,1,2
cells/covariance_learned__dynamic_random_6__r0.npz,spatial_transformer,0.657967032967033,dynamic_random_6,0.9776620216624817,5e0b0801dcb415ffbd2baa33d0244b6fb0115fb2ee95c9f837ef5c3ed7c2b650,0,covariance_learned,1,2
cells/covariance_learned__dynamic_random_6__r1.npz,spatial_transformer,0.635989010989011,dynamic_random_6,1.1557998410709747,443653351740c31cda5b5c6b1b516d94254c32004f0c0aef0add5c3327f61641,1,covariance_learned,1,2
cells/covariance_learned__dynamic_random_6__r2.npz,spatial_transformer,0.7115384615384616,dynamic_random_6,0.9493763198397069,f1aa1c2e25703c91eb11031abfcddcb935a5d091d76657d02ecab21539666ced,2,covariance_learned,1,2
cells/covariance_learned__dynamic_random_6__r3.npz,spatial_transformer,0.7101648351648351,dynamic_random_6,0.8268789971256758,c0a3962b01e9b5a09f2355c388311bab98e92d401c323fc9a538ba2dca26c947,3,covariance_learned,1,2
cells/covariance_learned__dynamic_random_6__r4.npz,spatial_transformer,0.6717032967032966,dynamic_random_6,0.983478929283905,88f69a27b5b6ff6626d216e14c2c2a02ddaf783756c5de92d362fb6c7c0081de,4,covariance_learned,1,2
cells/tucker_frozen__full_22__r0.npz,spatial_transformer,0.875,full_22,0.5512492855247142,f3cae72f71b0cc3523e3d3b725a2f4cf86e83c64727f0ab21a733648ba3d4c5c,0,tucker_frozen,1,2
cells/tucker_frozen__random_static_16__r0.npz,spatial_transformer,0.49862637362637363,random_static_16,1.9917245046998038,5ba93059c5d50ee61a361565a868dab0bfda77d7d018343e4143936a1849c343,0,tucker_frozen,1,2
cells/tucker_frozen__random_static_16__r1.npz,spatial_transformer,0.4244505494505495,random_static_16,2.0904126412395363,1458cabdf405414aa1a83efc5523e1e9222946661baec1b61d0d9f7e6a55af5f,1,tucker_frozen,1,2
cells/tucker_frozen__random_static_16__r2.npz,spatial_transformer,0.46153846153846156,random_static_16,2.1139641678833003,ba578189d11bfd8229ebea5e02a54788468f9a712f5ce5daff4b9c116df1956e,2,tucker_frozen,1,2
cells/tucker_frozen__random_static_16__r3.npz,spatial_transformer,0.4601648351648352,random_static_16,2.031616114839106,824eb591a42a5986e2f22ad01f8b0afbdc0ebed7c74fa2276e071f7e8b8d2744,3,tucker_frozen,1,2
cells/tucker_frozen__random_static_16__r4.npz,spatial_transformer,0.49725274725274726,random_static_16,2.024135503258502,02ec3c9cf54e69c95c95c0c64827313bdcf461eeeed98ac5dbaca75cc04dec7f,4,tucker_frozen,1,2
cells/tucker_frozen__dynamic_random_16__r0.npz,spatial_transformer,0.5151098901098902,dynamic_random_16,1.9313254155984243,4009aa1cac7e07d4e5952c45cfefd69b49a8f370c6f3b59685fe711236c2a6c5,0,tucker_frozen,1,2
cells/tucker_frozen__dynamic_random_16__r1.npz,spatial_transformer,0.5521978021978022,dynamic_random_16,2.000207928960718,4fb65c4ef9bdce7a679a38d5d45511d8dbb9f4a70fa45d95c53f4fcc7ad6a361,1,tucker_frozen,1,2
cells/tucker_frozen__dynamic_random_16__r2.npz,spatial_transformer,0.47939560439560436,dynamic_random_16,2.321578219003495,54e8fe826929ca5b393f609e73b9ba008e8b0d500181821d7df97957a19075bb,2,tucker_frozen,1,2
cells/tucker_frozen__dynamic_random_16__r3.npz,spatial_transformer,0.4601648351648352,dynamic_random_16,2.190745398797698,36302356f683f2d6b797ca42c1a77b53db858037526a6c203f2b25357050b6cb,3,tucker_frozen,1,2
cells/tucker_frozen__dynamic_random_16__r4.npz,spatial_transformer,0.49725274725274726,dynamic_random_16,2.0004728951877815,0fe6d68542f3ab4682be8fc9554670588188dfcf21705ce546c3db593589da45,4,tucker_frozen,1,2
cells/tucker_frozen__random_static_6__r0.npz,spatial_transformer,0.36126373626373626,random_static_6,2.6577985854266934,adf2abc2f3fe0e2de969d393872d739b5c3366e44fb1febe36388835b4d86df8,0,tucker_frozen,1,2
cells/tucker_frozen__random_static_6__r1.npz,spatial_transformer,0.25274725274725274,random_static_6,3.250485936304414,649d59918e9d3374fd75f73169330161265815b3fb3ced8153c564f7038a8e6f,1,tucker_frozen,1,2
cells/tucker_frozen__random_static_6__r2.npz,spatial_transformer,0.3804945054945055,random_static_6,3.092720818296686,848424b1181bdc70446cb8ea234dbc614fc38f41d8369766f8b2512597d42dac,2,tucker_frozen,1,2
cells/tucker_frozen__random_static_6__r3.npz,spatial_transformer,0.2898351648351648,random_static_6,3.421089624715583,0ba1b0593adaea4635af5714d9c9040ca1d38adbf783cc587b3fb76a4d899c62,3,tucker_frozen,1,2
cells/tucker_frozen__random_static_6__r4.npz,spatial_transformer,0.27197802197802196,random_static_6,3.164961018470077,0643abf1e80d065191b4b95db905bead466bb9cad043dbfe5bd8a40902bf67c3,4,tucker_frozen,1,2
cells/tucker_frozen__dynamic_random_6__r0.npz,spatial_transformer,0.45329670329670324,dynamic_random_6,1.9382115141166338,5e0b0801dcb415ffbd2baa33d0244b6fb0115fb2ee95c9f837ef5c3ed7c2b650,0,tucker_frozen,1,2
cells/tucker_frozen__dynamic_random_6__r1.npz,spatial_transformer,0.41346153846153844,dynamic_random_6,2.3530135479624876,443653351740c31cda5b5c6b1b516d94254c32004f0c0aef0add5c3327f61641,1,tucker_frozen,1,2
cells/tucker_frozen__dynamic_random_6__r2.npz,spatial_transformer,0.37774725274725274,dynamic_random_6,2.723335243128663,f1aa1c2e25703c91eb11031abfcddcb935a5d091d76657d02ecab21539666ced,2,tucker_frozen,1,2
cells/tucker_frozen__dynamic_random_6__r3.npz,spatial_transformer,0.32554945054945056,dynamic_random_6,2.6456121135495176,c0a3962b01e9b5a09f2355c388311bab98e92d401c323fc9a538ba2dca26c947,3,tucker_frozen,1,2
cells/tucker_frozen__dynamic_random_6__r4.npz,spatial_transformer,0.3585164835164835,dynamic_random_6,2.3338928729878257,88f69a27b5b6ff6626d216e14c2c2a02ddaf783756c5de92d362fb6c7c0081de,4,tucker_frozen,1,2
cells/tucker_learned__full_22__r0.npz,spatial_transformer,0.875,full_22,0.5512492855247142,f3cae72f71b0cc3523e3d3b725a2f4cf86e83c64727f0ab21a733648ba3d4c5c,0,tucker_learned,1,2
cells/tucker_learned__random_static_16__r0.npz,spatial_transformer,0.5164835164835164,random_static_16,1.9864144107006616,5ba93059c5d50ee61a361565a868dab0bfda77d7d018343e4143936a1849c343,0,tucker_learned,1,2
cells/tucker_learned__random_static_16__r1.npz,spatial_transformer,0.4423076923076923,random_static_16,2.089803801796137,1458cabdf405414aa1a83efc5523e1e9222946661baec1b61d0d9f7e6a55af5f,1,tucker_learned,1,2
cells/tucker_learned__random_static_16__r2.npz,spatial_transformer,0.46153846153846156,random_static_16,2.0997581441871227,ba578189d11bfd8229ebea5e02a54788468f9a712f5ce5daff4b9c116df1956e,2,tucker_learned,1,2
cells/tucker_learned__random_static_16__r3.npz,spatial_transformer,0.478021978021978,random_static_16,2.0108193276808235,824eb591a42a5986e2f22ad01f8b0afbdc0ebed7c74fa2276e071f7e8b8d2744,3,tucker_learned,1,2
cells/tucker_learned__random_static_16__r4.npz,spatial_transformer,0.49725274725274726,random_static_16,2.007998219058178,02ec3c9cf54e69c95c95c0c64827313bdcf461eeeed98ac5dbaca75cc04dec7f,4,tucker_learned,1,2
cells/tucker_learned__dynamic_random_16__r0.npz,spatial_transformer,0.5151098901098902,dynamic_random_16,1.9330843392506234,4009aa1cac7e07d4e5952c45cfefd69b49a8f370c6f3b59685fe711236c2a6c5,0,tucker_learned,1,2
cells/tucker_learned__dynamic_random_16__r1.npz,spatial_transformer,0.5521978021978022,dynamic_random_16,1.9964596298477018,4fb65c4ef9bdce7a679a38d5d45511d8dbb9f4a70fa45d95c53f4fcc7ad6a361,1,tucker_learned,1,2
cells/tucker_learned__dynamic_random_16__r2.npz,spatial_transformer,0.47939560439560436,dynamic_random_16,2.319388452108962,54e8fe826929ca5b393f609e73b9ba008e8b0d500181821d7df97957a19075bb,2,tucker_learned,1,2
cells/tucker_learned__dynamic_random_16__r3.npz,spatial_transformer,0.478021978021978,dynamic_random_16,2.198800887871439,36302356f683f2d6b797ca42c1a77b53db858037526a6c203f2b25357050b6cb,3,tucker_learned,1,2
cells/tucker_learned__dynamic_random_16__r4.npz,spatial_transformer,0.49725274725274726,dynamic_random_16,1.9943064408873805,0fe6d68542f3ab4682be8fc9554670588188dfcf21705ce546c3db593589da45,4,tucker_learned,1,2
cells/tucker_learned__random_static_6__r0.npz,spatial_transformer,0.36126373626373626,random_static_6,2.6504075927100677,adf2abc2f3fe0e2de969d393872d739b5c3366e44fb1febe36388835b4d86df8,0,tucker_learned,1,2
cells/tucker_learned__random_static_6__r1.npz,spatial_transformer,0.2706043956043956,random_static_6,3.2420195861852243,649d59918e9d3374fd75f73169330161265815b3fb3ced8153c564f7038a8e6f,1,tucker_learned,1,2
cells/tucker_learned__random_static_6__r2.npz,spatial_transformer,0.3804945054945055,random_static_6,3.097480688163351,848424b1181bdc70446cb8ea234dbc614fc38f41d8369766f8b2512597d42dac,2,tucker_learned,1,2
cells/tucker_learned__random_static_6__r3.npz,spatial_transformer,0.2898351648351648,random_static_6,3.418204155013709,0ba1b0593adaea4635af5714d9c9040ca1d38adbf783cc587b3fb76a4d899c62,3,tucker_learned,1,2
cells/tucker_learned__random_static_6__r4.npz,spatial_transformer,0.27197802197802196,random_static_6,3.149424398861178,0643abf1e80d065191b4b95db905bead466bb9cad043dbfe5bd8a40902bf67c3,4,tucker_learned,1,2
cells/tucker_learned__dynamic_random_6__r0.npz,spatial_transformer,0.45329670329670324,dynamic_random_6,1.9280442213643945,5e0b0801dcb415ffbd2baa33d0244b6fb0115fb2ee95c9f837ef5c3ed7c2b650,0,tucker_learned,1,2
cells/tucker_learned__dynamic_random_6__r1.npz,spatial_transformer,0.41346153846153844,dynamic_random_6,2.36296988334127,443653351740c31cda5b5c6b1b516d94254c32004f0c0aef0add5c3327f61641,1,tucker_learned,1,2
cells/tucker_learned__dynamic_random_6__r2.npz,spatial_transformer,0.35989010989010983,dynamic_random_6,2.7278444451643797,f1aa1c2e25703c91eb11031abfcddcb935a5d091d76657d02ecab21539666ced,2,tucker_learned,1,2
cells/tucker_learned__dynamic_random_6__r3.npz,spatial_transformer,0.30631868131868134,dynamic_random_6,2.6478985452613797,c0a3962b01e9b5a09f2355c388311bab98e92d401c323fc9a538ba2dca26c947,3,tucker_learned,1,2
cells/tucker_learned__dynamic_random_6__r4.npz,spatial_transformer,0.3585164835164835,dynamic_random_6,2.3436567389501213,88f69a27b5b6ff6626d216e14c2c2a02ddaf783756c5de92d362fb6c7c0081de,4,tucker_learned,1,2
cells/zero__full_22__r0.npz,spatial_transformer,0.5989010989010989,full_22,1.1180254236405578,44bf5da7590b54f378830a575dc9c7eaeade825fac2da2576b6c37e2a82af11f,0,zero,2,0
cells/zero__random_static_16__r0.npz,spatial_transformer,0.2857142857142857,random_static_16,3.0689082427907275,6d500cb9e5ffd4ca2498436bb5c4f1ac71c5073abb3b46817b4cdfc4e0895d50,0,zero,2,0
cells/zero__random_static_16__r1.npz,spatial_transformer,0.2815934065934066,random_static_16,2.8377755749512863,873dd2ecae209a18507ce10f27a749bedb2e4335448b7be91f7e7c75d007f54e,1,zero,2,0
cells/zero__random_static_16__r2.npz,spatial_transformer,0.3200549450549451,random_static_16,3.068935690295151,ea8ade1605884bb47aa42251500b128f7c4986338c06702da7c899f0487e57fc,2,zero,2,0
cells/zero__random_static_16__r3.npz,spatial_transformer,0.28434065934065933,random_static_16,3.13405324522713,38dbc516bf169589c3286514b43fb6b13e2c1e03033b7974a7801f7d83fab768,3,zero,2,0
cells/zero__random_static_16__r4.npz,spatial_transformer,0.28296703296703296,random_static_16,2.9830098022000042,a8856a4dc2dde319bbb6bd755774ff11e2b2799f64fff2fd89d430f24c0330bc,4,zero,2,0
cells/zero__dynamic_random_16__r0.npz,spatial_transformer,0.2664835164835165,dynamic_random_16,3.237021809597479,e96a2b9f6053eb887e7c44f875d66d9e9a448691fbb2d02a9af89549ed591565,0,zero,2,0
cells/zero__dynamic_random_16__r1.npz,spatial_transformer,0.30357142857142855,dynamic_random_16,2.995851470631657,cecc6a640f9e9cc724b7344c8eae8eeb6e1d732f256c4230685af18a7dc5121b,1,zero,2,0
cells/zero__dynamic_random_16__r2.npz,spatial_transformer,0.3392857142857143,dynamic_random_16,2.858478137181325,d8c088d06554cd13f5effc75250faa2176552abd933702819211ab5637bc2e01,2,zero,2,0
cells/zero__dynamic_random_16__r3.npz,spatial_transformer,0.26785714285714285,dynamic_random_16,3.196234247932714,be1f56a20d3459eb1c468a746e8552d2e288ea238f1cbe91e81d5bed0c1f51cb,3,zero,2,0
cells/zero__dynamic_random_16__r4.npz,spatial_transformer,0.26785714285714285,dynamic_random_16,3.237691423046681,ea1996068835a2bdfd8db3346a1a69b542b695c97336ddbafbb4792cef66db91,4,zero,2,0
cells/zero__random_static_6__r0.npz,spatial_transformer,0.26373626373626374,random_static_6,3.0750407741629804,1ad981f9e7a338cbe08083d00510c809a749c112ebd81cdbce8457e2fad9c11b,0,zero,2,0
cells/zero__random_static_6__r1.npz,spatial_transformer,0.2967032967032967,random_static_6,3.2511579413131586,be7aafa8ea02e68fc8a75b3d9d27f7192168874f406cda79d960551e1c0c70c1,1,zero,2,0
cells/zero__random_static_6__r2.npz,spatial_transformer,0.2967032967032967,random_static_6,2.817968368546637,7080538af17a0a8ada0a31b63b74751c485086f6597f914581aa53c3ddea2a7e,2,zero,2,0
cells/zero__random_static_6__r3.npz,spatial_transformer,0.20467032967032966,random_static_6,3.291575981738772,d6248979a0beb3bc0f7e690a8b382d37a64453027a5f08c9df1efd7fb30f5e33,3,zero,2,0
cells/zero__random_static_6__r4.npz,spatial_transformer,0.28434065934065933,random_static_6,2.9313055279332225,20e590bed52771aa44373126b989ce51a0409ee651c29f4520787e110020b868,4,zero,2,0
cells/zero__dynamic_random_6__r0.npz,spatial_transformer,0.22664835164835165,dynamic_random_6,3.4242905343313192,c6c247239ef3e683c2a0ea1cd2290de43f47e92b8c14f03362bfd5f6a4773449,0,zero,2,0
cells/zero__dynamic_random_6__r1.npz,spatial_transformer,0.2458791208791209,dynamic_random_6,2.8965036436532094,8fff58dd1a1f40835019fe8b1fe285a9d9a8ea10d62fa832a73ffc4506f4f0f7,1,zero,2,0
cells/zero__dynamic_random_6__r2.npz,spatial_transformer,0.3021978021978022,dynamic_random_6,2.49344561498148,a7434d88d84c869ec9688841d2510f403cad8cb8f023ac3d353e70c23d776b84,2,zero,2,0
cells/zero__dynamic_random_6__r3.npz,spatial_transformer,0.30219780219780223,dynamic_random_6,2.7715625948921594,124ab95875d81d97e3e7a97746978927c0715ea169c7da8242e781e05e5b6f09,3,zero,2,0
cells/zero__dynamic_random_6__r4.npz,spatial_transformer,0.2651098901098901,dynamic_random_6,2.994749358835184,8512c018c71a774b7b06d3c6b514479f5daff8a0649e908f74933ce96a0fc8f6,4,zero,2,0
cells/covariance_frozen__full_22__r0.npz,spatial_transformer,0.5989010989010989,full_22,1.1180254236405578,44bf5da7590b54f378830a575dc9c7eaeade825fac2da2576b6c37e2a82af11f,0,covariance_frozen,2,0
cells/covariance_frozen__random_static_16__r0.npz,spatial_transformer,0.5247252747252747,random_static_16,1.2160120123047156,6d500cb9e5ffd4ca2498436bb5c4f1ac71c5073abb3b46817b4cdfc4e0895d50,0,covariance_frozen,2,0
cells/covariance_frozen__random_static_16__r1.npz,spatial_transformer,0.5233516483516484,random_static_16,1.2587659066144836,873dd2ecae209a18507ce10f27a749bedb2e4335448b7be91f7e7c75d007f54e,1,covariance_frozen,2,0
cells/covariance_frozen__random_static_16__r2.npz,spatial_transformer,0.5041208791208791,random_static_16,1.2218313914356367,ea8ade1605884bb47aa42251500b128f7c4986338c06702da7c899f0487e57fc,2,covariance_frozen,2,0
cells/covariance_frozen__random_static_16__r3.npz,spatial_transformer,0.543956043956044,random_static_16,1.1123445426243037,38dbc516bf169589c3286514b43fb6b13e2c1e03033b7974a7801f7d83fab768,3,covariance_frozen,2,0
cells/covariance_frozen__random_static_16__r4.npz,spatial_transformer,0.4697802197802198,random_static_16,1.2129602809184439,a8856a4dc2dde319bbb6bd755774ff11e2b2799f64fff2fd89d430f24c0330bc,4,covariance_frozen,2,0
cells/covariance_frozen__dynamic_random_16__r0.npz,spatial_transformer,0.543956043956044,dynamic_random_16,1.05458142271811,e96a2b9f6053eb887e7c44f875d66d9e9a448691fbb2d02a9af89549ed591565,0,covariance_frozen,2,0
cells/covariance_frozen__dynamic_random_16__r1.npz,spatial_transformer,0.5810439560439561,dynamic_random_16,1.177122836135,cecc6a640f9e9cc724b7344c8eae8eeb6e1d732f256c4230685af18a7dc5121b,1,covariance_frozen,2,0
cells/covariance_frozen__dynamic_random_16__r2.npz,spatial_transformer,0.4876373626373626,dynamic_random_16,1.1892962875764157,d8c088d06554cd13f5effc75250faa2176552abd933702819211ab5637bc2e01,2,covariance_frozen,2,0
cells/covariance_frozen__dynamic_random_16__r3.npz,spatial_transformer,0.5027472527472527,dynamic_random_16,1.174317327608166,be1f56a20d3459eb1c468a746e8552d2e288ea238f1cbe91e81d5bed0c1f51cb,3,covariance_frozen,2,0
cells/covariance_frozen__dynamic_random_16__r4.npz,spatial_transformer,0.5233516483516484,dynamic_random_16,1.111722265985791,ea1996068835a2bdfd8db3346a1a69b542b695c97336ddbafbb4792cef66db91,4,covariance_frozen,2,0
cells/covariance_frozen__random_static_6__r0.npz,spatial_transformer,0.39560439560439564,random_static_6,1.8780868978548588,1ad981f9e7a338cbe08083d00510c809a749c112ebd81cdbce8457e2fad9c11b,0,covariance_frozen,2,0
cells/covariance_frozen__random_static_6__r1.npz,spatial_transformer,0.35714285714285715,random_static_6,1.8776473473235413,be7aafa8ea02e68fc8a75b3d9d27f7192168874f406cda79d960551e1c0c70c1,1,covariance_frozen,2,0
cells/covariance_frozen__random_static_6__r2.npz,spatial_transformer,0.33653846153846156,random_static_6,2.1188956032440798,7080538af17a0a8ada0a31b63b74751c485086f6597f914581aa53c3ddea2a7e,2,covariance_frozen,2,0
cells/covariance_frozen__random_static_6__r3.npz,spatial_transformer,0.33791208791208793,random_static_6,2.2961875528234788,d6248979a0beb3bc0f7e690a8b382d37a64453027a5f08c9df1efd7fb30f5e33,3,covariance_frozen,2,0
cells/covariance_frozen__random_static_6__r4.npz,spatial_transformer,0.37774725274725274,random_static_6,1.9628657706092343,20e590bed52771aa44373126b989ce51a0409ee651c29f4520787e110020b868,4,covariance_frozen,2,0
cells/covariance_frozen__dynamic_random_6__r0.npz,spatial_transformer,0.33791208791208793,dynamic_random_6,1.8529870637784975,c6c247239ef3e683c2a0ea1cd2290de43f47e92b8c14f03362bfd5f6a4773449,0,covariance_frozen,2,0
cells/covariance_frozen__dynamic_random_6__r1.npz,spatial_transformer,0.4519230769230769,dynamic_random_6,1.6131457652389503,8fff58dd1a1f40835019fe8b1fe285a9d9a8ea10d62fa832a73ffc4506f4f0f7,1,covariance_frozen,2,0
cells/covariance_frozen__dynamic_random_6__r2.npz,spatial_transformer,0.33928571428571425,dynamic_random_6,2.0529784440667393,a7434d88d84c869ec9688841d2510f403cad8cb8f023ac3d353e70c23d776b84,2,covariance_frozen,2,0
cells/covariance_frozen__dynamic_random_6__r3.npz,spatial_transformer,0.35714285714285715,dynamic_random_6,1.7428172723797704,124ab95875d81d97e3e7a97746978927c0715ea169c7da8242e781e05e5b6f09,3,covariance_frozen,2,0
cells/covariance_frozen__dynamic_random_6__r4.npz,spatial_transformer,0.3392857142857143,dynamic_random_6,1.9477458666791505,8512c018c71a774b7b06d3c6b514479f5daff8a0649e908f74933ce96a0fc8f6,4,covariance_frozen,2,0
cells/covariance_learned__full_22__r0.npz,spatial_transformer,0.5989010989010989,full_22,1.1180254236405578,44bf5da7590b54f378830a575dc9c7eaeade825fac2da2576b6c37e2a82af11f,0,covariance_learned,2,0
cells/covariance_learned__random_static_16__r0.npz,spatial_transformer,0.5425824175824177,random_static_16,1.1683472593243056,6d500cb9e5ffd4ca2498436bb5c4f1ac71c5073abb3b46817b4cdfc4e0895d50,0,covariance_learned,2,0
cells/covariance_learned__random_static_16__r1.npz,spatial_transformer,0.5233516483516483,random_static_16,1.1845455401855103,873dd2ecae209a18507ce10f27a749bedb2e4335448b7be91f7e7c75d007f54e,1,covariance_learned,2,0
cells/covariance_learned__random_static_16__r2.npz,spatial_transformer,0.5618131868131868,random_static_16,1.16562931846115,ea8ade1605884bb47aa42251500b128f7c4986338c06702da7c899f0487e57fc,2,covariance_learned,2,0
cells/covariance_learned__random_static_16__r3.npz,spatial_transformer,0.543956043956044,random_static_16,1.0875834362496197,38dbc516bf169589c3286514b43fb6b13e2c1e03033b7974a7801f7d83fab768,3,covariance_learned,2,0
cells/covariance_learned__random_static_16__r4.npz,spatial_transformer,0.5439560439560439,random_static_16,1.0883363424535977,a8856a4dc2dde319bbb6bd755774ff11e2b2799f64fff2fd89d430f24c0330bc,4,covariance_learned,2,0
cells/covariance_learned__dynamic_random_16__r0.npz,spatial_transformer,0.6181318681318682,dynamic_random_16,1.0629116242474956,e96a2b9f6053eb887e7c44f875d66d9e9a448691fbb2d02a9af89549ed591565,0,covariance_learned,2,0
cells/covariance_learned__dynamic_random_16__r1.npz,spatial_transformer,0.6181318681318682,dynamic_random_16,1.091414672697861,cecc6a640f9e9cc724b7344c8eae8eeb6e1d732f256c4230685af18a7dc5121b,1,covariance_learned,2,0
cells/covariance_learned__dynamic_random_16__r2.npz,spatial_transformer,0.5054945054945055,dynamic_random_16,1.1732874156059585,d8c088d06554cd13f5effc75250faa2176552abd933702819211ab5637bc2e01,2,covariance_learned,2,0
cells/covariance_learned__dynamic_random_16__r3.npz,spatial_transformer,0.5233516483516484,dynamic_random_16,1.1875148713296952,be1f56a20d3459eb1c468a746e8552d2e288ea238f1cbe91e81d5bed0c1f51cb,3,covariance_learned,2,0
cells/covariance_learned__dynamic_random_16__r4.npz,spatial_transformer,0.5233516483516484,dynamic_random_16,1.1440590376809703,ea1996068835a2bdfd8db3346a1a69b542b695c97336ddbafbb4792cef66db91,4,covariance_learned,2,0
cells/covariance_learned__random_static_6__r0.npz,spatial_transformer,0.375,random_static_6,1.5687216215830178,1ad981f9e7a338cbe08083d00510c809a749c112ebd81cdbce8457e2fad9c11b,0,covariance_learned,2,0
cells/covariance_learned__random_static_6__r1.npz,spatial_transformer,0.5260989010989011,random_static_6,1.2115354517612695,be7aafa8ea02e68fc8a75b3d9d27f7192168874f406cda79d960551e1c0c70c1,1,covariance_learned,2,0
cells/covariance_learned__random_static_6__r2.npz,spatial_transformer,0.521978021978022,random_static_6,1.3770807355753805,7080538af17a0a8ada0a31b63b74751c485086f6597f914581aa53c3ddea2a7e,2,covariance_learned,2,0
cells/covariance_learned__random_static_6__r3.npz,spatial_transformer,0.4326923076923077,random_static_6,1.5247613383119476,d6248979a0beb3bc0f7e690a8b382d37a64453027a5f08c9df1efd7fb30f5e33,3,covariance_learned,2,0
cells/covariance_learned__random_static_6__r4.npz,spatial_transformer,0.39697802197802196,random_static_6,1.5252963863835178,20e590bed52771aa44373126b989ce51a0409ee651c29f4520787e110020b868,4,covariance_learned,2,0
cells/covariance_learned__dynamic_random_6__r0.npz,spatial_transformer,0.48626373626373626,dynamic_random_6,1.3459308226893378,c6c247239ef3e683c2a0ea1cd2290de43f47e92b8c14f03362bfd5f6a4773449,0,covariance_learned,2,0
cells/covariance_learned__dynamic_random_6__r1.npz,spatial_transformer,0.5027472527472527,dynamic_random_6,1.3238744295174294,8fff58dd1a1f40835019fe8b1fe285a9d9a8ea10d62fa832a73ffc4506f4f0f7,1,covariance_learned,2,0
cells/covariance_learned__dynamic_random_6__r2.npz,spatial_transformer,0.5027472527472527,dynamic_random_6,1.2203205982309568,a7434d88d84c869ec9688841d2510f403cad8cb8f023ac3d353e70c23d776b84,2,covariance_learned,2,0
cells/covariance_learned__dynamic_random_6__r3.npz,spatial_transformer,0.5590659340659341,dynamic_random_6,1.180907103847722,124ab95875d81d97e3e7a97746978927c0715ea169c7da8242e781e05e5b6f09,3,covariance_learned,2,0
cells/covariance_learned__dynamic_random_6__r4.npz,spatial_transformer,0.5810439560439561,dynamic_random_6,1.1904537507894677,8512c018c71a774b7b06d3c6b514479f5daff8a0649e908f74933ce96a0fc8f6,4,covariance_learned,2,0
cells/tucker_frozen__full_22__r0.npz,spatial_transformer,0.5989010989010989,full_22,1.1180254236405578,44bf5da7590b54f378830a575dc9c7eaeade825fac2da2576b6c37e2a82af11f,0,tucker_frozen,2,0
cells/tucker_frozen__random_static_16__r0.npz,spatial_transformer,0.2857142857142857,random_static_16,2.9564855399400347,6d500cb9e5ffd4ca2498436bb5c4f1ac71c5073abb3b46817b4cdfc4e0895d50,0,tucker_frozen,2,0
cells/tucker_frozen__random_static_16__r1.npz,spatial_transformer,0.31868131868131866,random_static_16,2.5884340172358096,873dd2ecae209a18507ce10f27a749bedb2e4335448b7be91f7e7c75d007f54e,1,tucker_frozen,2,0
cells/tucker_frozen__random_static_16__r2.npz,spatial_transformer,0.3365384615384615,random_static_16,2.810523796807942,ea8ade1605884bb47aa42251500b128f7c4986338c06702da7c899f0487e57fc,2,tucker_frozen,2,0
cells/tucker_frozen__random_static_16__r3.npz,spatial_transformer,0.28296703296703296,random_static_16,2.929534650805897,38dbc516bf169589c3286514b43fb6b13e2c1e03033b7974a7801f7d83fab768,3,tucker_frozen,2,0
cells/tucker_frozen__random_static_16__r4.npz,spatial_transformer,0.31868131868131866,random_static_16,2.5999947300749175,a8856a4dc2dde319bbb6bd755774ff11e2b2799f64fff2fd89d430f24c0330bc,4,tucker_frozen,2,0
cells/tucker_frozen__dynamic_random_16__r0.npz,spatial_transformer,0.3214285714285714,dynamic_random_16,3.0053747012703464,e96a2b9f6053eb887e7c44f875d66d9e9a448691fbb2d02a9af89549ed591565,0,tucker_frozen,2,0
cells/tucker_frozen__dynamic_random_16__r1.npz,spatial_transformer,0.33928571428571425,dynamic_random_16,2.767588973830834,cecc6a640f9e9cc724b7344c8eae8eeb6e1d732f256c4230685af18a7dc5121b,1,tucker_frozen,2,0
cells/tucker_frozen__dynamic_random_16__r2.npz,spatial_transformer,0.3956043956043956,dynamic_random_16,2.614121165663493,d8c088d06554cd13f5effc75250faa2176552abd933702819211ab5637bc2e01,2,tucker_frozen,2,0
cells/tucker_frozen__dynamic_random_16__r3.npz,spatial_transformer,0.2857142857142857,dynamic_random_16,2.9824199288652746,be1f56a20d3459eb1c468a746e8552d2e288ea238f1cbe91e81d5bed0c1f51cb,3,tucker_frozen,2,0
cells/tucker_frozen__dynamic_random_16__r4.npz,spatial_transformer,0.3228021978021978,dynamic_random_16,2.92398730081937,ea1996068835a2bdfd8db3346a1a69b542b695c97336ddbafbb4792cef66db91,4,tucker_frozen,2,0
cells/tucker_frozen__random_static_6__r0.npz,spatial_transformer,0.2623626373626374,random_static_6,2.8621011985676836,1ad981f9e7a338cbe08083d00510c809a749c112ebd81cdbce8457e2fad9c11b,0,tucker_frozen,2,0
cells/tucker_frozen__random_static_6__r1.npz,spatial_transformer,0.2980769230769231,random_static_6,3.188978420691921,be7aafa8ea02e68fc8a75b3d9d27f7192168874f406cda79d960551e1c0c70c1,1,tucker_frozen,2,0
cells/tucker_frozen__random_static_6__r2.npz,spatial_transformer,0.3159340659340659,random_static_6,2.7442741123660683,7080538af17a0a8ada0a31b63b74751c485086f6597f914581aa53c3ddea2a7e,2,tucker_frozen,2,0
cells/tucker_frozen__random_static_6__r3.npz,spatial_transformer,0.18543956043956045,random_static_6,3.3195361870549163,d6248979a0beb3bc0f7e690a8b382d37a64453027a5f08c9df1efd7fb30f5e33,3,tucker_frozen,2,0
cells/tucker_frozen__random_static_6__r4.npz,spatial_transformer,0.3598901098901099,random_static_6,2.724399824466303,20e590bed52771aa44373126b989ce51a0409ee651c29f4520787e110020b868,4,tucker_frozen,2,0
cells/tucker_frozen__dynamic_random_6__r0.npz,spatial_transformer,0.20741758241758243,dynamic_random_6,3.1889743814841505,c6c247239ef3e683c2a0ea1cd2290de43f47e92b8c14f03362bfd5f6a4773449,0,tucker_frozen,2,0
cells/tucker_frozen__dynamic_random_6__r1.npz,spatial_transformer,0.3021978021978022,dynamic_random_6,2.58594791432581,8fff58dd1a1f40835019fe8b1fe285a9d9a8ea10d62fa832a73ffc4506f4f0f7,1,tucker_frozen,2,0
cells/tucker_frozen__dynamic_random_6__r2.npz,spatial_transformer,0.2664835164835165,dynamic_random_6,2.403336377937695,a7434d88d84c869ec9688841d2510f403cad8cb8f023ac3d353e70c23d776b84,2,tucker_frozen,2,0
cells/tucker_frozen__dynamic_random_6__r3.npz,spatial_transformer,0.32005494505494503,dynamic_random_6,2.699185741685293,124ab95875d81d97e3e7a97746978927c0715ea169c7da8242e781e05e5b6f09,3,tucker_frozen,2,0
cells/tucker_frozen__dynamic_random_6__r4.npz,spatial_transformer,0.24450549450549447,dynamic_random_6,2.800387859105823,8512c018c71a774b7b06d3c6b514479f5daff8a0649e908f74933ce96a0fc8f6,4,tucker_frozen,2,0
cells/tucker_learned__full_22__r0.npz,spatial_transformer,0.5989010989010989,full_22,1.1180254236405578,44bf5da7590b54f378830a575dc9c7eaeade825fac2da2576b6c37e2a82af11f,0,tucker_learned,2,0
cells/tucker_learned__random_static_16__r0.npz,spatial_transformer,0.2857142857142857,random_static_16,2.9564855399400347,6d500cb9e5ffd4ca2498436bb5c4f1ac71c5073abb3b46817b4cdfc4e0895d50,0,tucker_learned,2,0
cells/tucker_learned__random_static_16__r1.npz,spatial_transformer,0.31868131868131866,random_static_16,2.5884340172358096,873dd2ecae209a18507ce10f27a749bedb2e4335448b7be91f7e7c75d007f54e,1,tucker_learned,2,0
cells/tucker_learned__random_static_16__r2.npz,spatial_transformer,0.3365384615384615,random_static_16,2.810523796807942,ea8ade1605884bb47aa42251500b128f7c4986338c06702da7c899f0487e57fc,2,tucker_learned,2,0
cells/tucker_learned__random_static_16__r3.npz,spatial_transformer,0.28296703296703296,random_static_16,2.929534650805897,38dbc516bf169589c3286514b43fb6b13e2c1e03033b7974a7801f7d83fab768,3,tucker_learned,2,0
cells/tucker_learned__random_static_16__r4.npz,spatial_transformer,0.31868131868131866,random_static_16,2.5999947300749175,a8856a4dc2dde319bbb6bd755774ff11e2b2799f64fff2fd89d430f24c0330bc,4,tucker_learned,2,0
cells/tucker_learned__dynamic_random_16__r0.npz,spatial_transformer,0.3214285714285714,dynamic_random_16,3.0053747012703464,e96a2b9f6053eb887e7c44f875d66d9e9a448691fbb2d02a9af89549ed591565,0,tucker_learned,2,0
cells/tucker_learned__dynamic_random_16__r1.npz,spatial_transformer,0.33928571428571425,dynamic_random_16,2.767588973830834,cecc6a640f9e9cc724b7344c8eae8eeb6e1d732f256c4230685af18a7dc5121b,1,tucker_learned,2,0
cells/tucker_learned__dynamic_random_16__r2.npz,spatial_transformer,0.3956043956043956,dynamic_random_16,2.614121165663493,d8c088d06554cd13f5effc75250faa2176552abd933702819211ab5637bc2e01,2,tucker_learned,2,0
cells/tucker_learned__dynamic_random_16__r3.npz,spatial_transformer,0.2857142857142857,dynamic_random_16,2.9824199288652746,be1f56a20d3459eb1c468a746e8552d2e288ea238f1cbe91e81d5bed0c1f51cb,3,tucker_learned,2,0
cells/tucker_learned__dynamic_random_16__r4.npz,spatial_transformer,0.3228021978021978,dynamic_random_16,2.92398730081937,ea1996068835a2bdfd8db3346a1a69b542b695c97336ddbafbb4792cef66db91,4,tucker_learned,2,0
cells/tucker_learned__random_static_6__r0.npz,spatial_transformer,0.2623626373626374,random_static_6,2.8621011985676836,1ad981f9e7a338cbe08083d00510c809a749c112ebd81cdbce8457e2fad9c11b,0,tucker_learned,2,0
cells/tucker_learned__random_static_6__r1.npz,spatial_transformer,0.2980769230769231,random_static_6,3.188978420691921,be7aafa8ea02e68fc8a75b3d9d27f7192168874f406cda79d960551e1c0c70c1,1,tucker_learned,2,0
cells/tucker_learned__random_static_6__r2.npz,spatial_transformer,0.3159340659340659,random_static_6,2.7442741123660683,7080538af17a0a8ada0a31b63b74751c485086f6597f914581aa53c3ddea2a7e,2,tucker_learned,2,0
cells/tucker_learned__random_static_6__r3.npz,spatial_transformer,0.18543956043956045,random_static_6,3.3195361870549163,d6248979a0beb3bc0f7e690a8b382d37a64453027a5f08c9df1efd7fb30f5e33,3,tucker_learned,2,0
cells/tucker_learned__random_static_6__r4.npz,spatial_transformer,0.3598901098901099,random_static_6,2.724399824466303,20e590bed52771aa44373126b989ce51a0409ee651c29f4520787e110020b868,4,tucker_learned,2,0
cells/tucker_learned__dynamic_random_6__r0.npz,spatial_transformer,0.20741758241758243,dynamic_random_6,3.1889743814841505,c6c247239ef3e683c2a0ea1cd2290de43f47e92b8c14f03362bfd5f6a4773449,0,tucker_learned,2,0
cells/tucker_learned__dynamic_random_6__r1.npz,spatial_transformer,0.3021978021978022,dynamic_random_6,2.58594791432581,8fff58dd1a1f40835019fe8b1fe285a9d9a8ea10d62fa832a73ffc4506f4f0f7,1,tucker_learned,2,0
cells/tucker_learned__dynamic_random_6__r2.npz,spatial_transformer,0.2664835164835165,dynamic_random_6,2.403336377937695,a7434d88d84c869ec9688841d2510f403cad8cb8f023ac3d353e70c23d776b84,2,tucker_learned,2,0
cells/tucker_learned__dynamic_random_6__r3.npz,spatial_transformer,0.32005494505494503,dynamic_random_6,2.699185741685293,124ab95875d81d97e3e7a97746978927c0715ea169c7da8242e781e05e5b6f09,3,tucker_learned,2,0
cells/tucker_learned__dynamic_random_6__r4.npz,spatial_transformer,0.24450549450549447,dynamic_random_6,2.800387859105823,8512c018c71a774b7b06d3c6b514479f5daff8a0649e908f74933ce96a0fc8f6,4,tucker_learned,2,0
cells/zero__full_22__r0.npz,spatial_transformer,0.5480769230769231,full_22,1.4008607702193079,44bf5da7590b54f378830a575dc9c7eaeade825fac2da2576b6c37e2a82af11f,0,zero,2,1
cells/zero__random_static_16__r0.npz,spatial_transformer,0.25137362637362637,random_static_16,2.186186914238849,727c7bf3cb19e57ebd64b7c806fd800b5978ed532e0d1fde3753c96200e7cea0,0,zero,2,1
cells/zero__random_static_16__r1.npz,spatial_transformer,0.2596153846153846,random_static_16,1.7729440663978422,a6154bb248585088721e355d29b39e39f636b7f4030ab5e87c899f4da23b2618,1,zero,2,1
cells/zero__random_static_16__r2.npz,spatial_transformer,0.3310439560439561,random_static_16,1.5603785525300775,e837785787d482878f6b518f05ede94983a08472c7eff28fee0e887b331c1cd1,2,zero,2,1
cells/zero__random_static_16__r3.npz,spatial_transformer,0.2760989010989011,random_static_16,2.1353555207195827,f1a5367140a5ca98cea2b3650272e64ce0325b5f4af62d7cc5b0115f174f48ea,3,zero,2,1
cells/zero__random_static_16__r4.npz,spatial_transformer,0.3475274725274725,random_static_16,1.7975087838488724,a4d9349905c2ffead5e213d14b6bb88b843b2d360624b3692a4fd5d3e87644a4,4,zero,2,1
cells/zero__dynamic_random_16__r0.npz,spatial_transformer,0.3434065934065934,dynamic_random_16,1.6513123925315105,b88549edc971bb489c05cf00d850b2fe3490a9b761b0c9746e4f392a6b06307f,0,zero,2,1
cells/zero__dynamic_random_16__r1.npz,spatial_transformer,0.2912087912087912,dynamic_random_16,1.8886899569800661,9057667056fb8392d2ca2550e9c8fef41adf8f056ecea2fadded9a902f8b1f89,1,zero,2,1
cells/zero__dynamic_random_16__r2.npz,spatial_transformer,0.3447802197802198,dynamic_random_16,1.8026763362903913,b621625ed6cd513d309b5d4faf5c0b3cd3920a6e178a0292edea6b73409da847,2,zero,2,1
cells/zero__dynamic_random_16__r3.npz,spatial_transformer,0.27060439560439564,dynamic_random_16,1.8658291913806044,728d3dc20e6e0a99dae63258fd06773a5e5de2bea5ebddd60d10058736b2b8ac,3,zero,2,1
cells/zero__dynamic_random_16__r4.npz,spatial_transformer,0.2554945054945055,dynamic_random_16,1.8194995811967345,471f50f6038df3e21b528357ff7ea24e4ac4dd343ff93673e8706fa2acfc9038,4,zero,2,1
cells/zero__random_static_6__r0.npz,spatial_transformer,0.2541208791208791,random_static_6,2.2322855878298458,79650dd27c1a94ecb7df1c354e9aad6d482267ae416328fc5ac1a143ed4ddf86,0,zero,2,1
cells/zero__random_static_6__r1.npz,spatial_transformer,0.2953296703296704,random_static_6,1.9471664714457209,909564044c81a5466fb7fe58d414c70e0f24ea24e4990d6ffec663e3f077882b,1,zero,2,1
cells/zero__random_static_6__r2.npz,spatial_transformer,0.25274725274725274,random_static_6,1.9826677746302166,8798332060bb2c419e1e8bbfaec6de6a13231ef5f7801cf007938aa93b56d947,2,zero,2,1
cells/zero__random_static_6__r3.npz,spatial_transformer,0.27197802197802196,random_static_6,1.9849646052587773,0d85275ae7b9174989e1350af4e5caa4c2ba49bb4cc9c3c23139fbc10c1493aa,3,zero,2,1
cells/zero__random_static_6__r4.npz,spatial_transformer,0.27197802197802196,random_static_6,1.96691399892889,45b96b659e11e20cb1f5d69e24ae823e4310ebbdf07254f424e4416d26205aff,4,zero,2,1
cells/zero__dynamic_random_6__r0.npz,spatial_transformer,0.32967032967032966,dynamic_random_6,1.9768604513622867,cf289827e28368da68f61b32e29fc37b9ac833aebc59464dcbb44dc3c36fba25,0,zero,2,1
cells/zero__dynamic_random_6__r1.npz,spatial_transformer,0.1813186813186813,dynamic_random_6,2.041554260018603,8bf28997b5e87e241cd95751324dafd364c3720650516c9c4881c14e71a823c5,1,zero,2,1
cells/zero__dynamic_random_6__r2.npz,spatial_transformer,0.25137362637362637,dynamic_random_6,2.0829947235474027,81205fe4860c654bcfafe910a324c17d9c33f458ec636e600a7f140d7f0b0d4b,2,zero,2,1
cells/zero__dynamic_random_6__r3.npz,spatial_transformer,0.2554945054945055,dynamic_random_6,1.9489580939093054,963f93e6b015e002f744da6830d1b14bc07a31261482294398ae874fb8515e25,3,zero,2,1
cells/zero__dynamic_random_6__r4.npz,spatial_transformer,0.2348901098901099,dynamic_random_6,2.1360915826182585,1f115d7d7185c12086e9e4980ae85898051f80ad5ffc2e6b6de93ed6c7675d95,4,zero,2,1
cells/covariance_frozen__full_22__r0.npz,spatial_transformer,0.5480769230769231,full_22,1.4008607702193079,44bf5da7590b54f378830a575dc9c7eaeade825fac2da2576b6c37e2a82af11f,0,covariance_frozen,2,1
cells/covariance_frozen__random_static_16__r0.npz,spatial_transformer,0.5123626373626373,random_static_16,1.4680718925450893,727c7bf3cb19e57ebd64b7c806fd800b5978ed532e0d1fde3753c96200e7cea0,0,covariance_frozen,2,1
cells/covariance_frozen__random_static_16__r1.npz,spatial_transformer,0.43818681318681324,random_static_16,1.423029601981557,a6154bb248585088721e355d29b39e39f636b7f4030ab5e87c899f4da23b2618,1,covariance_frozen,2,1
cells/covariance_frozen__random_static_16__r2.npz,spatial_transformer,0.510989010989011,random_static_16,1.3453632071700943,e837785787d482878f6b518f05ede94983a08472c7eff28fee0e887b331c1cd1,2,covariance_frozen,2,1
cells/covariance_frozen__random_static_16__r3.npz,spatial_transformer,0.440934065934066,random_static_16,1.4295193046880479,f1a5367140a5ca98cea2b3650272e64ce0325b5f4af62d7cc5b0115f174f48ea,3,covariance_frozen,2,1
cells/covariance_frozen__random_static_16__r4.npz,spatial_transformer,0.440934065934066,random_static_16,1.3872811243469638,a4d9349905c2ffead5e213d14b6bb88b843b2d360624b3692a4fd5d3e87644a4,4,covariance_frozen,2,1
cells/covariance_frozen__dynamic_random_16__r0.npz,spatial_transformer,0.4368131868131868,dynamic_random_16,1.5793003743734937,b88549edc971bb489c05cf00d850b2fe3490a9b761b0c9746e4f392a6b06307f,0,covariance_frozen,2,1
cells/covariance_frozen__dynamic_random_16__r1.npz,spatial_transformer,0.47802197802197804,dynamic_random_16,1.4412201761573853,9057667056fb8392d2ca2550e9c8fef41adf8f056ecea2fadded9a902f8b1f89,1,covariance_frozen,2,1
cells/covariance_frozen__dynamic_random_16__r2.npz,spatial_transformer,0.532967032967033,dynamic_random_16,1.4134497703838542,b621625ed6cd513d309b5d4faf5c0b3cd3920a6e178a0292edea6b73409da847,2,covariance_frozen,2,1
cells/covariance_frozen__dynamic_random_16__r3.npz,spatial_transformer,0.570054945054945,dynamic_random_16,1.426583786113947,728d3dc20e6e0a99dae63258fd06773a5e5de2bea5ebddd60d10058736b2b8ac,3,covariance_frozen,2,1
cells/covariance_frozen__dynamic_random_16__r4.npz,spatial_transformer,0.4739010989010989,dynamic_random_16,1.45486767488826,471f50f6038df3e21b528357ff7ea24e4ac4dd343ff93673e8706fa2acfc9038,4,covariance_frozen,2,1
cells/covariance_frozen__random_static_6__r0.npz,spatial_transformer,0.3090659340659341,random_static_6,1.7376306370882877,79650dd27c1a94ecb7df1c354e9aad6d482267ae416328fc5ac1a143ed4ddf86,0,covariance_frozen,2,1
cells/covariance_frozen__random_static_6__r1.npz,spatial_transformer,0.2733516483516484,random_static_6,1.8057218623179094,909564044c81a5466fb7fe58d414c70e0f24ea24e4990d6ffec663e3f077882b,1,covariance_frozen,2,1
cells/covariance_frozen__random_static_6__r2.npz,spatial_transformer,0.31043956043956045,random_static_6,1.6810113463909717,8798332060bb2c419e1e8bbfaec6de6a13231ef5f7801cf007938aa93b56d947,2,covariance_frozen,2,1
cells/covariance_frozen__random_static_6__r3.npz,spatial_transformer,0.3475274725274725,random_static_6,1.5278344992694273,0d85275ae7b9174989e1350af4e5caa4c2ba49bb4cc9c3c23139fbc10c1493aa,3,covariance_frozen,2,1
cells/covariance_frozen__random_static_6__r4.npz,spatial_transformer,0.3475274725274725,random_static_6,1.5601051678555478,45b96b659e11e20cb1f5d69e24ae823e4310ebbdf07254f424e4416d26205aff,4,covariance_frozen,2,1
cells/covariance_frozen__dynamic_random_6__r0.npz,spatial_transformer,0.2912087912087912,dynamic_random_6,1.6258509375272936,cf289827e28368da68f61b32e29fc37b9ac833aebc59464dcbb44dc3c36fba25,0,covariance_frozen,2,1
cells/covariance_frozen__dynamic_random_6__r1.npz,spatial_transformer,0.3447802197802198,dynamic_random_6,1.6346204567656326,8bf28997b5e87e241cd95751324dafd364c3720650516c9c4881c14e71a823c5,1,covariance_frozen,2,1
cells/covariance_frozen__dynamic_random_6__r2.npz,spatial_transformer,0.32829670329670335,dynamic_random_6,1.6122884790798206,81205fe4860c654bcfafe910a324c17d9c33f458ec636e600a7f140d7f0b0d4b,2,covariance_frozen,2,1
cells/covariance_frozen__dynamic_random_6__r3.npz,spatial_transformer,0.4409340659340659,dynamic_random_6,1.5705510059906913,963f93e6b015e002f744da6830d1b14bc07a31261482294398ae874fb8515e25,3,covariance_frozen,2,1
cells/covariance_frozen__dynamic_random_6__r4.npz,spatial_transformer,0.3489010989010989,dynamic_random_6,1.6825577392233992,1f115d7d7185c12086e9e4980ae85898051f80ad5ffc2e6b6de93ed6c7675d95,4,covariance_frozen,2,1
cells/covariance_learned__full_22__r0.npz,spatial_transformer,0.5480769230769231,full_22,1.4008607702193079,44bf5da7590b54f378830a575dc9c7eaeade825fac2da2576b6c37e2a82af11f,0,covariance_learned,2,1
cells/covariance_learned__random_static_16__r0.npz,spatial_transformer,0.45604395604395603,random_static_16,1.4453844029416343,727c7bf3cb19e57ebd64b7c806fd800b5978ed532e0d1fde3753c96200e7cea0,0,covariance_learned,2,1
cells/covariance_learned__random_static_16__r1.npz,spatial_transformer,0.4395604395604396,random_static_16,1.4013705752315242,a6154bb248585088721e355d29b39e39f636b7f4030ab5e87c899f4da23b2618,1,covariance_learned,2,1
cells/covariance_learned__random_static_16__r2.npz,spatial_transformer,0.5096153846153846,random_static_16,1.32784773665565,e837785787d482878f6b518f05ede94983a08472c7eff28fee0e887b331c1cd1,2,covariance_learned,2,1
cells/covariance_learned__random_static_16__r3.npz,spatial_transformer,0.43956043956043955,random_static_16,1.4381762573674122,f1a5367140a5ca98cea2b3650272e64ce0325b5f4af62d7cc5b0115f174f48ea,3,covariance_learned,2,1
cells/covariance_learned__random_static_16__r4.npz,spatial_transformer,0.4601648351648352,random_static_16,1.356548245420701,a4d9349905c2ffead5e213d14b6bb88b843b2d360624b3692a4fd5d3e87644a4,4,covariance_learned,2,1
cells/covariance_learned__dynamic_random_16__r0.npz,spatial_transformer,0.3818681318681319,dynamic_random_16,1.5636763021395172,b88549edc971bb489c05cf00d850b2fe3490a9b761b0c9746e4f392a6b06307f,0,covariance_learned,2,1
cells/covariance_learned__dynamic_random_16__r1.npz,spatial_transformer,0.4766483516483517,dynamic_random_16,1.4249865285869292,9057667056fb8392d2ca2550e9c8fef41adf8f056ecea2fadded9a902f8b1f89,1,covariance_learned,2,1
cells/covariance_learned__dynamic_random_16__r2.npz,spatial_transformer,0.5137362637362638,dynamic_random_16,1.374951650623499,b621625ed6cd513d309b5d4faf5c0b3cd3920a6e178a0292edea6b73409da847,2,covariance_learned,2,1
cells/covariance_learned__dynamic_random_16__r3.npz,spatial_transformer,0.5508241758241759,dynamic_random_16,1.397830983715818,728d3dc20e6e0a99dae63258fd06773a5e5de2bea5ebddd60d10058736b2b8ac,3,covariance_learned,2,1
cells/covariance_learned__dynamic_random_16__r4.npz,spatial_transformer,0.4752747252747253,dynamic_random_16,1.453536442565158,471f50f6038df3e21b528357ff7ea24e4ac4dd343ff93673e8706fa2acfc9038,4,covariance_learned,2,1
cells/covariance_learned__random_static_6__r0.npz,spatial_transformer,0.326923076923077,random_static_6,1.7322523734304047,79650dd27c1a94ecb7df1c354e9aad6d482267ae416328fc5ac1a143ed4ddf86,0,covariance_learned,2,1
cells/covariance_learned__random_static_6__r1.npz,spatial_transformer,0.31043956043956045,random_static_6,1.7773152135774464,909564044c81a5466fb7fe58d414c70e0f24ea24e4990d6ffec663e3f077882b,1,covariance_learned,2,1
cells/covariance_learned__random_static_6__r2.npz,spatial_transformer,0.3516483516483516,random_static_6,1.64856143317035,8798332060bb2c419e1e8bbfaec6de6a13231ef5f7801cf007938aa93b56d947,2,covariance_learned,2,1
cells/covariance_learned__random_static_6__r3.npz,spatial_transformer,0.3310439560439561,random_static_6,1.5101061286743345,0d85275ae7b9174989e1350af4e5caa4c2ba49bb4cc9c3c23139fbc10c1493aa,3,covariance_learned,2,1
cells/covariance_learned__random_static_6__r4.npz,spatial_transformer,0.36813186813186816,random_static_6,1.5257342316150797,45b96b659e11e20cb1f5d69e24ae823e4310ebbdf07254f424e4416d26205aff,4,covariance_learned,2,1
cells/covariance_learned__dynamic_random_6__r0.npz,spatial_transformer,0.3475274725274725,dynamic_random_6,1.5997770375859768,cf289827e28368da68f61b32e29fc37b9ac833aebc59464dcbb44dc3c36fba25,0,covariance_learned,2,1
cells/covariance_learned__dynamic_random_6__r1.npz,spatial_transformer,0.41895604395604397,dynamic_random_6,1.605803047687409,8bf28997b5e87e241cd95751324dafd364c3720650516c9c4881c14e71a823c5,1,covariance_learned,2,1
cells/covariance_learned__dynamic_random_6__r2.npz,spatial_transformer,0.3653846153846154,dynamic_random_6,1.603158233804886,81205fe4860c654bcfafe910a324c17d9c33f458ec636e600a7f140d7f0b0d4b,2,covariance_learned,2,1
cells/covariance_learned__dynamic_random_6__r3.npz,spatial_transformer,0.4587912087912087,dynamic_random_6,1.5418781377870001,963f93e6b015e002f744da6830d1b14bc07a31261482294398ae874fb8515e25,3,covariance_learned,2,1
cells/covariance_learned__dynamic_random_6__r4.npz,spatial_transformer,0.32967032967032966,dynamic_random_6,1.6341764635617366,1f115d7d7185c12086e9e4980ae85898051f80ad5ffc2e6b6de93ed6c7675d95,4,covariance_learned,2,1
cells/tucker_frozen__full_22__r0.npz,spatial_transformer,0.5480769230769231,full_22,1.4008607702193079,44bf5da7590b54f378830a575dc9c7eaeade825fac2da2576b6c37e2a82af11f,0,tucker_frozen,2,1
cells/tucker_frozen__random_static_16__r0.npz,spatial_transformer,0.30494505494505497,random_static_16,2.07972850586816,727c7bf3cb19e57ebd64b7c806fd800b5978ed532e0d1fde3753c96200e7cea0,0,tucker_frozen,2,1
cells/tucker_frozen__random_static_16__r1.npz,spatial_transformer,0.31043956043956045,random_static_16,1.6627772737515873,a6154bb248585088721e355d29b39e39f636b7f4030ab5e87c899f4da23b2618,1,tucker_frozen,2,1
cells/tucker_frozen__random_static_16__r2.npz,spatial_transformer,0.4024725274725275,random_static_16,1.3713592812278246,e837785787d482878f6b518f05ede94983a08472c7eff28fee0e887b331c1cd1,2,tucker_frozen,2,1
cells/tucker_frozen__random_static_16__r3.npz,spatial_transformer,0.29532967032967034,random_static_16,1.9202868617151874,f1a5367140a5ca98cea2b3650272e64ce0325b5f4af62d7cc5b0115f174f48ea,3,tucker_frozen,2,1
cells/tucker_frozen__random_static_16__r4.npz,spatial_transformer,0.29258241758241754,random_static_16,1.6825171694422254,a4d9349905c2ffead5e213d14b6bb88b843b2d360624b3692a4fd5d3e87644a4,4,tucker_frozen,2,1
cells/tucker_frozen__dynamic_random_16__r0.npz,spatial_transformer,0.43956043956043955,dynamic_random_16,1.5822758154368846,b88549edc971bb489c05cf00d850b2fe3490a9b761b0c9746e4f392a6b06307f,0,tucker_frozen,2,1
cells/tucker_frozen__dynamic_random_16__r1.npz,spatial_transformer,0.2733516483516484,dynamic_random_16,1.7890778903291773,9057667056fb8392d2ca2550e9c8fef41adf8f056ecea2fadded9a902f8b1f89,1,tucker_frozen,2,1
cells/tucker_frozen__dynamic_random_16__r2.npz,spatial_transformer,0.34615384615384615,dynamic_random_16,1.725285853034931,b621625ed6cd513d309b5d4faf5c0b3cd3920a6e178a0292edea6b73409da847,2,tucker_frozen,2,1
cells/tucker_frozen__dynamic_random_16__r3.npz,spatial_transformer,0.34615384615384615,dynamic_random_16,1.7680154854844667,728d3dc20e6e0a99dae63258fd06773a5e5de2bea5ebddd60d10058736b2b8ac,3,tucker_frozen,2,1
cells/tucker_frozen__dynamic_random_16__r4.npz,spatial_transformer,0.2912087912087912,dynamic_random_16,1.7841431024864505,471f50f6038df3e21b528357ff7ea24e4ac4dd343ff93673e8706fa2acfc9038,4,tucker_frozen,2,1
cells/tucker_frozen__random_static_6__r0.npz,spatial_transformer,0.3653846153846154,random_static_6,2.0122025016268315,79650dd27c1a94ecb7df1c354e9aad6d482267ae416328fc5ac1a143ed4ddf86,0,tucker_frozen,2,1
cells/tucker_frozen__random_static_6__r1.npz,spatial_transformer,0.2554945054945055,random_static_6,2.002293587288299,909564044c81a5466fb7fe58d414c70e0f24ea24e4990d6ffec663e3f077882b,1,tucker_frozen,2,1
cells/tucker_frozen__random_static_6__r2.npz,spatial_transformer,0.2348901098901099,random_static_6,1.936301877271381,8798332060bb2c419e1e8bbfaec6de6a13231ef5f7801cf007938aa93b56d947,2,tucker_frozen,2,1
cells/tucker_frozen__random_static_6__r3.npz,spatial_transformer,0.32967032967032966,random_static_6,1.953552759912428,0d85275ae7b9174989e1350af4e5caa4c2ba49bb4cc9c3c23139fbc10c1493aa,3,tucker_frozen,2,1
cells/tucker_frozen__random_static_6__r4.npz,spatial_transformer,0.23626373626373626,random_static_6,1.7935556440966702,45b96b659e11e20cb1f5d69e24ae823e4310ebbdf07254f424e4416d26205aff,4,tucker_frozen,2,1
cells/tucker_frozen__dynamic_random_6__r0.npz,spatial_transformer,0.36675824175824173,dynamic_random_6,1.8098672385234609,cf289827e28368da68f61b32e29fc37b9ac833aebc59464dcbb44dc3c36fba25,0,tucker_frozen,2,1
cells/tucker_frozen__dynamic_random_6__r1.npz,spatial_transformer,0.29120879120879123,dynamic_random_6,1.986469935173815,8bf28997b5e87e241cd95751324dafd364c3720650516c9c4881c14e71a823c5,1,tucker_frozen,2,1
cells/tucker_frozen__dynamic_random_6__r2.npz,spatial_transformer,0.25274725274725274,dynamic_random_6,1.9485202433385898,81205fe4860c654bcfafe910a324c17d9c33f458ec636e600a7f140d7f0b0d4b,2,tucker_frozen,2,1
cells/tucker_frozen__dynamic_random_6__r3.npz,spatial_transformer,0.3090659340659341,dynamic_random_6,1.802223736905222,963f93e6b015e002f744da6830d1b14bc07a31261482294398ae874fb8515e25,3,tucker_frozen,2,1
cells/tucker_frozen__dynamic_random_6__r4.npz,spatial_transformer,0.2733516483516484,dynamic_random_6,2.020216837922783,1f115d7d7185c12086e9e4980ae85898051f80ad5ffc2e6b6de93ed6c7675d95,4,tucker_frozen,2,1
cells/tucker_learned__full_22__r0.npz,spatial_transformer,0.5480769230769231,full_22,1.4008607702193079,44bf5da7590b54f378830a575dc9c7eaeade825fac2da2576b6c37e2a82af11f,0,tucker_learned,2,1
cells/tucker_learned__random_static_16__r0.npz,spatial_transformer,0.2870879120879121,random_static_16,2.0867309883903182,727c7bf3cb19e57ebd64b7c806fd800b5978ed532e0d1fde3753c96200e7cea0,0,tucker_learned,2,1
cells/tucker_learned__random_static_16__r1.npz,spatial_transformer,0.31043956043956045,random_static_16,1.6132667724895757,a6154bb248585088721e355d29b39e39f636b7f4030ab5e87c899f4da23b2618,1,tucker_learned,2,1
cells/tucker_learned__random_static_16__r2.npz,spatial_transformer,0.478021978021978,random_static_16,1.3467578347600508,e837785787d482878f6b518f05ede94983a08472c7eff28fee0e887b331c1cd1,2,tucker_learned,2,1
cells/tucker_learned__random_static_16__r3.npz,spatial_transformer,0.2774725274725275,random_static_16,1.9000513170866862,f1a5367140a5ca98cea2b3650272e64ce0325b5f4af62d7cc5b0115f174f48ea,3,tucker_learned,2,1
cells/tucker_learned__random_static_16__r4.npz,spatial_transformer,0.3296703296703296,random_static_16,1.6568401566982407,a4d9349905c2ffead5e213d14b6bb88b843b2d360624b3692a4fd5d3e87644a4,4,tucker_learned,2,1
cells/tucker_learned__dynamic_random_16__r0.npz,spatial_transformer,0.4574175824175824,dynamic_random_16,1.5762072275357983,b88549edc971bb489c05cf00d850b2fe3490a9b761b0c9746e4f392a6b06307f,0,tucker_learned,2,1
cells/tucker_learned__dynamic_random_16__r1.npz,spatial_transformer,0.29120879120879123,dynamic_random_16,1.7680311849807946,9057667056fb8392d2ca2550e9c8fef41adf8f056ecea2fadded9a902f8b1f89,1,tucker_learned,2,1
cells/tucker_learned__dynamic_random_16__r2.npz,spatial_transformer,0.3269230769230769,dynamic_random_16,1.7576854120858412,b621625ed6cd513d309b5d4faf5c0b3cd3920a6e178a0292edea6b73409da847,2,tucker_learned,2,1
cells/tucker_learned__dynamic_random_16__r3.npz,spatial_transformer,0.38324175824175827,dynamic_random_16,1.7094753198403931,728d3dc20e6e0a99dae63258fd06773a5e5de2bea5ebddd60d10058736b2b8ac,3,tucker_learned,2,1
cells/tucker_learned__dynamic_random_16__r4.npz,spatial_transformer,0.2912087912087912,dynamic_random_16,1.7483571874462736,471f50f6038df3e21b528357ff7ea24e4ac4dd343ff93673e8706fa2acfc9038,4,tucker_learned,2,1
cells/tucker_learned__random_static_6__r0.npz,spatial_transformer,0.3296703296703296,random_static_6,1.9626048291545592,79650dd27c1a94ecb7df1c354e9aad6d482267ae416328fc5ac1a143ed4ddf86,0,tucker_learned,2,1
cells/tucker_learned__random_static_6__r1.npz,spatial_transformer,0.23763736263736263,random_static_6,1.9505220576799005,909564044c81a5466fb7fe58d414c70e0f24ea24e4990d6ffec663e3f077882b,1,tucker_learned,2,1
cells/tucker_learned__random_static_6__r2.npz,spatial_transformer,0.25274725274725274,random_static_6,1.8827569708159386,8798332060bb2c419e1e8bbfaec6de6a13231ef5f7801cf007938aa93b56d947,2,tucker_learned,2,1
cells/tucker_learned__random_static_6__r3.npz,spatial_transformer,0.3118131868131868,random_static_6,1.9312556520394812,0d85275ae7b9174989e1350af4e5caa4c2ba49bb4cc9c3c23139fbc10c1493aa,3,tucker_learned,2,1
cells/tucker_learned__random_static_6__r4.npz,spatial_transformer,0.3090659340659341,random_static_6,1.7834565539255525,45b96b659e11e20cb1f5d69e24ae823e4310ebbdf07254f424e4416d26205aff,4,tucker_learned,2,1
cells/tucker_learned__dynamic_random_6__r0.npz,spatial_transformer,0.385989010989011,dynamic_random_6,1.7757531844549972,cf289827e28368da68f61b32e29fc37b9ac833aebc59464dcbb44dc3c36fba25,0,tucker_learned,2,1
cells/tucker_learned__dynamic_random_6__r1.npz,spatial_transformer,0.2541208791208791,dynamic_random_6,1.9784259175216918,8bf28997b5e87e241cd95751324dafd364c3720650516c9c4881c14e71a823c5,1,tucker_learned,2,1
cells/tucker_learned__dynamic_random_6__r2.npz,spatial_transformer,0.2541208791208791,dynamic_random_6,1.9322954688077918,81205fe4860c654bcfafe910a324c17d9c33f458ec636e600a7f140d7f0b0d4b,2,tucker_learned,2,1
cells/tucker_learned__dynamic_random_6__r3.npz,spatial_transformer,0.29120879120879123,dynamic_random_6,1.855819049364095,963f93e6b015e002f744da6830d1b14bc07a31261482294398ae874fb8515e25,3,tucker_learned,2,1
cells/tucker_learned__dynamic_random_6__r4.npz,spatial_transformer,0.3090659340659341,dynamic_random_6,2.0232895496222194,1f115d7d7185c12086e9e4980ae85898051f80ad5ffc2e6b6de93ed6c7675d95,4,tucker_learned,2,1
cells/zero__full_22__r0.npz,spatial_transformer,0.5453296703296703,full_22,1.3583803348414358,44bf5da7590b54f378830a575dc9c7eaeade825fac2da2576b6c37e2a82af11f,0,zero,2,2
cells/zero__random_static_16__r0.npz,spatial_transformer,0.3008241758241758,random_static_16,2.940581878300285,b3d4e657810a2551f5cb45658c5d4eafdedb543fce9b701a5d96c599cabcadb0,0,zero,2,2
cells/zero__random_static_16__r1.npz,spatial_transformer,0.3585164835164835,random_static_16,2.353269787901615,9e21da9236541505a1556dff10281dc94ede8cf1a2025314f2460c08879068cb,1,zero,2,2
cells/zero__random_static_16__r2.npz,spatial_transformer,0.37362637362637363,random_static_16,2.2423988000903803,438db99eb97f1fbf007cc970c1d50707d9ec2ef84a03f95af5a3a7ec9f9332d5,2,zero,2,2
cells/zero__random_static_16__r3.npz,spatial_transformer,0.28296703296703296,random_static_16,2.4730583097636636,db76b04cf8a1ca145a97f33b49cb822aca666d9cc5386e372276efed046cb011,3,zero,2,2
cells/zero__random_static_16__r4.npz,spatial_transformer,0.35851648351648346,random_static_16,2.54212739646108,fb4e2e3eb3849f3d16392bcb829258efb1d49810742e624d888f1f30c249f19a,4,zero,2,2
cells/zero__dynamic_random_16__r0.npz,spatial_transformer,0.28296703296703296,dynamic_random_16,2.4770799760979547,99ad4191b8c26370b6ba9f660ff7c882a7bf8586a7af4d99f3254a29f361e849,0,zero,2,2
cells/zero__dynamic_random_16__r1.npz,spatial_transformer,0.3392857142857143,dynamic_random_16,2.3174836792139675,0ade40afd5e2954336ec9f50e38ae5b3a42c6e36f7c1a159f6bdc96fb33950ad,1,zero,2,2
cells/zero__dynamic_random_16__r2.npz,spatial_transformer,0.39697802197802196,dynamic_random_16,2.3601712047367287,626b9c891b17b92f20206a7f8b498cb0d97937e16b18fd37b3e2304e72196a93,2,zero,2,2
cells/zero__dynamic_random_16__r3.npz,spatial_transformer,0.35714285714285715,dynamic_random_16,2.5184916295571487,be76ea2ae55aea3d37c27c8315970d956eb2a179bbda4fcf70bb9b405fdd448e,3,zero,2,2
cells/zero__dynamic_random_16__r4.npz,spatial_transformer,0.3228021978021978,dynamic_random_16,2.2332769200691107,d14eadc878285e15834aa09f6f604c7eec7deeeead2297193c84f29f7f738527,4,zero,2,2
cells/zero__random_static_6__r0.npz,spatial_transformer,0.24038461538461542,random_static_6,2.7522306833654886,16d2242cc850c8a8d8a13a8bc90dcd9b08dc6c69e6fa22389db3c50b6d15c857,0,zero,2,2
cells/zero__random_static_6__r1.npz,spatial_transformer,0.31730769230769235,random_static_6,2.464992442915088,d42fc21811b30418e2ee576e533b0764bff1a98c519269b49e41e53d0d258057,1,zero,2,2
cells/zero__random_static_6__r2.npz,spatial_transformer,0.3131868131868132,random_static_6,2.6396129745655705,fa96fac56f0fb3d0b3018cf808969132f8ef3d5f9e72eefe9b0b2b7ae754c7ca,2,zero,2,2
cells/zero__random_static_6__r3.npz,spatial_transformer,0.2623626373626373,random_static_6,2.8597643110002653,5bcfa32e94b90b03c7443701b5dd5745ababb673149b8729fb63efc48c99a08e,3,zero,2,2
cells/zero__random_static_6__r4.npz,spatial_transformer,0.27884615384615385,random_static_6,3.0510812519864916,e9452dbb7b23d211bcba8190c0994201dc2cccc8225f8f632e522924df76803c,4,zero,2,2
cells/zero__dynamic_random_6__r0.npz,spatial_transformer,0.14972527472527472,dynamic_random_6,3.256328799039266,b2a6fba8e516e63e0d1bad2793a6e50f5afdf405f1002eb7bc6ac341b8fbed7b,0,zero,2,2
cells/zero__dynamic_random_6__r1.npz,spatial_transformer,0.24175824175824176,dynamic_random_6,2.742322988019265,7d0495896c3823d4438004b954fd4e91bb341d920ecfe3538fcdfa9ca34a8e30,1,zero,2,2
cells/zero__dynamic_random_6__r2.npz,spatial_transformer,0.33791208791208793,dynamic_random_6,2.3891842956752884,b1a668eb1b8fb882af2723fc2e905719858a22904baa30ed97001259f2054dc8,2,zero,2,2
cells/zero__dynamic_random_6__r3.npz,spatial_transformer,0.2623626373626374,dynamic_random_6,2.740415332419467,a061c6fded572cc1654082e831323f21d670e8d50129db1e50f56fed7b588d22,3,zero,2,2
cells/zero__dynamic_random_6__r4.npz,spatial_transformer,0.2431318681318681,dynamic_random_6,2.7775076722797847,59c9c43c796c43015afc9fb55f9793034fbb4b04b4eb413669590b34c6965431,4,zero,2,2
cells/covariance_frozen__full_22__r0.npz,spatial_transformer,0.5453296703296703,full_22,1.3583803348414358,44bf5da7590b54f378830a575dc9c7eaeade825fac2da2576b6c37e2a82af11f,0,covariance_frozen,2,2
cells/covariance_frozen__random_static_16__r0.npz,spatial_transformer,0.451923076923077,random_static_16,1.4450503077751424,b3d4e657810a2551f5cb45658c5d4eafdedb543fce9b701a5d96c599cabcadb0,0,covariance_frozen,2,2
cells/covariance_frozen__random_static_16__r1.npz,spatial_transformer,0.5082417582417582,random_static_16,1.400544069778862,9e21da9236541505a1556dff10281dc94ede8cf1a2025314f2460c08879068cb,1,covariance_frozen,2,2
cells/covariance_frozen__random_static_16__r2.npz,spatial_transformer,0.5068681318681318,random_static_16,1.4053610459592216,438db99eb97f1fbf007cc970c1d50707d9ec2ef84a03f95af5a3a7ec9f9332d5,2,covariance_frozen,2,2
cells/covariance_frozen__random_static_16__r3.npz,spatial_transformer,0.49038461538461536,random_static_16,1.4393046895111612,db76b04cf8a1ca145a97f33b49cb822aca666d9cc5386e372276efed046cb011,3,covariance_frozen,2,2
cells/covariance_frozen__random_static_16__r4.npz,spatial_transformer,0.4917582417582418,random_static_16,1.400989791255076,fb4e2e3eb3849f3d16392bcb829258efb1d49810742e624d888f1f30c249f19a,4,covariance_frozen,2,2
cells/covariance_frozen__dynamic_random_16__r0.npz,spatial_transformer,0.489010989010989,dynamic_random_16,1.4634890887192915,99ad4191b8c26370b6ba9f660ff7c882a7bf8586a7af4d99f3254a29f361e849,0,covariance_frozen,2,2
cells/covariance_frozen__dynamic_random_16__r1.npz,spatial_transformer,0.5082417582417582,dynamic_random_16,1.3432146230698379,0ade40afd5e2954336ec9f50e38ae5b3a42c6e36f7c1a159f6bdc96fb33950ad,1,covariance_frozen,2,2
cells/covariance_frozen__dynamic_random_16__r2.npz,spatial_transformer,0.5054945054945055,dynamic_random_16,1.4037107770902868,626b9c891b17b92f20206a7f8b498cb0d97937e16b18fd37b3e2304e72196a93,2,covariance_frozen,2,2
cells/covariance_frozen__dynamic_random_16__r3.npz,spatial_transformer,0.4684065934065934,dynamic_random_16,1.445065485400248,be76ea2ae55aea3d37c27c8315970d956eb2a179bbda4fcf70bb9b405fdd448e,3,covariance_frozen,2,2
cells/covariance_frozen__dynamic_random_16__r4.npz,spatial_transformer,0.47115384615384615,dynamic_random_16,1.348227342711526,d14eadc878285e15834aa09f6f604c7eec7deeeead2297193c84f29f7f738527,4,covariance_frozen,2,2
cells/covariance_frozen__random_static_6__r0.npz,spatial_transformer,0.353021978021978,random_static_6,2.2664264092262156,16d2242cc850c8a8d8a13a8bc90dcd9b08dc6c69e6fa22389db3c50b6d15c857,0,covariance_frozen,2,2
cells/covariance_frozen__random_static_6__r1.npz,spatial_transformer,0.3186813186813187,random_static_6,2.036019484839621,d42fc21811b30418e2ee576e533b0764bff1a98c519269b49e41e53d0d258057,1,covariance_frozen,2,2
cells/covariance_frozen__random_static_6__r2.npz,spatial_transformer,0.31868131868131866,random_static_6,2.0355925089686053,fa96fac56f0fb3d0b3018cf808969132f8ef3d5f9e72eefe9b0b2b7ae754c7ca,2,covariance_frozen,2,2
cells/covariance_frozen__random_static_6__r3.npz,spatial_transformer,0.42719780219780223,random_static_6,1.790872246575831,5bcfa32e94b90b03c7443701b5dd5745ababb673149b8729fb63efc48c99a08e,3,covariance_frozen,2,2
cells/covariance_frozen__random_static_6__r4.npz,spatial_transformer,0.3557692307692308,random_static_6,2.0435194451044114,e9452dbb7b23d211bcba8190c0994201dc2cccc8225f8f632e522924df76803c,4,covariance_frozen,2,2
cells/covariance_frozen__dynamic_random_6__r0.npz,spatial_transformer,0.3708791208791209,dynamic_random_6,2.1013643798889263,b2a6fba8e516e63e0d1bad2793a6e50f5afdf405f1002eb7bc6ac341b8fbed7b,0,covariance_frozen,2,2
cells/covariance_frozen__dynamic_random_6__r1.npz,spatial_transformer,0.3337912087912088,dynamic_random_6,1.9718631399404347,7d0495896c3823d4438004b954fd4e91bb341d920ecfe3538fcdfa9ca34a8e30,1,covariance_frozen,2,2
cells/covariance_frozen__dynamic_random_6__r2.npz,spatial_transformer,0.3351648351648352,dynamic_random_6,1.9800352729139674,b1a668eb1b8fb882af2723fc2e905719858a22904baa30ed97001259f2054dc8,2,covariance_frozen,2,2
cells/covariance_frozen__dynamic_random_6__r3.npz,spatial_transformer,0.3708791208791209,dynamic_random_6,2.0598842687558,a061c6fded572cc1654082e831323f21d670e8d50129db1e50f56fed7b588d22,3,covariance_frozen,2,2
cells/covariance_frozen__dynamic_random_6__r4.npz,spatial_transformer,0.2802197802197802,dynamic_random_6,2.1576650593245215,59c9c43c796c43015afc9fb55f9793034fbb4b04b4eb413669590b34c6965431,4,covariance_frozen,2,2
cells/covariance_learned__full_22__r0.npz,spatial_transformer,0.5453296703296703,full_22,1.3583803348414358,44bf5da7590b54f378830a575dc9c7eaeade825fac2da2576b6c37e2a82af11f,0,covariance_learned,2,2
cells/covariance_learned__random_static_16__r0.npz,spatial_transformer,0.5082417582417582,random_static_16,1.4096210101811466,b3d4e657810a2551f5cb45658c5d4eafdedb543fce9b701a5d96c599cabcadb0,0,covariance_learned,2,2
cells/covariance_learned__random_static_16__r1.npz,spatial_transformer,0.48901098901098905,random_static_16,1.378468193491668,9e21da9236541505a1556dff10281dc94ede8cf1a2025314f2460c08879068cb,1,covariance_learned,2,2
cells/covariance_learned__random_static_16__r2.npz,spatial_transformer,0.5453296703296703,random_static_16,1.3838932407177649,438db99eb97f1fbf007cc970c1d50707d9ec2ef84a03f95af5a3a7ec9f9332d5,2,covariance_learned,2,2
cells/covariance_learned__random_static_16__r3.npz,spatial_transformer,0.5096153846153846,random_static_16,1.4534623540834117,db76b04cf8a1ca145a97f33b49cb822aca666d9cc5386e372276efed046cb011,3,covariance_learned,2,2
cells/covariance_learned__random_static_16__r4.npz,spatial_transformer,0.5082417582417582,random_static_16,1.4178802919452989,fb4e2e3eb3849f3d16392bcb829258efb1d49810742e624d888f1f30c249f19a,4,covariance_learned,2,2
cells/covariance_learned__dynamic_random_16__r0.npz,spatial_transformer,0.5068681318681318,dynamic_random_16,1.432665378473446,99ad4191b8c26370b6ba9f660ff7c882a7bf8586a7af4d99f3254a29f361e849,0,covariance_learned,2,2
cells/covariance_learned__dynamic_random_16__r1.npz,spatial_transformer,0.5274725274725275,dynamic_random_16,1.36275717162285,0ade40afd5e2954336ec9f50e38ae5b3a42c6e36f7c1a159f6bdc96fb33950ad,1,covariance_learned,2,2
cells/covariance_learned__dynamic_random_16__r2.npz,spatial_transformer,0.4903846153846154,dynamic_random_16,1.3939190029810615,626b9c891b17b92f20206a7f8b498cb0d97937e16b18fd37b3e2304e72196a93,2,covariance_learned,2,2
cells/covariance_learned__dynamic_random_16__r3.npz,spatial_transformer,0.5068681318681318,dynamic_random_16,1.394896955038006,be76ea2ae55aea3d37c27c8315970d956eb2a179bbda4fcf70bb9b405fdd448e,3,covariance_learned,2,2
cells/covariance_learned__dynamic_random_16__r4.npz,spatial_transformer,0.5631868131868132,dynamic_random_16,1.306117600077439,d14eadc878285e15834aa09f6f604c7eec7deeeead2297193c84f29f7f738527,4,covariance_learned,2,2
cells/covariance_learned__random_static_6__r0.npz,spatial_transformer,0.3928571428571429,random_static_6,1.8786313296017083,16d2242cc850c8a8d8a13a8bc90dcd9b08dc6c69e6fa22389db3c50b6d15c857,0,covariance_learned,2,2
cells/covariance_learned__random_static_6__r1.npz,spatial_transformer,0.4697802197802198,random_static_6,1.6308346011240462,d42fc21811b30418e2ee576e533b0764bff1a98c519269b49e41e53d0d258057,1,covariance_learned,2,2
cells/covariance_learned__random_static_6__r2.npz,spatial_transformer,0.4532967032967033,random_static_6,1.4991345165572467,fa96fac56f0fb3d0b3018cf808969132f8ef3d5f9e72eefe9b0b2b7ae754c7ca,2,covariance_learned,2,2
cells/covariance_learned__random_static_6__r3.npz,spatial_transformer,0.5082417582417583,random_static_6,1.4546245845561463,5bcfa32e94b90b03c7443701b5dd5745ababb673149b8729fb63efc48c99a08e,3,covariance_learned,2,2
cells/covariance_learned__random_static_6__r4.npz,spatial_transformer,0.48489010989010994,random_static_6,1.544580361416739,e9452dbb7b23d211bcba8190c0994201dc2cccc8225f8f632e522924df76803c,4,covariance_learned,2,2
cells/covariance_learned__dynamic_random_6__r0.npz,spatial_transformer,0.489010989010989,dynamic_random_6,1.551106701491993,b2a6fba8e516e63e0d1bad2793a6e50f5afdf405f1002eb7bc6ac341b8fbed7b,0,covariance_learned,2,2
cells/covariance_learned__dynamic_random_6__r1.npz,spatial_transformer,0.48763736263736257,dynamic_random_6,1.3979709552483484,7d0495896c3823d4438004b954fd4e91bb341d920ecfe3538fcdfa9ca34a8e30,1,covariance_learned,2,2
cells/covariance_learned__dynamic_random_6__r2.npz,spatial_transformer,0.4697802197802198,dynamic_random_6,1.389322342503765,b1a668eb1b8fb882af2723fc2e905719858a22904baa30ed97001259f2054dc8,2,covariance_learned,2,2
cells/covariance_learned__dynamic_random_6__r3.npz,spatial_transformer,0.4684065934065934,dynamic_random_6,1.6912923156965545,a061c6fded572cc1654082e831323f21d670e8d50129db1e50f56fed7b588d22,3,covariance_learned,2,2
cells/covariance_learned__dynamic_random_6__r4.npz,spatial_transformer,0.4505494505494505,dynamic_random_6,1.7561592410337183,59c9c43c796c43015afc9fb55f9793034fbb4b04b4eb413669590b34c6965431,4,covariance_learned,2,2
cells/tucker_frozen__full_22__r0.npz,spatial_transformer,0.5453296703296703,full_22,1.3583803348414358,44bf5da7590b54f378830a575dc9c7eaeade825fac2da2576b6c37e2a82af11f,0,tucker_frozen,2,2
cells/tucker_frozen__random_static_16__r0.npz,spatial_transformer,0.24725274725274726,random_static_16,2.956530208064228,b3d4e657810a2551f5cb45658c5d4eafdedb543fce9b701a5d96c599cabcadb0,0,tucker_frozen,2,2
cells/tucker_frozen__random_static_16__r1.npz,spatial_transformer,0.3392857142857143,random_static_16,2.33119268552361,9e21da9236541505a1556dff10281dc94ede8cf1a2025314f2460c08879068cb,1,tucker_frozen,2,2
cells/tucker_frozen__random_static_16__r2.npz,spatial_transformer,0.3557692307692308,random_static_16,2.2672648727809666,438db99eb97f1fbf007cc970c1d50707d9ec2ef84a03f95af5a3a7ec9f9332d5,2,tucker_frozen,2,2
cells/tucker_frozen__random_static_16__r3.npz,spatial_transformer,0.30357142857142855,random_static_16,2.543210052448834,db76b04cf8a1ca145a97f33b49cb822aca666d9cc5386e372276efed046cb011,3,tucker_frozen,2,2
cells/tucker_frozen__random_static_16__r4.npz,spatial_transformer,0.35851648351648346,random_static_16,2.561355702895546,fb4e2e3eb3849f3d16392bcb829258efb1d49810742e624d888f1f30c249f19a,4,tucker_frozen,2,2
cells/tucker_frozen__dynamic_random_16__r0.npz,spatial_transformer,0.28434065934065933,dynamic_random_16,2.3396076225729767,99ad4191b8c26370b6ba9f660ff7c882a7bf8586a7af4d99f3254a29f361e849,0,tucker_frozen,2,2
cells/tucker_frozen__dynamic_random_16__r1.npz,spatial_transformer,0.3585164835164835,dynamic_random_16,2.3549475457302265,0ade40afd5e2954336ec9f50e38ae5b3a42c6e36f7c1a159f6bdc96fb33950ad,1,tucker_frozen,2,2
cells/tucker_frozen__dynamic_random_16__r2.npz,spatial_transformer,0.3585164835164835,dynamic_random_16,2.418018173882169,626b9c891b17b92f20206a7f8b498cb0d97937e16b18fd37b3e2304e72196a93,2,tucker_frozen,2,2
cells/tucker_frozen__dynamic_random_16__r3.npz,spatial_transformer,0.37637362637362637,dynamic_random_16,2.4457911526002145,be76ea2ae55aea3d37c27c8315970d956eb2a179bbda4fcf70bb9b405fdd448e,3,tucker_frozen,2,2
cells/tucker_frozen__dynamic_random_16__r4.npz,spatial_transformer,0.3214285714285714,dynamic_random_16,2.2501303829714363,d14eadc878285e15834aa09f6f604c7eec7deeeead2297193c84f29f7f738527,4,tucker_frozen,2,2
cells/tucker_frozen__random_static_6__r0.npz,spatial_transformer,0.25961538461538464,random_static_6,2.7059325197669057,16d2242cc850c8a8d8a13a8bc90dcd9b08dc6c69e6fa22389db3c50b6d15c857,0,tucker_frozen,2,2
cells/tucker_frozen__random_static_6__r1.npz,spatial_transformer,0.33791208791208793,random_static_6,2.4516272833763857,d42fc21811b30418e2ee576e533b0764bff1a98c519269b49e41e53d0d258057,1,tucker_frozen,2,2
cells/tucker_frozen__random_static_6__r2.npz,spatial_transformer,0.2980769230769231,random_static_6,2.5975016906693718,fa96fac56f0fb3d0b3018cf808969132f8ef3d5f9e72eefe9b0b2b7ae754c7ca,2,tucker_frozen,2,2
cells/tucker_frozen__random_static_6__r3.npz,spatial_transformer,0.2623626373626373,random_static_6,2.853212865114386,5bcfa32e94b90b03c7443701b5dd5745ababb673149b8729fb63efc48c99a08e,3,tucker_frozen,2,2
cells/tucker_frozen__random_static_6__r4.npz,spatial_transformer,0.27884615384615385,random_static_6,3.039945671947404,e9452dbb7b23d211bcba8190c0994201dc2cccc8225f8f632e522924df76803c,4,tucker_frozen,2,2
cells/tucker_frozen__dynamic_random_6__r0.npz,spatial_transformer,0.20604395604395603,dynamic_random_6,3.27802938381071,b2a6fba8e516e63e0d1bad2793a6e50f5afdf405f1002eb7bc6ac341b8fbed7b,0,tucker_frozen,2,2
cells/tucker_frozen__dynamic_random_6__r1.npz,spatial_transformer,0.24313186813186813,dynamic_random_6,2.5959416434269014,7d0495896c3823d4438004b954fd4e91bb341d920ecfe3538fcdfa9ca34a8e30,1,tucker_frozen,2,2
cells/tucker_frozen__dynamic_random_6__r2.npz,spatial_transformer,0.35714285714285715,dynamic_random_6,2.424388895388001,b1a668eb1b8fb882af2723fc2e905719858a22904baa30ed97001259f2054dc8,2,tucker_frozen,2,2
cells/tucker_frozen__dynamic_random_6__r3.npz,spatial_transformer,0.2815934065934066,dynamic_random_6,2.800943538084155,a061c6fded572cc1654082e831323f21d670e8d50129db1e50f56fed7b588d22,3,tucker_frozen,2,2
cells/tucker_frozen__dynamic_random_6__r4.npz,spatial_transformer,0.2074175824175824,dynamic_random_6,2.8290677357490694,59c9c43c796c43015afc9fb55f9793034fbb4b04b4eb413669590b34c6965431,4,tucker_frozen,2,2
cells/tucker_learned__full_22__r0.npz,spatial_transformer,0.5453296703296703,full_22,1.3583803348414358,44bf5da7590b54f378830a575dc9c7eaeade825fac2da2576b6c37e2a82af11f,0,tucker_learned,2,2
cells/tucker_learned__random_static_16__r0.npz,spatial_transformer,0.24725274725274726,random_static_16,2.9020045538273735,b3d4e657810a2551f5cb45658c5d4eafdedb543fce9b701a5d96c599cabcadb0,0,tucker_learned,2,2
cells/tucker_learned__random_static_16__r1.npz,spatial_transformer,0.375,random_static_16,2.369122992737601,9e21da9236541505a1556dff10281dc94ede8cf1a2025314f2460c08879068cb,1,tucker_learned,2,2
cells/tucker_learned__random_static_16__r2.npz,spatial_transformer,0.3557692307692308,random_static_16,2.3169825334316494,438db99eb97f1fbf007cc970c1d50707d9ec2ef84a03f95af5a3a7ec9f9332d5,2,tucker_learned,2,2
cells/tucker_learned__random_static_16__r3.npz,spatial_transformer,0.36126373626373626,random_static_16,2.5363824326199054,db76b04cf8a1ca145a97f33b49cb822aca666d9cc5386e372276efed046cb011,3,tucker_learned,2,2
cells/tucker_learned__random_static_16__r4.npz,spatial_transformer,0.32005494505494503,random_static_16,2.557637322515223,fb4e2e3eb3849f3d16392bcb829258efb1d49810742e624d888f1f30c249f19a,4,tucker_learned,2,2
cells/tucker_learned__dynamic_random_16__r0.npz,spatial_transformer,0.26373626373626374,dynamic_random_16,2.3934336896360917,99ad4191b8c26370b6ba9f660ff7c882a7bf8586a7af4d99f3254a29f361e849,0,tucker_learned,2,2
cells/tucker_learned__dynamic_random_16__r1.npz,spatial_transformer,0.37637362637362637,dynamic_random_16,2.408262481211965,0ade40afd5e2954336ec9f50e38ae5b3a42c6e36f7c1a159f6bdc96fb33950ad,1,tucker_learned,2,2
cells/tucker_learned__dynamic_random_16__r2.npz,spatial_transformer,0.37774725274725274,dynamic_random_16,2.515945231106716,626b9c891b17b92f20206a7f8b498cb0d97937e16b18fd37b3e2304e72196a93,2,tucker_learned,2,2
cells/tucker_learned__dynamic_random_16__r3.npz,spatial_transformer,0.37637362637362637,dynamic_random_16,2.532410176041504,be76ea2ae55aea3d37c27c8315970d956eb2a179bbda4fcf70bb9b405fdd448e,3,tucker_learned,2,2
cells/tucker_learned__dynamic_random_16__r4.npz,spatial_transformer,0.30357142857142855,dynamic_random_16,2.3652929634486988,d14eadc878285e15834aa09f6f604c7eec7deeeead2297193c84f29f7f738527,4,tucker_learned,2,2
cells/tucker_learned__random_static_6__r0.npz,spatial_transformer,0.23901098901098902,random_static_6,2.721659939669207,16d2242cc850c8a8d8a13a8bc90dcd9b08dc6c69e6fa22389db3c50b6d15c857,0,tucker_learned,2,2
cells/tucker_learned__random_static_6__r1.npz,spatial_transformer,0.35302197802197804,random_static_6,2.559764568930752,d42fc21811b30418e2ee576e533b0764bff1a98c519269b49e41e53d0d258057,1,tucker_learned,2,2
cells/tucker_learned__random_static_6__r2.npz,spatial_transformer,0.33379120879120877,random_static_6,2.6167989588402265,fa96fac56f0fb3d0b3018cf808969132f8ef3d5f9e72eefe9b0b2b7ae754c7ca,2,tucker_learned,2,2
cells/tucker_learned__random_static_6__r3.npz,spatial_transformer,0.31730769230769235,random_static_6,2.7328446174254535,5bcfa32e94b90b03c7443701b5dd5745ababb673149b8729fb63efc48c99a08e,3,tucker_learned,2,2
cells/tucker_learned__random_static_6__r4.npz,spatial_transformer,0.27884615384615385,random_static_6,3.0117026439168324,e9452dbb7b23d211bcba8190c0994201dc2cccc8225f8f632e522924df76803c,4,tucker_learned,2,2
cells/tucker_learned__dynamic_random_6__r0.npz,spatial_transformer,0.20467032967032966,dynamic_random_6,3.261220579526411,b2a6fba8e516e63e0d1bad2793a6e50f5afdf405f1002eb7bc6ac341b8fbed7b,0,tucker_learned,2,2
cells/tucker_learned__dynamic_random_6__r1.npz,spatial_transformer,0.260989010989011,dynamic_random_6,2.602030447720893,7d0495896c3823d4438004b954fd4e91bb341d920ecfe3538fcdfa9ca34a8e30,1,tucker_learned,2,2
cells/tucker_learned__dynamic_random_6__r2.npz,spatial_transformer,0.30082417582417587,dynamic_random_6,2.5211913552641043,b1a668eb1b8fb882af2723fc2e905719858a22904baa30ed97001259f2054dc8,2,tucker_learned,2,2
cells/tucker_learned__dynamic_random_6__r3.npz,spatial_transformer,0.3159340659340659,dynamic_random_6,2.8179420312283523,a061c6fded572cc1654082e831323f21d670e8d50129db1e50f56fed7b588d22,3,tucker_learned,2,2
cells/tucker_learned__dynamic_random_6__r4.npz,spatial_transformer,0.22527472527472528,dynamic_random_6,2.745648299206698,59c9c43c796c43015afc9fb55f9793034fbb4b04b4eb413669590b34c6965431,4,tucker_learned,2,2
cells/zero__full_22__r0.npz,spatial_transformer,0.7925824175824177,full_22,0.61740097024897,44bf5da7590b54f378830a575dc9c7eaeade825fac2da2576b6c37e2a82af11f,0,zero,3,0
cells/zero__random_static_16__r0.npz,spatial_transformer,0.4945054945054944,random_static_16,1.3040097897839542,c41d73dfc3450a9baff2a6aa8989d8dfa2cf2ce34edf832287700b1e54a83baa,0,zero,3,0
cells/zero__random_static_16__r1.npz,spatial_transformer,0.6057692307692307,random_static_16,1.2483780743013304,6129c4e49cb70ba044d3702c086fff6041c19fb16eef05b2b12fc92211a0910b,1,zero,3,0
cells/zero__random_static_16__r2.npz,spatial_transformer,0.4945054945054945,random_static_16,1.4372743596993716,2559bba593b5ff080faf4b65434dc88172f72e23c3d34881d9c23f3ef49a87f1,2,zero,3,0
cells/zero__random_static_16__r3.npz,spatial_transformer,0.5508241758241759,random_static_16,1.31989341706588,d39c27bbf4c7628792260fe1a07e1568166cb50c30e0dccd7e039b513d524567,3,zero,3,0
cells/zero__random_static_16__r4.npz,spatial_transformer,0.5480769230769231,random_static_16,1.1903159116767232,80476ef6bc9425ad3cbde384a3b8d1023c949ffeecf870bad7375d4af300af32,4,zero,3,0
cells/zero__dynamic_random_16__r0.npz,spatial_transformer,0.592032967032967,dynamic_random_16,1.3005468758018168,b68f4de322088e1a37a9f53cb10e10f18fd09b426ffde89476b84229c53f5a12,0,zero,3,0
cells/zero__dynamic_random_16__r1.npz,spatial_transformer,0.5164835164835164,dynamic_random_16,1.2587913667275237,cd746c39e269cd4a8f3e4576cc77b94022b4319ac207cc4b82fff14400aa5cb4,1,zero,3,0
cells/zero__dynamic_random_16__r2.npz,spatial_transformer,0.5384615384615384,dynamic_random_16,1.462495551347178,d909ce8fcc5c56564d62a35f72dd3db9309cc0e96208b9e032c5572470ac63f2,2,zero,3,0
cells/zero__dynamic_random_16__r3.npz,spatial_transformer,0.625,dynamic_random_16,1.1405397719447092,92f6d7364408a64a8a0cea100a1bc56e1bfbc97f9fad2e23e99d3d995ee5f1c3,3,zero,3,0
cells/zero__dynamic_random_16__r4.npz,spatial_transformer,0.49862637362637363,dynamic_random_16,1.7132243306852248,6a1561c8d083bdc30a84cb3efa92018aafe6017e5ef1f38323e78dd9e44bf93b,4,zero,3,0
cells/zero__random_static_6__r0.npz,spatial_transformer,0.37774725274725274,random_static_6,2.5521585764906125,2947549daf5d2cbaed88cd69254c080ef6fc70858b4b8cccddcfec0558efd3da,0,zero,3,0
cells/zero__random_static_6__r1.npz,spatial_transformer,0.28708791208791207,random_static_6,2.563409145353383,037e15909def49993b55980d3618fb4a7c273b59969e15ac25778a0f09a634d8,1,zero,3,0
cells/zero__random_static_6__r2.npz,spatial_transformer,0.3804945054945055,random_static_6,2.45240647879512,5dbba6e8fcc37a8c8ca940a38e113c110483835035366beb707a7b644e1e6688,2,zero,3,0
cells/zero__random_static_6__r3.npz,spatial_transformer,0.3282967032967033,random_static_6,2.545670500861022,6a035fd0ab9d4df7474eb1f3c2cdab180f9d42ef4e3271bb7722cf4ab719de3b,3,zero,3,0
cells/zero__random_static_6__r4.npz,spatial_transformer,0.32554945054945056,random_static_6,2.640867387971834,04c3ffae09331ea1fc4aadbad1e9c9f7c71d54b772813ebed3b0f38e48dec130,4,zero,3,0
cells/zero__dynamic_random_6__r0.npz,spatial_transformer,0.26785714285714285,dynamic_random_6,2.556609427427152,969d8334ddc61e2a930dcda2ad430099379265f29414d9f597223af7a511bee0,0,zero,3,0
cells/zero__dynamic_random_6__r1.npz,spatial_transformer,0.27197802197802196,dynamic_random_6,2.327984217241274,8fe94fb6d4c74b102a80c1dc342babe21093d74e0ada96147d2edd11b9825a16,1,zero,3,0
cells/zero__dynamic_random_6__r2.npz,spatial_transformer,0.3076923076923077,dynamic_random_6,2.2109681811426447,91528d54bb5c8b837b59cd6afae9469df41530955032e06b1e74c1f85e3502e8,2,zero,3,0
cells/zero__dynamic_random_6__r3.npz,spatial_transformer,0.271978021978022,dynamic_random_6,2.622206060500567,7b4ddc9f9d5c843b3c1a3b49944dfd5202849495371d7d17bb07bc04052e2063,3,zero,3,0
cells/zero__dynamic_random_6__r4.npz,spatial_transformer,0.3997252747252747,dynamic_random_6,2.090470377240415,c9dea6a07dd306391329e1172045fe7e3008f7bc07aefae4d047f7f2f70525d7,4,zero,3,0
cells/covariance_frozen__full_22__r0.npz,spatial_transformer,0.7925824175824177,full_22,0.61740097024897,44bf5da7590b54f378830a575dc9c7eaeade825fac2da2576b6c37e2a82af11f,0,covariance_frozen,3,0
cells/covariance_frozen__random_static_16__r0.npz,spatial_transformer,0.7733516483516483,random_static_16,0.6611561123230191,c41d73dfc3450a9baff2a6aa8989d8dfa2cf2ce34edf832287700b1e54a83baa,0,covariance_frozen,3,0
cells/covariance_frozen__random_static_16__r1.npz,spatial_transformer,0.7541208791208791,random_static_16,0.6406975651877611,6129c4e49cb70ba044d3702c086fff6041c19fb16eef05b2b12fc92211a0910b,1,covariance_frozen,3,0
cells/covariance_frozen__random_static_16__r2.npz,spatial_transformer,0.7541208791208791,random_static_16,0.6658516340131123,2559bba593b5ff080faf4b65434dc88172f72e23c3d34881d9c23f3ef49a87f1,2,covariance_frozen,3,0
cells/covariance_frozen__random_static_16__r3.npz,spatial_transformer,0.7733516483516483,random_static_16,0.5789852121240144,d39c27bbf4c7628792260fe1a07e1568166cb50c30e0dccd7e039b513d524567,3,covariance_frozen,3,0
cells/covariance_frozen__random_static_16__r4.npz,spatial_transformer,0.7719780219780221,random_static_16,0.5959066254605131,80476ef6bc9425ad3cbde384a3b8d1023c949ffeecf870bad7375d4af300af32,4,covariance_frozen,3,0
cells/covariance_frozen__dynamic_random_16__r0.npz,spatial_transformer,0.7541208791208791,dynamic_random_16,0.6578829192955018,b68f4de322088e1a37a9f53cb10e10f18fd09b426ffde89476b84229c53f5a12,0,covariance_frozen,3,0
cells/covariance_frozen__dynamic_random_16__r1.npz,spatial_transformer,0.7541208791208791,dynamic_random_16,0.6771544980555374,cd746c39e269cd4a8f3e4576cc77b94022b4319ac207cc4b82fff14400aa5cb4,1,covariance_frozen,3,0
cells/covariance_frozen__dynamic_random_16__r2.npz,spatial_transformer,0.7541208791208791,dynamic_random_16,0.6829491751818314,d909ce8fcc5c56564d62a35f72dd3db9309cc0e96208b9e032c5572470ac63f2,2,covariance_frozen,3,0
cells/covariance_frozen__dynamic_random_16__r3.npz,spatial_transformer,0.7348901098901098,dynamic_random_16,0.6526253149115554,92f6d7364408a64a8a0cea100a1bc56e1bfbc97f9fad2e23e99d3d995ee5f1c3,3,covariance_frozen,3,0
cells/covariance_frozen__dynamic_random_16__r4.npz,spatial_transformer,0.7156593406593407,dynamic_random_16,0.6524054119031943,6a1561c8d083bdc30a84cb3efa92018aafe6017e5ef1f38323e78dd9e44bf93b,4,covariance_frozen,3,0
cells/covariance_frozen__random_static_6__r0.npz,spatial_transformer,0.5274725274725276,random_static_6,1.308686665085308,2947549daf5d2cbaed88cd69254c080ef6fc70858b4b8cccddcfec0558efd3da,0,covariance_frozen,3,0
cells/covariance_frozen__random_static_6__r1.npz,spatial_transformer,0.6208791208791209,random_static_6,1.0922851311466188,037e15909def49993b55980d3618fb4a7c273b59969e15ac25778a0f09a634d8,1,covariance_frozen,3,0
cells/covariance_frozen__random_static_6__r2.npz,spatial_transformer,0.6195054945054944,random_static_6,1.056554090228458,5dbba6e8fcc37a8c8ca940a38e113c110483835035366beb707a7b644e1e6688,2,covariance_frozen,3,0
cells/covariance_frozen__random_static_6__r3.npz,spatial_transformer,0.603021978021978,random_static_6,1.0862174770583242,6a035fd0ab9d4df7474eb1f3c2cdab180f9d42ef4e3271bb7722cf4ab719de3b,3,covariance_frozen,3,0
cells/covariance_frozen__random_static_6__r4.npz,spatial_transformer,0.6181318681318682,random_static_6,1.1276715126228294,04c3ffae09331ea1fc4aadbad1e9c9f7c71d54b772813ebed3b0f38e48dec130,4,covariance_frozen,3,0
cells/covariance_frozen__dynamic_random_6__r0.npz,spatial_transformer,0.6387362637362637,dynamic_random_6,1.0786347250518415,969d8334ddc61e2a930dcda2ad430099379265f29414d9f597223af7a511bee0,0,covariance_frozen,3,0
cells/covariance_frozen__dynamic_random_6__r1.npz,spatial_transformer,0.581043956043956,dynamic_random_6,1.099216905476863,8fe94fb6d4c74b102a80c1dc342babe21093d74e0ada96147d2edd11b9825a16,1,covariance_frozen,3,0
cells/covariance_frozen__dynamic_random_6__r2.npz,spatial_transformer,0.5989010989010989,dynamic_random_6,1.1503271039801124,91528d54bb5c8b837b59cd6afae9469df41530955032e06b1e74c1f85e3502e8,2,covariance_frozen,3,0
cells/covariance_frozen__dynamic_random_6__r3.npz,spatial_transformer,0.5659340659340659,dynamic_random_6,1.3338429804245815,7b4ddc9f9d5c843b3c1a3b49944dfd5202849495371d7d17bb07bc04052e2063,3,covariance_frozen,3,0
cells/covariance_frozen__dynamic_random_6__r4.npz,spatial_transformer,0.581043956043956,dynamic_random_6,1.0410820871419442,c9dea6a07dd306391329e1172045fe7e3008f7bc07aefae4d047f7f2f70525d7,4,covariance_frozen,3,0
cells/covariance_learned__full_22__r0.npz,spatial_transformer,0.7925824175824177,full_22,0.61740097024897,44bf5da7590b54f378830a575dc9c7eaeade825fac2da2576b6c37e2a82af11f,0,covariance_learned,3,0
cells/covariance_learned__random_static_16__r0.npz,spatial_transformer,0.7348901098901099,random_static_16,0.675514743540112,c41d73dfc3450a9baff2a6aa8989d8dfa2cf2ce34edf832287700b1e54a83baa,0,covariance_learned,3,0
cells/covariance_learned__random_static_16__r1.npz,spatial_transformer,0.7335164835164836,random_static_16,0.6548525669559501,6129c4e49cb70ba044d3702c086fff6041c19fb16eef05b2b12fc92211a0910b,1,covariance_learned,3,0
cells/covariance_learned__random_static_16__r2.npz,spatial_transformer,0.7554945054945055,random_static_16,0.6693626872023241,2559bba593b5ff080faf4b65434dc88172f72e23c3d34881d9c23f3ef49a87f1,2,covariance_learned,3,0
cells/covariance_learned__random_static_16__r3.npz,spatial_transformer,0.7733516483516483,random_static_16,0.5569300418902657,d39c27bbf4c7628792260fe1a07e1568166cb50c30e0dccd7e039b513d524567,3,covariance_learned,3,0
cells/covariance_learned__random_static_16__r4.npz,spatial_transformer,0.7719780219780221,random_static_16,0.6183172759919541,80476ef6bc9425ad3cbde384a3b8d1023c949ffeecf870bad7375d4af300af32,4,covariance_learned,3,0
cells/covariance_learned__dynamic_random_16__r0.npz,spatial_transformer,0.7719780219780221,dynamic_random_16,0.6399600762369223,b68f4de322088e1a37a9f53cb10e10f18fd09b426ffde89476b84229c53f5a12,0,covariance_learned,3,0
cells/covariance_learned__dynamic_random_16__r1.npz,spatial_transformer,0.7733516483516483,dynamic_random_16,0.6405796672464308,cd746c39e269cd4a8f3e4576cc77b94022b4319ac207cc4b82fff14400aa5cb4,1,covariance_learned,3,0
cells/covariance_learned__dynamic_random_16__r2.npz,spatial_transformer,0.7170329670329672,dynamic_random_16,0.7371367848191198,d909ce8fcc5c56564d62a35f72dd3db9309cc0e96208b9e032c5572470ac63f2,2,covariance_learned,3,0
cells/covariance_learned__dynamic_random_16__r3.npz,spatial_transformer,0.7733516483516483,dynamic_random_16,0.6185063296825001,92f6d7364408a64a8a0cea100a1bc56e1bfbc97f9fad2e23e99d3d995ee5f1c3,3,covariance_learned,3,0
cells/covariance_learned__dynamic_random_16__r4.npz,spatial_transformer,0.7733516483516483,dynamic_random_16,0.6758448747521414,6a1561c8d083bdc30a84cb3efa92018aafe6017e5ef1f38323e78dd9e44bf93b,4,covariance_learned,3,0
cells/covariance_learned__random_static_6__r0.npz,spatial_transformer,0.6964285714285714,random_static_6,0.7859327225288183,2947549daf5d2cbaed88cd69254c080ef6fc70858b4b8cccddcfec0558efd3da,0,covariance_learned,3,0
cells/covariance_learned__random_static_6__r1.npz,spatial_transformer,0.6991758241758241,random_static_6,0.8694393633820932,037e15909def49993b55980d3618fb4a7c273b59969e15ac25778a0f09a634d8,1,covariance_learned,3,0
cells/covariance_learned__random_static_6__r2.npz,spatial_transformer,0.6964285714285714,random_static_6,0.855827017316127,5dbba6e8fcc37a8c8ca940a38e113c110483835035366beb707a7b644e1e6688,2,covariance_learned,3,0
cells/covariance_learned__random_static_6__r3.npz,spatial_transformer,0.6607142857142857,random_static_6,0.8071140490615358,6a035fd0ab9d4df7474eb1f3c2cdab180f9d42ef4e3271bb7722cf4ab719de3b,3,covariance_learned,3,0
cells/covariance_learned__random_static_6__r4.npz,spatial_transformer,0.6978021978021978,random_static_6,0.9059065751063706,04c3ffae09331ea1fc4aadbad1e9c9f7c71d54b772813ebed3b0f38e48dec130,4,covariance_learned,3,0
cells/covariance_learned__dynamic_random_6__r0.npz,spatial_transformer,0.7362637362637363,dynamic_random_6,0.7675155240402597,969d8334ddc61e2a930dcda2ad430099379265f29414d9f597223af7a511bee0,0,covariance_learned,3,0
cells/covariance_learned__dynamic_random_6__r1.npz,spatial_transformer,0.6593406593406593,dynamic_random_6,0.8988876647470927,8fe94fb6d4c74b102a80c1dc342babe21093d74e0ada96147d2edd11b9825a16,1,covariance_learned,3,0
cells/covariance_learned__dynamic_random_6__r2.npz,spatial_transformer,0.7348901098901099,dynamic_random_6,0.7187732581111702,91528d54bb5c8b837b59cd6afae9469df41530955032e06b1e74c1f85e3502e8,2,covariance_learned,3,0
cells/covariance_learned__dynamic_random_6__r3.npz,spatial_transformer,0.6620879120879122,dynamic_random_6,0.8740478501016179,7b4ddc9f9d5c843b3c1a3b49944dfd5202849495371d7d17bb07bc04052e2063,3,covariance_learned,3,0
cells/covariance_learned__dynamic_random_6__r4.npz,spatial_transformer,0.6991758241758241,dynamic_random_6,0.8379972761055633,c9dea6a07dd306391329e1172045fe7e3008f7bc07aefae4d047f7f2f70525d7,4,covariance_learned,3,0
cells/tucker_frozen__full_22__r0.npz,spatial_transformer,0.7925824175824177,full_22,0.61740097024897,44bf5da7590b54f378830a575dc9c7eaeade825fac2da2576b6c37e2a82af11f,0,tucker_frozen,3,0
cells/tucker_frozen__random_static_16__r0.npz,spatial_transformer,0.47527472527472525,random_static_16,1.35162728436073,c41d73dfc3450a9baff2a6aa8989d8dfa2cf2ce34edf832287700b1e54a83baa,0,tucker_frozen,3,0
cells/tucker_frozen__random_static_16__r1.npz,spatial_transformer,0.5480769230769231,random_static_16,1.2249350382594055,6129c4e49cb70ba044d3702c086fff6041c19fb16eef05b2b12fc92211a0910b,1,tucker_frozen,3,0
cells/tucker_frozen__random_static_16__r2.npz,spatial_transformer,0.5123626373626373,random_static_16,1.4041665505941698,2559bba593b5ff080faf4b65434dc88172f72e23c3d34881d9c23f3ef49a87f1,2,tucker_frozen,3,0
cells/tucker_frozen__random_static_16__r3.npz,spatial_transformer,0.5494505494505494,random_static_16,1.2455097761548826,d39c27bbf4c7628792260fe1a07e1568166cb50c30e0dccd7e039b513d524567,3,tucker_frozen,3,0
cells/tucker_frozen__random_static_16__r4.npz,spatial_transformer,0.5082417582417583,random_static_16,1.186680975847659,80476ef6bc9425ad3cbde384a3b8d1023c949ffeecf870bad7375d4af300af32,4,tucker_frozen,3,0
cells/tucker_frozen__dynamic_random_16__r0.npz,spatial_transformer,0.6098901098901099,dynamic_random_16,1.172032506809256,b68f4de322088e1a37a9f53cb10e10f18fd09b426ffde89476b84229c53f5a12,0,tucker_frozen,3,0
cells/tucker_frozen__dynamic_random_16__r1.npz,spatial_transformer,0.5879120879120879,dynamic_random_16,1.1162456460771941,cd746c39e269cd4a8f3e4576cc77b94022b4319ac207cc4b82fff14400aa5cb4,1,tucker_frozen,3,0
cells/tucker_frozen__dynamic_random_16__r2.npz,spatial_transformer,0.6126373626373627,dynamic_random_16,1.2320315719901207,d909ce8fcc5c56564d62a35f72dd3db9309cc0e96208b9e032c5572470ac63f2,2,tucker_frozen,3,0
cells/tucker_frozen__dynamic_random_16__r3.npz,spatial_transformer,0.6634615384615384,dynamic_random_16,1.0544895921842385,92f6d7364408a64a8a0cea100a1bc56e1bfbc97f9fad2e23e99d3d995ee5f1c3,3,tucker_frozen,3,0
cells/tucker_frozen__dynamic_random_16__r4.npz,spatial_transformer,0.4601648351648352,dynamic_random_16,1.6369412406292592,6a1561c8d083bdc30a84cb3efa92018aafe6017e5ef1f38323e78dd9e44bf93b,4,tucker_frozen,3,0
cells/tucker_frozen__random_static_6__r0.npz,spatial_transformer,0.3585164835164835,random_static_6,2.589193208321502,2947549daf5d2cbaed88cd69254c080ef6fc70858b4b8cccddcfec0558efd3da,0,tucker_frozen,3,0
cells/tucker_frozen__random_static_6__r1.npz,spatial_transformer,0.2692307692307692,random_static_6,2.633537679324584,037e15909def49993b55980d3618fb4a7c273b59969e15ac25778a0f09a634d8,1,tucker_frozen,3,0
cells/tucker_frozen__random_static_6__r2.npz,spatial_transformer,0.3214285714285714,random_static_6,2.57809149303042,5dbba6e8fcc37a8c8ca940a38e113c110483835035366beb707a7b644e1e6688,2,tucker_frozen,3,0
cells/tucker_frozen__random_static_6__r3.npz,spatial_transformer,0.2857142857142857,random_static_6,2.680598730034404,6a035fd0ab9d4df7474eb1f3c2cdab180f9d42ef4e3271bb7722cf4ab719de3b,3,tucker_frozen,3,0
cells/tucker_frozen__random_static_6__r4.npz,spatial_transformer,0.2898351648351648,random_static_6,2.76644515846767,04c3ffae09331ea1fc4aadbad1e9c9f7c71d54b772813ebed3b0f38e48dec130,4,tucker_frozen,3,0
cells/tucker_frozen__dynamic_random_6__r0.npz,spatial_transformer,0.2857142857142857,dynamic_random_6,2.711711345853475,969d8334ddc61e2a930dcda2ad430099379265f29414d9f597223af7a511bee0,0,tucker_frozen,3,0
cells/tucker_frozen__dynamic_random_6__r1.npz,spatial_transformer,0.23214285714285715,dynamic_random_6,2.464265055338232,8fe94fb6d4c74b102a80c1dc342babe21093d74e0ada96147d2edd11b9825a16,1,tucker_frozen,3,0
cells/tucker_frozen__dynamic_random_6__r2.npz,spatial_transformer,0.26785714285714285,dynamic_random_6,2.3479172923958522,91528d54bb5c8b837b59cd6afae9469df41530955032e06b1e74c1f85e3502e8,2,tucker_frozen,3,0
cells/tucker_frozen__dynamic_random_6__r3.npz,spatial_transformer,0.21565934065934067,dynamic_random_6,2.739523873646244,7b4ddc9f9d5c843b3c1a3b49944dfd5202849495371d7d17bb07bc04052e2063,3,tucker_frozen,3,0
cells/tucker_frozen__dynamic_random_6__r4.npz,spatial_transformer,0.3791208791208791,dynamic_random_6,2.154753588940992,c9dea6a07dd306391329e1172045fe7e3008f7bc07aefae4d047f7f2f70525d7,4,tucker_frozen,3,0
cells/tucker_learned__full_22__r0.npz,spatial_transformer,0.7925824175824177,full_22,0.61740097024897,44bf5da7590b54f378830a575dc9c7eaeade825fac2da2576b6c37e2a82af11f,0,tucker_learned,3,0
cells/tucker_learned__random_static_16__r0.npz,spatial_transformer,0.5535714285714286,random_static_16,1.1728200951184151,c41d73dfc3450a9baff2a6aa8989d8dfa2cf2ce34edf832287700b1e54a83baa,0,tucker_learned,3,0
cells/tucker_learned__random_static_16__r1.npz,spatial_transformer,0.6057692307692307,random_static_16,1.0726907365607052,6129c4e49cb70ba044d3702c086fff6041c19fb16eef05b2b12fc92211a0910b,1,tucker_learned,3,0
cells/tucker_learned__random_static_16__r2.npz,spatial_transformer,0.5508241758241759,random_static_16,1.2040668813365258,2559bba593b5ff080faf4b65434dc88172f72e23c3d34881d9c23f3ef49a87f1,2,tucker_learned,3,0
cells/tucker_learned__random_static_16__r3.npz,spatial_transformer,0.6634615384615384,random_static_16,0.9459755114463142,d39c27bbf4c7628792260fe1a07e1568166cb50c30e0dccd7e039b513d524567,3,tucker_learned,3,0
cells/tucker_learned__random_static_16__r4.npz,spatial_transformer,0.6826923076923077,random_static_16,0.9733260224030725,80476ef6bc9425ad3cbde384a3b8d1023c949ffeecf870bad7375d4af300af32,4,tucker_learned,3,0
cells/tucker_learned__dynamic_random_16__r0.npz,spatial_transformer,0.6456043956043956,dynamic_random_16,0.9867095446098365,b68f4de322088e1a37a9f53cb10e10f18fd09b426ffde89476b84229c53f5a12,0,tucker_learned,3,0
cells/tucker_learned__dynamic_random_16__r1.npz,spatial_transformer,0.5879120879120879,dynamic_random_16,1.0276908243871532,cd746c39e269cd4a8f3e4576cc77b94022b4319ac207cc4b82fff14400aa5cb4,1,tucker_learned,3,0
cells/tucker_learned__dynamic_random_16__r2.npz,spatial_transformer,0.5755494505494505,dynamic_random_16,1.1526879532153667,d909ce8fcc5c56564d62a35f72dd3db9309cc0e96208b9e032c5572470ac63f2,2,tucker_learned,3,0
cells/tucker_learned__dynamic_random_16__r3.npz,spatial_transformer,0.6634615384615385,dynamic_random_16,0.8910036410589469,92f6d7364408a64a8a0cea100a1bc56e1bfbc97f9fad2e23e99d3d995ee5f1c3,3,tucker_learned,3,0
cells/tucker_learned__dynamic_random_16__r4.npz,spatial_transformer,0.6098901098901098,dynamic_random_16,1.312352885346428,6a1561c8d083bdc30a84cb3efa92018aafe6017e5ef1f38323e78dd9e44bf93b,4,tucker_learned,3,0
cells/tucker_learned__random_static_6__r0.npz,spatial_transformer,0.5357142857142857,random_static_6,1.4853293353324295,2947549daf5d2cbaed88cd69254c080ef6fc70858b4b8cccddcfec0558efd3da,0,tucker_learned,3,0
cells/tucker_learned__random_static_6__r1.npz,spatial_transformer,0.4464285714285714,random_static_6,1.5070954259038791,037e15909def49993b55980d3618fb4a7c273b59969e15ac25778a0f09a634d8,1,tucker_learned,3,0
cells/tucker_learned__random_static_6__r2.npz,spatial_transformer,0.44368131868131866,random_static_6,1.617632459529304,5dbba6e8fcc37a8c8ca940a38e113c110483835035366beb707a7b644e1e6688,2,tucker_learned,3,0
cells/tucker_learned__random_static_6__r3.npz,spatial_transformer,0.46291208791208793,random_static_6,1.7865014709103155,6a035fd0ab9d4df7474eb1f3c2cdab180f9d42ef4e3271bb7722cf4ab719de3b,3,tucker_learned,3,0
cells/tucker_learned__random_static_6__r4.npz,spatial_transformer,0.40796703296703296,random_static_6,1.9345597688436773,04c3ffae09331ea1fc4aadbad1e9c9f7c71d54b772813ebed3b0f38e48dec130,4,tucker_learned,3,0
cells/tucker_learned__dynamic_random_6__r0.npz,spatial_transformer,0.5178571428571429,dynamic_random_6,1.5508259263703092,969d8334ddc61e2a930dcda2ad430099379265f29414d9f597223af7a511bee0,0,tucker_learned,3,0
cells/tucker_learned__dynamic_random_6__r1.npz,spatial_transformer,0.46153846153846156,dynamic_random_6,1.3335252176791228,8fe94fb6d4c74b102a80c1dc342babe21093d74e0ada96147d2edd11b9825a16,1,tucker_learned,3,0
cells/tucker_learned__dynamic_random_6__r2.npz,spatial_transformer,0.554945054945055,dynamic_random_6,1.3854581400336632,91528d54bb5c8b837b59cd6afae9469df41530955032e06b1e74c1f85e3502e8,2,tucker_learned,3,0
cells/tucker_learned__dynamic_random_6__r3.npz,spatial_transformer,0.4285714285714286,dynamic_random_6,1.729601399611953,7b4ddc9f9d5c843b3c1a3b49944dfd5202849495371d7d17bb07bc04052e2063,3,tucker_learned,3,0
cells/tucker_learned__dynamic_random_6__r4.npz,spatial_transformer,0.5851648351648352,dynamic_random_6,1.0837834235980472,c9dea6a07dd306391329e1172045fe7e3008f7bc07aefae4d047f7f2f70525d7,4,tucker_learned,3,0
cells/zero__full_22__r0.npz,spatial_transformer,0.7733516483516483,full_22,0.6450807447573924,44bf5da7590b54f378830a575dc9c7eaeade825fac2da2576b6c37e2a82af11f,0,zero,3,1
cells/zero__random_static_16__r0.npz,spatial_transformer,0.47939560439560436,random_static_16,1.731210430877661,64158255abc1569fb737ac70eeef2e2803a6727e3a00f2fff10874a6a2adcadd,0,zero,3,1
cells/zero__random_static_16__r1.npz,spatial_transformer,0.5370879120879122,random_static_16,1.4012239690091421,d81b8d79c32a40614f782378d974fdc139cc3d416dda2e2946fee226fbce30b6,1,zero,3,1
cells/zero__random_static_16__r2.npz,spatial_transformer,0.44368131868131866,random_static_16,1.850397856977335,14900057bf7b738f9204950f7b6102bb40e284857c8b3bdb3a6c51a505ea2ecc,2,zero,3,1
cells/zero__random_static_16__r3.npz,spatial_transformer,0.5013736263736264,random_static_16,1.6677187690312338,8172d0f94183deacd4a847ecc5a13a32a17d961fe6ed82fdcdcfa40d3bb3d017,3,zero,3,1
cells/zero__random_static_16__r4.npz,spatial_transformer,0.4244505494505495,random_static_16,1.9126929009544316,f555de91050e0cc1f6bb14ebb20bbe3af1bec95f737cfb40398be9033a2f3722,4,zero,3,1
cells/zero__dynamic_random_16__r0.npz,spatial_transformer,0.5563186813186813,dynamic_random_16,1.367618322634623,4f62967c21badbeaf60bc23c4f4d97153fe2d60068bcf8991e9a8cffc22bd27e,0,zero,3,1
cells/zero__dynamic_random_16__r1.npz,spatial_transformer,0.5755494505494505,dynamic_random_16,1.3024995252443665,3e8e03415fea1d51983b3f4b39d852df6d940860c9db3c4c78cb78f97c141a44,1,zero,3,1
cells/zero__dynamic_random_16__r2.npz,spatial_transformer,0.5357142857142857,dynamic_random_16,1.3116240065320588,b3cf58b8f9516618b8af4c62ccf310d79f90a6f382efeafd1be467e809fcd44a,2,zero,3,1
cells/zero__dynamic_random_16__r3.npz,spatial_transformer,0.48489010989010994,dynamic_random_16,1.595399093928619,2ee7b68df2cf91475089378bc0a6e0a48998151116b915326e2a9e0b70b73673,3,zero,3,1
cells/zero__dynamic_random_16__r4.npz,spatial_transformer,0.5164835164835164,dynamic_random_16,1.5422065476880475,01ddbe969f7f5f5a5cad568d6d4da74896221f4702378de5e5d02830964f2ebb,4,zero,3,1
cells/zero__random_static_6__r0.npz,spatial_transformer,0.4519230769230769,random_static_6,1.972904589199565,21e5a5195ad33056d9ce34c850cda32f2801021c8b7c3e08201a8cbaee7ed8b0,0,zero,3,1
cells/zero__random_static_6__r1.npz,spatial_transformer,0.32554945054945056,random_static_6,2.3803755224370886,ed0a6c7bfe2e2979d3967297367a222bc2ca8dc4df5e28661ef20cddd31da950,1,zero,3,1
cells/zero__random_static_6__r2.npz,spatial_transformer,0.3434065934065934,random_static_6,2.446748195462434,9e207c0e61db72a0b91962e951d6250e21cb570e41f721a1cc749323748a56e5,2,zero,3,1
cells/zero__random_static_6__r3.npz,spatial_transformer,0.3475274725274725,random_static_6,2.465351624526211,c935c37ee13e09e2a852c3b0fd0fc424f5dba3e805b6fc699db92893105b726a,3,zero,3,1
cells/zero__random_static_6__r4.npz,spatial_transformer,0.3090659340659341,random_static_6,2.4780683719201373,74b02a1b3b2acfb546ba9aa1e1841eb3169bdefcb7f1e89e2910c9ee5acb75c2,4,zero,3,1
cells/zero__dynamic_random_6__r0.npz,spatial_transformer,0.3653846153846154,dynamic_random_6,2.493699772946224,65acec71a9fc3094796869c269acbfa48f3b3b05fb7a321e2cdf494562fabd4c,0,zero,3,1
cells/zero__dynamic_random_6__r1.npz,spatial_transformer,0.3282967032967033,dynamic_random_6,2.1579627444218854,d0bf8c53fcbcb32ecc307e0867e405cb2196ebbfa871c72ad25096c4e15575c4,1,zero,3,1
cells/zero__dynamic_random_6__r2.npz,spatial_transformer,0.3832417582417582,dynamic_random_6,2.2214794249437895,54d3000f3de5fa97f255798a6d9621df80a01139b64802e8afc8c3bda54c3ff0,2,zero,3,1
cells/zero__dynamic_random_6__r3.npz,spatial_transformer,0.3076923076923077,dynamic_random_6,2.3341862050078928,1b373b5ae7466d8867ec61bbc2cae80e877012f8d4609de8fa292b8f7379ee37,3,zero,3,1
cells/zero__dynamic_random_6__r4.npz,spatial_transformer,0.456043956043956,dynamic_random_6,2.0332845111712827,599e3fa872fff342f7a483397119e3b884ceb70badc3314708f92e3079830953,4,zero,3,1
cells/covariance_frozen__full_22__r0.npz,spatial_transformer,0.7733516483516483,full_22,0.6450807447573924,44bf5da7590b54f378830a575dc9c7eaeade825fac2da2576b6c37e2a82af11f,0,covariance_frozen,3,1
cells/covariance_frozen__random_static_16__r0.npz,spatial_transformer,0.7170329670329672,random_static_16,0.673515287325307,64158255abc1569fb737ac70eeef2e2803a6727e3a00f2fff10874a6a2adcadd,0,covariance_frozen,3,1
cells/covariance_frozen__random_static_16__r1.npz,spatial_transformer,0.6978021978021978,random_static_16,0.6604725395949012,d81b8d79c32a40614f782378d974fdc139cc3d416dda2e2946fee226fbce30b6,1,covariance_frozen,3,1
cells/covariance_frozen__random_static_16__r2.npz,spatial_transformer,0.6978021978021978,random_static_16,0.7483358103780757,14900057bf7b738f9204950f7b6102bb40e284857c8b3bdb3a6c51a505ea2ecc,2,covariance_frozen,3,1
cells/covariance_frozen__random_static_16__r3.npz,spatial_transformer,0.7733516483516483,random_static_16,0.6566295835248213,8172d0f94183deacd4a847ecc5a13a32a17d961fe6ed82fdcdcfa40d3bb3d017,3,covariance_frozen,3,1
cells/covariance_frozen__random_static_16__r4.npz,spatial_transformer,0.6964285714285714,random_static_16,0.7004379649346385,f555de91050e0cc1f6bb14ebb20bbe3af1bec95f737cfb40398be9033a2f3722,4,covariance_frozen,3,1
cells/covariance_frozen__dynamic_random_16__r0.npz,spatial_transformer,0.7541208791208791,dynamic_random_16,0.644757304299782,4f62967c21badbeaf60bc23c4f4d97153fe2d60068bcf8991e9a8cffc22bd27e,0,covariance_frozen,3,1
cells/covariance_frozen__dynamic_random_16__r1.npz,spatial_transformer,0.7348901098901099,dynamic_random_16,0.6314343702768969,3e8e03415fea1d51983b3f4b39d852df6d940860c9db3c4c78cb78f97c141a44,1,covariance_frozen,3,1
cells/covariance_frozen__dynamic_random_16__r2.npz,spatial_transformer,0.7335164835164836,dynamic_random_16,0.654661777193346,b3cf58b8f9516618b8af4c62ccf310d79f90a6f382efeafd1be467e809fcd44a,2,covariance_frozen,3,1
cells/covariance_frozen__dynamic_random_16__r3.npz,spatial_transformer,0.7733516483516483,dynamic_random_16,0.66722782380934,2ee7b68df2cf91475089378bc0a6e0a48998151116b915326e2a9e0b70b73673,3,covariance_frozen,3,1
cells/covariance_frozen__dynamic_random_16__r4.npz,spatial_transformer,0.7541208791208791,dynamic_random_16,0.6798459840053814,01ddbe969f7f5f5a5cad568d6d4da74896221f4702378de5e5d02830964f2ebb,4,covariance_frozen,3,1
cells/covariance_frozen__random_static_6__r0.npz,spatial_transformer,0.5837912087912087,random_static_6,1.1604422229060785,21e5a5195ad33056d9ce34c850cda32f2801021c8b7c3e08201a8cbaee7ed8b0,0,covariance_frozen,3,1
cells/covariance_frozen__random_static_6__r1.npz,spatial_transformer,0.5631868131868132,random_static_6,1.2532646945969428,ed0a6c7bfe2e2979d3967297367a222bc2ca8dc4df5e28661ef20cddd31da950,1,covariance_frozen,3,1
cells/covariance_frozen__random_static_6__r2.npz,spatial_transformer,0.5068681318681318,random_static_6,1.5249324995145326,9e207c0e61db72a0b91962e951d6250e21cb570e41f721a1cc749323748a56e5,2,covariance_frozen,3,1
cells/covariance_frozen__random_static_6__r3.npz,spatial_transformer,0.5837912087912087,random_static_6,1.2579217560411218,c935c37ee13e09e2a852c3b0fd0fc424f5dba3e805b6fc699db92893105b726a,3,covariance_frozen,3,1
cells/covariance_frozen__random_static_6__r4.npz,spatial_transformer,0.5453296703296703,random_static_6,1.2702628420626783,74b02a1b3b2acfb546ba9aa1e1841eb3169bdefcb7f1e89e2910c9ee5acb75c2,4,covariance_frozen,3,1
cells/covariance_frozen__dynamic_random_6__r0.npz,spatial_transformer,0.5659340659340659,dynamic_random_6,1.1678352394296565,65acec71a9fc3094796869c269acbfa48f3b3b05fb7a321e2cdf494562fabd4c,0,covariance_frozen,3,1
cells/covariance_frozen__dynamic_random_6__r1.npz,spatial_transformer,0.5631868131868132,dynamic_random_6,1.1326284690329125,d0bf8c53fcbcb32ecc307e0867e405cb2196ebbfa871c72ad25096c4e15575c4,1,covariance_frozen,3,1
cells/covariance_frozen__dynamic_random_6__r2.npz,spatial_transformer,0.5837912087912087,dynamic_random_6,1.2944607512080792,54d3000f3de5fa97f255798a6d9621df80a01139b64802e8afc8c3bda54c3ff0,2,covariance_frozen,3,1
cells/covariance_frozen__dynamic_random_6__r3.npz,spatial_transformer,0.5837912087912087,dynamic_random_6,1.197027391125604,1b373b5ae7466d8867ec61bbc2cae80e877012f8d4609de8fa292b8f7379ee37,3,covariance_frozen,3,1
cells/covariance_frozen__dynamic_random_6__r4.npz,spatial_transformer,0.6002747252747253,dynamic_random_6,1.005716560605309,599e3fa872fff342f7a483397119e3b884ceb70badc3314708f92e3079830953,4,covariance_frozen,3,1
cells/covariance_learned__full_22__r0.npz,spatial_transformer,0.7733516483516483,full_22,0.6450807447573924,44bf5da7590b54f378830a575dc9c7eaeade825fac2da2576b6c37e2a82af11f,0,covariance_learned,3,1
cells/covariance_learned__random_static_16__r0.npz,spatial_transformer,0.7348901098901099,random_static_16,0.6747689271482123,64158255abc1569fb737ac70eeef2e2803a6727e3a00f2fff10874a6a2adcadd,0,covariance_learned,3,1
cells/covariance_learned__random_static_16__r1.npz,spatial_transformer,0.6991758241758241,random_static_16,0.6983099507280449,d81b8d79c32a40614f782378d974fdc139cc3d416dda2e2946fee226fbce30b6,1,covariance_learned,3,1
cells/covariance_learned__random_static_16__r2.npz,spatial_transformer,0.7348901098901099,random_static_16,0.700056737507822,14900057bf7b738f9204950f7b6102bb40e284857c8b3bdb3a6c51a505ea2ecc,2,covariance_learned,3,1
cells/covariance_learned__random_static_16__r3.npz,spatial_transformer,0.7554945054945055,random_static_16,0.6750320659683702,8172d0f94183deacd4a847ecc5a13a32a17d961fe6ed82fdcdcfa40d3bb3d017,3,covariance_learned,3,1
cells/covariance_learned__random_static_16__r4.npz,spatial_transformer,0.6964285714285714,random_static_16,0.6859808986782076,f555de91050e0cc1f6bb14ebb20bbe3af1bec95f737cfb40398be9033a2f3722,4,covariance_learned,3,1
cells/covariance_learned__dynamic_random_16__r0.npz,spatial_transformer,0.7527472527472527,dynamic_random_16,0.625445842653774,4f62967c21badbeaf60bc23c4f4d97153fe2d60068bcf8991e9a8cffc22bd27e,0,covariance_learned,3,1
cells/covariance_learned__dynamic_random_16__r1.npz,spatial_transformer,0.7733516483516483,dynamic_random_16,0.6467330136730401,3e8e03415fea1d51983b3f4b39d852df6d940860c9db3c4c78cb78f97c141a44,1,covariance_learned,3,1
cells/covariance_learned__dynamic_random_16__r2.npz,spatial_transformer,0.7541208791208791,dynamic_random_16,0.6346288285503605,b3cf58b8f9516618b8af4c62ccf310d79f90a6f382efeafd1be467e809fcd44a,2,covariance_learned,3,1
cells/covariance_learned__dynamic_random_16__r3.npz,spatial_transformer,0.7733516483516483,dynamic_random_16,0.6297861321750725,2ee7b68df2cf91475089378bc0a6e0a48998151116b915326e2a9e0b70b73673,3,covariance_learned,3,1
cells/covariance_learned__dynamic_random_16__r4.npz,spatial_transformer,0.7541208791208791,dynamic_random_16,0.6934906512593394,01ddbe969f7f5f5a5cad568d6d4da74896221f4702378de5e5d02830964f2ebb,4,covariance_learned,3,1
cells/covariance_learned__random_static_6__r0.npz,spatial_transformer,0.6236263736263736,random_static_6,1.0349959626330665,21e5a5195ad33056d9ce34c850cda32f2801021c8b7c3e08201a8cbaee7ed8b0,0,covariance_learned,3,1
cells/covariance_learned__random_static_6__r1.npz,spatial_transformer,0.6593406593406593,random_static_6,0.9354861738562456,ed0a6c7bfe2e2979d3967297367a222bc2ca8dc4df5e28661ef20cddd31da950,1,covariance_learned,3,1
cells/covariance_learned__random_static_6__r2.npz,spatial_transformer,0.6593406593406593,random_static_6,0.9585642272126718,9e207c0e61db72a0b91962e951d6250e21cb570e41f721a1cc749323748a56e5,2,covariance_learned,3,1
cells/covariance_learned__random_static_6__r3.npz,spatial_transformer,0.7156593406593406,random_static_6,0.7903381431954553,c935c37ee13e09e2a852c3b0fd0fc424f5dba3e805b6fc699db92893105b726a,3,covariance_learned,3,1
cells/covariance_learned__random_static_6__r4.npz,spatial_transformer,0.5494505494505495,random_static_6,1.0576584978147958,74b02a1b3b2acfb546ba9aa1e1841eb3169bdefcb7f1e89e2910c9ee5acb75c2,4,covariance_learned,3,1
cells/covariance_learned__dynamic_random_6__r0.npz,spatial_transformer,0.657967032967033,dynamic_random_6,0.8340289390328914,65acec71a9fc3094796869c269acbfa48f3b3b05fb7a321e2cdf494562fabd4c,0,covariance_learned,3,1
cells/covariance_learned__dynamic_random_6__r1.npz,spatial_transformer,0.6785714285714286,dynamic_random_6,0.8239020763297672,d0bf8c53fcbcb32ecc307e0867e405cb2196ebbfa871c72ad25096c4e15575c4,1,covariance_learned,3,1
cells/covariance_learned__dynamic_random_6__r2.npz,spatial_transformer,0.695054945054945,dynamic_random_6,0.7808793159144279,54d3000f3de5fa97f255798a6d9621df80a01139b64802e8afc8c3bda54c3ff0,2,covariance_learned,3,1
cells/covariance_learned__dynamic_random_6__r3.npz,spatial_transformer,0.6414835164835164,dynamic_random_6,0.7922129288454925,1b373b5ae7466d8867ec61bbc2cae80e877012f8d4609de8fa292b8f7379ee37,3,covariance_learned,3,1
cells/covariance_learned__dynamic_random_6__r4.npz,spatial_transformer,0.6964285714285714,dynamic_random_6,0.7512065996838659,599e3fa872fff342f7a483397119e3b884ceb70badc3314708f92e3079830953,4,covariance_learned,3,1
cells/tucker_frozen__full_22__r0.npz,spatial_transformer,0.7733516483516483,full_22,0.6450807447573924,44bf5da7590b54f378830a575dc9c7eaeade825fac2da2576b6c37e2a82af11f,0,tucker_frozen,3,1
cells/tucker_frozen__random_static_16__r0.npz,spatial_transformer,0.5714285714285714,random_static_16,1.474553287397166,64158255abc1569fb737ac70eeef2e2803a6727e3a00f2fff10874a6a2adcadd,0,tucker_frozen,3,1
cells/tucker_frozen__random_static_16__r1.npz,spatial_transformer,0.5906593406593408,random_static_16,1.2135242213690989,d81b8d79c32a40614f782378d974fdc139cc3d416dda2e2946fee226fbce30b6,1,tucker_frozen,3,1
cells/tucker_frozen__random_static_16__r2.npz,spatial_transformer,0.47939560439560436,random_static_16,1.734602239315308,14900057bf7b738f9204950f7b6102bb40e284857c8b3bdb3a6c51a505ea2ecc,2,tucker_frozen,3,1
cells/tucker_frozen__random_static_16__r3.npz,spatial_transformer,0.5357142857142857,random_static_16,1.5366335020096826,8172d0f94183deacd4a847ecc5a13a32a17d961fe6ed82fdcdcfa40d3bb3d017,3,tucker_frozen,3,1
cells/tucker_frozen__random_static_16__r4.npz,spatial_transformer,0.45879120879120877,random_static_16,1.837773841391882,f555de91050e0cc1f6bb14ebb20bbe3af1bec95f737cfb40398be9033a2f3722,4,tucker_frozen,3,1
cells/tucker_frozen__dynamic_random_16__r0.npz,spatial_transformer,0.5741758241758241,dynamic_random_16,1.0675542780619256,4f62967c21badbeaf60bc23c4f4d97153fe2d60068bcf8991e9a8cffc22bd27e,0,tucker_frozen,3,1
cells/tucker_frozen__dynamic_random_16__r1.npz,spatial_transformer,0.6085164835164836,dynamic_random_16,1.0520741760155128,3e8e03415fea1d51983b3f4b39d852df6d940860c9db3c4c78cb78f97c141a44,1,tucker_frozen,3,1
cells/tucker_frozen__dynamic_random_16__r2.npz,spatial_transformer,0.6071428571428572,dynamic_random_16,1.1963176380243097,b3cf58b8f9516618b8af4c62ccf310d79f90a6f382efeafd1be467e809fcd44a,2,tucker_frozen,3,1
cells/tucker_frozen__dynamic_random_16__r3.npz,spatial_transformer,0.5370879120879122,dynamic_random_16,1.282042103487813,2ee7b68df2cf91475089378bc0a6e0a48998151116b915326e2a9e0b70b73673,3,tucker_frozen,3,1
cells/tucker_frozen__dynamic_random_16__r4.npz,spatial_transformer,0.5357142857142857,dynamic_random_16,1.3587718410979834,01ddbe969f7f5f5a5cad568d6d4da74896221f4702378de5e5d02830964f2ebb,4,tucker_frozen,3,1
cells/tucker_frozen__random_static_6__r0.npz,spatial_transformer,0.4326923076923077,random_static_6,2.1007029723094828,21e5a5195ad33056d9ce34c850cda32f2801021c8b7c3e08201a8cbaee7ed8b0,0,tucker_frozen,3,1
cells/tucker_frozen__random_static_6__r1.npz,spatial_transformer,0.30631868131868134,random_static_6,2.458434010323618,ed0a6c7bfe2e2979d3967297367a222bc2ca8dc4df5e28661ef20cddd31da950,1,tucker_frozen,3,1
cells/tucker_frozen__random_static_6__r2.npz,spatial_transformer,0.2857142857142857,random_static_6,2.7942214563509338,9e207c0e61db72a0b91962e951d6250e21cb570e41f721a1cc749323748a56e5,2,tucker_frozen,3,1
cells/tucker_frozen__random_static_6__r3.npz,spatial_transformer,0.31043956043956045,random_static_6,2.4908961085691637,c935c37ee13e09e2a852c3b0fd0fc424f5dba3e805b6fc699db92893105b726a,3,tucker_frozen,3,1
cells/tucker_frozen__random_static_6__r4.npz,spatial_transformer,0.28708791208791207,random_static_6,2.562672132405612,74b02a1b3b2acfb546ba9aa1e1841eb3169bdefcb7f1e89e2910c9ee5acb75c2,4,tucker_frozen,3,1
cells/tucker_frozen__dynamic_random_6__r0.npz,spatial_transformer,0.3090659340659341,dynamic_random_6,2.462930040946954,65acec71a9fc3094796869c269acbfa48f3b3b05fb7a321e2cdf494562fabd4c,0,tucker_frozen,3,1
cells/tucker_frozen__dynamic_random_6__r1.npz,spatial_transformer,0.3076923076923077,dynamic_random_6,2.2758491264875116,d0bf8c53fcbcb32ecc307e0867e405cb2196ebbfa871c72ad25096c4e15575c4,1,tucker_frozen,3,1
cells/tucker_frozen__dynamic_random_6__r2.npz,spatial_transformer,0.36126373626373626,dynamic_random_6,2.2995387891446937,54d3000f3de5fa97f255798a6d9621df80a01139b64802e8afc8c3bda54c3ff0,2,tucker_frozen,3,1
cells/tucker_frozen__dynamic_random_6__r3.npz,spatial_transformer,0.30631868131868134,dynamic_random_6,2.39979452386539,1b373b5ae7466d8867ec61bbc2cae80e877012f8d4609de8fa292b8f7379ee37,3,tucker_frozen,3,1
cells/tucker_frozen__dynamic_random_6__r4.npz,spatial_transformer,0.3612637362637363,dynamic_random_6,2.2144319334902143,599e3fa872fff342f7a483397119e3b884ceb70badc3314708f92e3079830953,4,tucker_frozen,3,1
cells/tucker_learned__full_22__r0.npz,spatial_transformer,0.7733516483516483,full_22,0.6450807447573924,44bf5da7590b54f378830a575dc9c7eaeade825fac2da2576b6c37e2a82af11f,0,tucker_learned,3,1
cells/tucker_learned__random_static_16__r0.npz,spatial_transformer,0.570054945054945,random_static_16,1.319597368494175,64158255abc1569fb737ac70eeef2e2803a6727e3a00f2fff10874a6a2adcadd,0,tucker_learned,3,1
cells/tucker_learned__random_static_16__r1.npz,spatial_transformer,0.6098901098901099,random_static_16,1.0984172950182005,d81b8d79c32a40614f782378d974fdc139cc3d416dda2e2946fee226fbce30b6,1,tucker_learned,3,1
cells/tucker_learned__random_static_16__r2.npz,spatial_transformer,0.4601648351648352,random_static_16,1.534845615374245,14900057bf7b738f9204950f7b6102bb40e284857c8b3bdb3a6c51a505ea2ecc,2,tucker_learned,3,1
cells/tucker_learned__random_static_16__r3.npz,spatial_transformer,0.5,random_static_16,1.4209638938007265,8172d0f94183deacd4a847ecc5a13a32a17d961fe6ed82fdcdcfa40d3bb3d017,3,tucker_learned,3,1
cells/tucker_learned__random_static_16__r4.npz,spatial_transformer,0.5370879120879121,random_static_16,1.4914339456408388,f555de91050e0cc1f6bb14ebb20bbe3af1bec95f737cfb40398be9033a2f3722,4,tucker_learned,3,1
cells/tucker_learned__dynamic_random_16__r0.npz,spatial_transformer,0.6840659340659341,dynamic_random_16,0.9359244972532352,4f62967c21badbeaf60bc23c4f4d97153fe2d60068bcf8991e9a8cffc22bd27e,0,tucker_learned,3,1
cells/tucker_learned__dynamic_random_16__r1.npz,spatial_transformer,0.6456043956043956,dynamic_random_16,1.039889679080184,3e8e03415fea1d51983b3f4b39d852df6d940860c9db3c4c78cb78f97c141a44,1,tucker_learned,3,1
cells/tucker_learned__dynamic_random_16__r2.npz,spatial_transformer,0.6098901098901098,dynamic_random_16,1.0800921842218603,b3cf58b8f9516618b8af4c62ccf310d79f90a6f382efeafd1be467e809fcd44a,2,tucker_learned,3,1
cells/tucker_learned__dynamic_random_16__r3.npz,spatial_transformer,0.6126373626373627,dynamic_random_16,1.1888819407251598,2ee7b68df2cf91475089378bc0a6e0a48998151116b915326e2a9e0b70b73673,3,tucker_learned,3,1
cells/tucker_learned__dynamic_random_16__r4.npz,spatial_transformer,0.5714285714285714,dynamic_random_16,1.2445684107530894,01ddbe969f7f5f5a5cad568d6d4da74896221f4702378de5e5d02830964f2ebb,4,tucker_learned,3,1
cells/tucker_learned__random_static_6__r0.npz,spatial_transformer,0.43956043956043955,random_static_6,1.6502018051791862,21e5a5195ad33056d9ce34c850cda32f2801021c8b7c3e08201a8cbaee7ed8b0,0,tucker_learned,3,1
cells/tucker_learned__random_static_6__r1.npz,spatial_transformer,0.47527472527472525,random_static_6,1.6522915970233072,ed0a6c7bfe2e2979d3967297367a222bc2ca8dc4df5e28661ef20cddd31da950,1,tucker_learned,3,1
cells/tucker_learned__random_static_6__r2.npz,spatial_transformer,0.4409340659340659,random_static_6,1.8045054479420297,9e207c0e61db72a0b91962e951d6250e21cb570e41f721a1cc749323748a56e5,2,tucker_learned,3,1
cells/tucker_learned__random_static_6__r3.npz,spatial_transformer,0.40796703296703296,random_static_6,1.8424315070853075,c935c37ee13e09e2a852c3b0fd0fc424f5dba3e805b6fc699db92893105b726a,3,tucker_learned,3,1
cells/tucker_learned__random_static_6__r4.npz,spatial_transformer,0.3653846153846154,random_static_6,1.8256163098178277,74b02a1b3b2acfb546ba9aa1e1841eb3169bdefcb7f1e89e2910c9ee5acb75c2,4,tucker_learned,3,1
cells/tucker_learned__dynamic_random_6__r0.npz,spatial_transformer,0.42994505494505497,dynamic_random_6,1.7681684227587686,65acec71a9fc3094796869c269acbfa48f3b3b05fb7a321e2cdf494562fabd4c,0,tucker_learned,3,1
cells/tucker_learned__dynamic_random_6__r1.npz,spatial_transformer,0.44368131868131866,dynamic_random_6,1.6036994929580002,d0bf8c53fcbcb32ecc307e0867e405cb2196ebbfa871c72ad25096c4e15575c4,1,tucker_learned,3,1
cells/tucker_learned__dynamic_random_6__r2.npz,spatial_transformer,0.5164835164835164,dynamic_random_6,1.232214567444807,54d3000f3de5fa97f255798a6d9621df80a01139b64802e8afc8c3bda54c3ff0,2,tucker_learned,3,1
cells/tucker_learned__dynamic_random_6__r3.npz,spatial_transformer,0.49862637362637363,dynamic_random_6,1.5558770800241073,1b373b5ae7466d8867ec61bbc2cae80e877012f8d4609de8fa292b8f7379ee37,3,tucker_learned,3,1
cells/tucker_learned__dynamic_random_6__r4.npz,spatial_transformer,0.46153846153846156,dynamic_random_6,1.6874678229668902,599e3fa872fff342f7a483397119e3b884ceb70badc3314708f92e3079830953,4,tucker_learned,3,1
cells/zero__full_22__r0.npz,spatial_transformer,0.831043956043956,full_22,0.562017647552879,44bf5da7590b54f378830a575dc9c7eaeade825fac2da2576b6c37e2a82af11f,0,zero,3,2
cells/zero__random_static_16__r0.npz,spatial_transformer,0.46016483516483514,random_static_16,1.594157644598859,9c985172ea46650a31dc23eef30c35c072ef316d0246aa25b3428bcd2f2dbab5,0,zero,3,2
cells/zero__random_static_16__r1.npz,spatial_transformer,0.42719780219780223,random_static_16,1.6618122709503396,9969eb815b370fe83a141e13b3f91108a4a793788af663122d67990e9f0077e8,1,zero,3,2
cells/zero__random_static_16__r2.npz,spatial_transformer,0.4821428571428572,random_static_16,1.5694630128798965,f650b829f3ef2064f5d2707176dbeb9ac9f66f47ad2cdb558bf8c160baa1cb05,2,zero,3,2
cells/zero__random_static_16__r3.npz,spatial_transformer,0.5357142857142857,random_static_16,1.6383696859013253,6b0b206263f6e96614afce286ea75e5f73e9b5ca491e66259f32a004900dd5df,3,zero,3,2
cells/zero__random_static_16__r4.npz,spatial_transformer,0.5741758241758241,random_static_16,1.5695081209185242,eab7bb8acec7b356f65081364c2b9403f8df22208fafa74642ab842c73e42ef4,4,zero,3,2
cells/zero__dynamic_random_16__r0.npz,spatial_transformer,0.48214285714285715,dynamic_random_16,1.5593073542941085,466da8af73bc42850894524278270d288f171a0372353d9f890abac2649d284a,0,zero,3,2
cells/zero__dynamic_random_16__r1.npz,spatial_transformer,0.5,dynamic_random_16,1.3579430999051187,8b788f04f051d2feae5694b2fc676a3388b3aedf8bf3ad19d730f7f749d14fcb,1,zero,3,2
cells/zero__dynamic_random_16__r2.npz,spatial_transformer,0.5027472527472527,dynamic_random_16,1.454221297021475,298f7a23d43c9aca1ee924cc71975c35232e6f80f1a3ce8686b9302850e643c4,2,zero,3,2
cells/zero__dynamic_random_16__r3.npz,spatial_transformer,0.5247252747252746,dynamic_random_16,1.7582141173358476,263357b781690a4ffedd1730408e8330d7357701961f128d79b2d165409260f9,3,zero,3,2
cells/zero__dynamic_random_16__r4.npz,spatial_transformer,0.5013736263736264,dynamic_random_16,1.6148242353049707,4a283583d8a28c945b038b448a414d90863f76a3fc0dd3fe1a45a1ece8ad673a,4,zero,3,2
cells/zero__random_static_6__r0.npz,spatial_transformer,0.4368131868131868,random_static_6,1.8915599199133932,44ec50b096fa25714f1652192d0f90638e00da63d05c99d3821dde90cacbc0be,0,zero,3,2
cells/zero__random_static_6__r1.npz,spatial_transformer,0.34615384615384615,random_static_6,2.278988751376776,7017253fd491cb7ae98328a22af5f7669f501981be1c4d311d103393c30c5d2d,1,zero,3,2
cells/zero__random_static_6__r2.npz,spatial_transformer,0.3090659340659341,random_static_6,2.3628491988863662,3c07000a1d3558a699708716cb59ce6589b1865d13efbedeae76496db837427c,2,zero,3,2
cells/zero__random_static_6__r3.npz,spatial_transformer,0.4052197802197802,random_static_6,2.1092844189005606,cc58206dde7bd2460775b7068d67b5ea2b4a3a93973105244579b4731c32d159,3,zero,3,2
cells/zero__random_static_6__r4.npz,spatial_transformer,0.418956043956044,random_static_6,1.898721237025028,945862789d258b6a635c19215950fcaf91b0e2532daa628f73ef5a16f5e104f0,4,zero,3,2
cells/zero__dynamic_random_6__r0.npz,spatial_transformer,0.40384615384615385,dynamic_random_6,2.0689808045888576,2e40f719c12b720dad62c312270bfeffc4868e3440eca1c2492e35ee4b9feb5b,0,zero,3,2
cells/zero__dynamic_random_6__r1.npz,spatial_transformer,0.3131868131868132,dynamic_random_6,2.136870437148336,02386192d9a891349bd42d2b42465296b0a26091bb62dfa28dfa44137dcdebbf,1,zero,3,2
cells/zero__dynamic_random_6__r2.npz,spatial_transformer,0.5164835164835164,dynamic_random_6,1.6986017073829554,83f778bfe93b02e0112d18d89cc4016750b0cb65225c035165ad2c381bb8dafb,2,zero,3,2
cells/zero__dynamic_random_6__r3.npz,spatial_transformer,0.3832417582417582,dynamic_random_6,1.8041984523438697,b8c9a1aef917df55ac10a422464ddc3c8757f5a0b640d7e6b44470d0ffa43806,3,zero,3,2
cells/zero__dynamic_random_6__r4.npz,spatial_transformer,0.40796703296703296,dynamic_random_6,1.9278070578485995,9784cb3293d12a418fe5896a3d77bb4f8a685fac7c2d984f317a27ab29259afb,4,zero,3,2
cells/covariance_frozen__full_22__r0.npz,spatial_transformer,0.831043956043956,full_22,0.562017647552879,44bf5da7590b54f378830a575dc9c7eaeade825fac2da2576b6c37e2a82af11f,0,covariance_frozen,3,2
cells/covariance_frozen__random_static_16__r0.npz,spatial_transformer,0.7348901098901098,random_static_16,0.5367073691803996,9c985172ea46650a31dc23eef30c35c072ef316d0246aa25b3428bcd2f2dbab5,0,covariance_frozen,3,2
cells/covariance_frozen__random_static_16__r1.npz,spatial_transformer,0.8118131868131868,random_static_16,0.5816014392385945,9969eb815b370fe83a141e13b3f91108a4a793788af663122d67990e9f0077e8,1,covariance_frozen,3,2
cells/covariance_frozen__random_static_16__r2.npz,spatial_transformer,0.7912087912087913,random_static_16,0.5168632712920442,f650b829f3ef2064f5d2707176dbeb9ac9f66f47ad2cdb558bf8c160baa1cb05,2,covariance_frozen,3,2
cells/covariance_frozen__random_static_16__r3.npz,spatial_transformer,0.7733516483516484,random_static_16,0.634787446846599,6b0b206263f6e96614afce286ea75e5f73e9b5ca491e66259f32a004900dd5df,3,covariance_frozen,3,2
cells/covariance_frozen__random_static_16__r4.npz,spatial_transformer,0.7925824175824177,random_static_16,0.5274527338124113,eab7bb8acec7b356f65081364c2b9403f8df22208fafa74642ab842c73e42ef4,4,covariance_frozen,3,2
cells/covariance_frozen__dynamic_random_16__r0.npz,spatial_transformer,0.7541208791208791,dynamic_random_16,0.549186604063794,466da8af73bc42850894524278270d288f171a0372353d9f890abac2649d284a,0,covariance_frozen,3,2
cells/covariance_frozen__dynamic_random_16__r1.npz,spatial_transformer,0.7733516483516483,dynamic_random_16,0.5820486082918593,8b788f04f051d2feae5694b2fc676a3388b3aedf8bf3ad19d730f7f749d14fcb,1,covariance_frozen,3,2
cells/covariance_frozen__dynamic_random_16__r2.npz,spatial_transformer,0.7348901098901098,dynamic_random_16,0.572427428448124,298f7a23d43c9aca1ee924cc71975c35232e6f80f1a3ce8686b9302850e643c4,2,covariance_frozen,3,2
cells/covariance_frozen__dynamic_random_16__r3.npz,spatial_transformer,0.8118131868131868,dynamic_random_16,0.5602619363611505,263357b781690a4ffedd1730408e8330d7357701961f128d79b2d165409260f9,3,covariance_frozen,3,2
cells/covariance_frozen__dynamic_random_16__r4.npz,spatial_transformer,0.8118131868131868,dynamic_random_16,0.5948669571894117,4a283583d8a28c945b038b448a414d90863f76a3fc0dd3fe1a45a1ece8ad673a,4,covariance_frozen,3,2
cells/covariance_frozen__random_static_6__r0.npz,spatial_transformer,0.5260989010989011,random_static_6,1.3701229798294605,44ec50b096fa25714f1652192d0f90638e00da63d05c99d3821dde90cacbc0be,0,covariance_frozen,3,2
cells/covariance_frozen__random_static_6__r1.npz,spatial_transformer,0.5604395604395604,random_static_6,1.4809460396767222,7017253fd491cb7ae98328a22af5f7669f501981be1c4d311d103393c30c5d2d,1,covariance_frozen,3,2
cells/covariance_frozen__random_static_6__r2.npz,spatial_transformer,0.598901098901099,random_static_6,1.1205574884486094,3c07000a1d3558a699708716cb59ce6589b1865d13efbedeae76496db837427c,2,covariance_frozen,3,2
cells/covariance_frozen__random_static_6__r3.npz,spatial_transformer,0.5288461538461539,random_static_6,1.3718115174229775,cc58206dde7bd2460775b7068d67b5ea2b4a3a93973105244579b4731c32d159,3,covariance_frozen,3,2
cells/covariance_frozen__random_static_6__r4.npz,spatial_transformer,0.5247252747252747,random_static_6,1.5705015277537027,945862789d258b6a635c19215950fcaf91b0e2532daa628f73ef5a16f5e104f0,4,covariance_frozen,3,2
cells/covariance_frozen__dynamic_random_6__r0.npz,spatial_transformer,0.581043956043956,dynamic_random_6,1.3281047243884172,2e40f719c12b720dad62c312270bfeffc4868e3440eca1c2492e35ee4b9feb5b,0,covariance_frozen,3,2
cells/covariance_frozen__dynamic_random_6__r1.npz,spatial_transformer,0.5989010989010989,dynamic_random_6,1.2136382151830218,02386192d9a891349bd42d2b42465296b0a26091bb62dfa28dfa44137dcdebbf,1,covariance_frozen,3,2
cells/covariance_frozen__dynamic_random_6__r2.npz,spatial_transformer,0.5604395604395604,dynamic_random_6,1.2569188853283622,83f778bfe93b02e0112d18d89cc4016750b0cb65225c035165ad2c381bb8dafb,2,covariance_frozen,3,2
cells/covariance_frozen__dynamic_random_6__r3.npz,spatial_transformer,0.6359890109890111,dynamic_random_6,1.2286254374092576,b8c9a1aef917df55ac10a422464ddc3c8757f5a0b640d7e6b44470d0ffa43806,3,covariance_frozen,3,2
cells/covariance_frozen__dynamic_random_6__r4.npz,spatial_transformer,0.5618131868131868,dynamic_random_6,1.1253223426270955,9784cb3293d12a418fe5896a3d77bb4f8a685fac7c2d984f317a27ab29259afb,4,covariance_frozen,3,2
cells/covariance_learned__full_22__r0.npz,spatial_transformer,0.831043956043956,full_22,0.562017647552879,44bf5da7590b54f378830a575dc9c7eaeade825fac2da2576b6c37e2a82af11f,0,covariance_learned,3,2
cells/covariance_learned__random_static_16__r0.npz,spatial_transformer,0.7733516483516483,random_static_16,0.5928424368782405,9c985172ea46650a31dc23eef30c35c072ef316d0246aa25b3428bcd2f2dbab5,0,covariance_learned,3,2
cells/covariance_learned__random_static_16__r1.npz,spatial_transformer,0.7568681318681318,random_static_16,0.6412462408947434,9969eb815b370fe83a141e13b3f91108a4a793788af663122d67990e9f0077e8,1,covariance_learned,3,2
cells/covariance_learned__random_static_16__r2.npz,spatial_transformer,0.793956043956044,random_static_16,0.522863672683007,f650b829f3ef2064f5d2707176dbeb9ac9f66f47ad2cdb558bf8c160baa1cb05,2,covariance_learned,3,2
cells/covariance_learned__random_static_16__r3.npz,spatial_transformer,0.7554945054945055,random_static_16,0.6614069149653523,6b0b206263f6e96614afce286ea75e5f73e9b5ca491e66259f32a004900dd5df,3,covariance_learned,3,2
cells/covariance_learned__random_static_16__r4.npz,spatial_transformer,0.7362637362637363,random_static_16,0.606863823219773,eab7bb8acec7b356f65081364c2b9403f8df22208fafa74642ab842c73e42ef4,4,covariance_learned,3,2
cells/covariance_learned__dynamic_random_16__r0.npz,spatial_transformer,0.7554945054945055,dynamic_random_16,0.5881936146700838,466da8af73bc42850894524278270d288f171a0372353d9f890abac2649d284a,0,covariance_learned,3,2
cells/covariance_learned__dynamic_random_16__r1.npz,spatial_transformer,0.717032967032967,dynamic_random_16,0.6381236035992041,8b788f04f051d2feae5694b2fc676a3388b3aedf8bf3ad19d730f7f749d14fcb,1,covariance_learned,3,2
cells/covariance_learned__dynamic_random_16__r2.npz,spatial_transformer,0.7554945054945055,dynamic_random_16,0.5782092515584265,298f7a23d43c9aca1ee924cc71975c35232e6f80f1a3ce8686b9302850e643c4,2,covariance_learned,3,2
cells/covariance_learned__dynamic_random_16__r3.npz,spatial_transformer,0.7747252747252746,dynamic_random_16,0.6065776420873108,263357b781690a4ffedd1730408e8330d7357701961f128d79b2d165409260f9,3,covariance_learned,3,2
cells/covariance_learned__dynamic_random_16__r4.npz,spatial_transformer,0.7568681318681318,dynamic_random_16,0.6133004351458756,4a283583d8a28c945b038b448a414d90863f76a3fc0dd3fe1a45a1ece8ad673a,4,covariance_learned,3,2
cells/covariance_learned__random_static_6__r0.npz,spatial_transformer,0.6771978021978022,random_static_6,0.989945200496497,44ec50b096fa25714f1652192d0f90638e00da63d05c99d3821dde90cacbc0be,0,covariance_learned,3,2
cells/covariance_learned__random_static_6__r1.npz,spatial_transformer,0.6771978021978022,random_static_6,0.8746955341627735,7017253fd491cb7ae98328a22af5f7669f501981be1c4d311d103393c30c5d2d,1,covariance_learned,3,2
cells/covariance_learned__random_static_6__r2.npz,spatial_transformer,0.6964285714285714,random_static_6,0.6499438497937476,3c07000a1d3558a699708716cb59ce6589b1865d13efbedeae76496db837427c,2,covariance_learned,3,2
cells/covariance_learned__random_static_6__r3.npz,spatial_transformer,0.679945054945055,random_static_6,0.916937819485264,cc58206dde7bd2460775b7068d67b5ea2b4a3a93973105244579b4731c32d159,3,covariance_learned,3,2
cells/covariance_learned__random_static_6__r4.npz,spatial_transformer,0.6208791208791209,random_static_6,1.0298538776005206,945862789d258b6a635c19215950fcaf91b0e2532daa628f73ef5a16f5e104f0,4,covariance_learned,3,2
cells/covariance_learned__dynamic_random_6__r0.npz,spatial_transformer,0.6593406593406593,dynamic_random_6,1.1009412352532917,2e40f719c12b720dad62c312270bfeffc4868e3440eca1c2492e35ee4b9feb5b,0,covariance_learned,3,2
cells/covariance_learned__dynamic_random_6__r1.npz,spatial_transformer,0.7170329670329672,dynamic_random_6,0.7914740958363039,02386192d9a891349bd42d2b42465296b0a26091bb62dfa28dfa44137dcdebbf,1,covariance_learned,3,2
cells/covariance_learned__dynamic_random_6__r2.npz,spatial_transformer,0.6785714285714286,dynamic_random_6,0.8540341774476978,83f778bfe93b02e0112d18d89cc4016750b0cb65225c035165ad2c381bb8dafb,2,covariance_learned,3,2
cells/covariance_learned__dynamic_random_6__r3.npz,spatial_transformer,0.6607142857142857,dynamic_random_6,0.9277943683244347,b8c9a1aef917df55ac10a422464ddc3c8757f5a0b640d7e6b44470d0ffa43806,3,covariance_learned,3,2
cells/covariance_learned__dynamic_random_6__r4.npz,spatial_transformer,0.6964285714285714,dynamic_random_6,0.7841397814884021,9784cb3293d12a418fe5896a3d77bb4f8a685fac7c2d984f317a27ab29259afb,4,covariance_learned,3,2
cells/tucker_frozen__full_22__r0.npz,spatial_transformer,0.831043956043956,full_22,0.562017647552879,44bf5da7590b54f378830a575dc9c7eaeade825fac2da2576b6c37e2a82af11f,0,tucker_frozen,3,2
cells/tucker_frozen__random_static_16__r0.npz,spatial_transformer,0.532967032967033,random_static_16,1.5110123436514202,9c985172ea46650a31dc23eef30c35c072ef316d0246aa25b3428bcd2f2dbab5,0,tucker_frozen,3,2
cells/tucker_frozen__random_static_16__r1.npz,spatial_transformer,0.49862637362637363,random_static_16,1.460142456805484,9969eb815b370fe83a141e13b3f91108a4a793788af663122d67990e9f0077e8,1,tucker_frozen,3,2
cells/tucker_frozen__random_static_16__r2.npz,spatial_transformer,0.5892857142857143,random_static_16,1.3395396339528647,f650b829f3ef2064f5d2707176dbeb9ac9f66f47ad2cdb558bf8c160baa1cb05,2,tucker_frozen,3,2
cells/tucker_frozen__random_static_16__r3.npz,spatial_transformer,0.5343406593406593,random_static_16,1.4799928375998495,6b0b206263f6e96614afce286ea75e5f73e9b5ca491e66259f32a004900dd5df,3,tucker_frozen,3,2
cells/tucker_frozen__random_static_16__r4.npz,spatial_transformer,0.532967032967033,random_static_16,1.465207139136324,eab7bb8acec7b356f65081364c2b9403f8df22208fafa74642ab842c73e42ef4,4,tucker_frozen,3,2
cells/tucker_frozen__dynamic_random_16__r0.npz,spatial_transformer,0.47939560439560436,dynamic_random_16,1.1966807334030032,466da8af73bc42850894524278270d288f171a0372353d9f890abac2649d284a,0,tucker_frozen,3,2
cells/tucker_frozen__dynamic_random_16__r1.npz,spatial_transformer,0.5343406593406594,dynamic_random_16,1.1542875254930989,8b788f04f051d2feae5694b2fc676a3388b3aedf8bf3ad19d730f7f749d14fcb,1,tucker_frozen,3,2
cells/tucker_frozen__dynamic_random_16__r2.npz,spatial_transformer,0.5728021978021979,dynamic_random_16,1.2293234489964842,298f7a23d43c9aca1ee924cc71975c35232e6f80f1a3ce8686b9302850e643c4,2,tucker_frozen,3,2
cells/tucker_frozen__dynamic_random_16__r3.npz,spatial_transformer,0.6318681318681318,dynamic_random_16,1.373665497097437,263357b781690a4ffedd1730408e8330d7357701961f128d79b2d165409260f9,3,tucker_frozen,3,2
cells/tucker_frozen__dynamic_random_16__r4.npz,spatial_transformer,0.5563186813186813,dynamic_random_16,1.4730132732677357,4a283583d8a28c945b038b448a414d90863f76a3fc0dd3fe1a45a1ece8ad673a,4,tucker_frozen,3,2
cells/tucker_frozen__random_static_6__r0.npz,spatial_transformer,0.41758241758241754,random_static_6,2.221736007520908,44ec50b096fa25714f1652192d0f90638e00da63d05c99d3821dde90cacbc0be,0,tucker_frozen,3,2
cells/tucker_frozen__random_static_6__r1.npz,spatial_transformer,0.3447802197802198,random_static_6,2.469683642948419,7017253fd491cb7ae98328a22af5f7669f501981be1c4d311d103393c30c5d2d,1,tucker_frozen,3,2
cells/tucker_frozen__random_static_6__r2.npz,spatial_transformer,0.36401098901098905,random_static_6,2.4527570407272234,3c07000a1d3558a699708716cb59ce6589b1865d13efbedeae76496db837427c,2,tucker_frozen,3,2
cells/tucker_frozen__random_static_6__r3.npz,spatial_transformer,0.36538461538461536,random_static_6,2.2357766084806836,cc58206dde7bd2460775b7068d67b5ea2b4a3a93973105244579b4731c32d159,3,tucker_frozen,3,2
cells/tucker_frozen__random_static_6__r4.npz,spatial_transformer,0.4532967032967033,random_static_6,2.0483918918270168,945862789d258b6a635c19215950fcaf91b0e2532daa628f73ef5a16f5e104f0,4,tucker_frozen,3,2
cells/tucker_frozen__dynamic_random_6__r0.npz,spatial_transformer,0.4203296703296703,dynamic_random_6,2.089125911386622,2e40f719c12b720dad62c312270bfeffc4868e3440eca1c2492e35ee4b9feb5b,0,tucker_frozen,3,2
cells/tucker_frozen__dynamic_random_6__r1.npz,spatial_transformer,0.32967032967032966,dynamic_random_6,2.1262950268885543,02386192d9a891349bd42d2b42465296b0a26091bb62dfa28dfa44137dcdebbf,1,tucker_frozen,3,2
cells/tucker_frozen__dynamic_random_6__r2.npz,spatial_transformer,0.47527472527472525,dynamic_random_6,1.8614869654451043,83f778bfe93b02e0112d18d89cc4016750b0cb65225c035165ad2c381bb8dafb,2,tucker_frozen,3,2
cells/tucker_frozen__dynamic_random_6__r3.npz,spatial_transformer,0.38049450549450553,dynamic_random_6,1.9559712843538746,b8c9a1aef917df55ac10a422464ddc3c8757f5a0b640d7e6b44470d0ffa43806,3,tucker_frozen,3,2
cells/tucker_frozen__dynamic_random_6__r4.npz,spatial_transformer,0.3846153846153846,dynamic_random_6,1.8698409442889579,9784cb3293d12a418fe5896a3d77bb4f8a685fac7c2d984f317a27ab29259afb,4,tucker_frozen,3,2
cells/tucker_learned__full_22__r0.npz,spatial_transformer,0.831043956043956,full_22,0.562017647552879,44bf5da7590b54f378830a575dc9c7eaeade825fac2da2576b6c37e2a82af11f,0,tucker_learned,3,2
cells/tucker_learned__random_static_16__r0.npz,spatial_transformer,0.5728021978021979,random_static_16,1.3598963406835753,9c985172ea46650a31dc23eef30c35c072ef316d0246aa25b3428bcd2f2dbab5,0,tucker_learned,3,2
cells/tucker_learned__random_static_16__r1.npz,spatial_transformer,0.5178571428571429,random_static_16,1.398266942692752,9969eb815b370fe83a141e13b3f91108a4a793788af663122d67990e9f0077e8,1,tucker_learned,3,2
cells/tucker_learned__random_static_16__r2.npz,spatial_transformer,0.5714285714285714,random_static_16,1.1919584230603926,f650b829f3ef2064f5d2707176dbeb9ac9f66f47ad2cdb558bf8c160baa1cb05,2,tucker_learned,3,2
cells/tucker_learned__random_static_16__r3.npz,spatial_transformer,0.5728021978021978,random_static_16,1.3374899789953334,6b0b206263f6e96614afce286ea75e5f73e9b5ca491e66259f32a004900dd5df,3,tucker_learned,3,2
cells/tucker_learned__random_static_16__r4.npz,spatial_transformer,0.5535714285714286,random_static_16,1.4099538454093155,eab7bb8acec7b356f65081364c2b9403f8df22208fafa74642ab842c73e42ef4,4,tucker_learned,3,2
cells/tucker_learned__dynamic_random_16__r0.npz,spatial_transformer,0.48214285714285715,dynamic_random_16,1.3262101615985626,466da8af73bc42850894524278270d288f171a0372353d9f890abac2649d284a,0,tucker_learned,3,2
cells/tucker_learned__dynamic_random_16__r1.npz,spatial_transformer,0.5892857142857143,dynamic_random_16,1.135784083558374,8b788f04f051d2feae5694b2fc676a3388b3aedf8bf3ad19d730f7f749d14fcb,1,tucker_learned,3,2
cells/tucker_learned__dynamic_random_16__r2.npz,spatial_transformer,0.5741758241758241,dynamic_random_16,1.1786812813196308,298f7a23d43c9aca1ee924cc71975c35232e6f80f1a3ce8686b9302850e643c4,2,tucker_learned,3,2
cells/tucker_learned__dynamic_random_16__r3.npz,spatial_transformer,0.5961538461538461,dynamic_random_16,1.4228046243714616,263357b781690a4ffedd1730408e8330d7357701961f128d79b2d165409260f9,3,tucker_learned,3,2
cells/tucker_learned__dynamic_random_16__r4.npz,spatial_transformer,0.6112637362637363,dynamic_random_16,1.3836197318312702,4a283583d8a28c945b038b448a414d90863f76a3fc0dd3fe1a45a1ece8ad673a,4,tucker_learned,3,2
cells/tucker_learned__random_static_6__r0.npz,spatial_transformer,0.49313186813186816,random_static_6,1.604361328100495,44ec50b096fa25714f1652192d0f90638e00da63d05c99d3821dde90cacbc0be,0,tucker_learned,3,2
cells/tucker_learned__random_static_6__r1.npz,spatial_transformer,0.43956043956043955,random_static_6,1.9569352732805076,7017253fd491cb7ae98328a22af5f7669f501981be1c4d311d103393c30c5d2d,1,tucker_learned,3,2
cells/tucker_learned__random_static_6__r2.npz,spatial_transformer,0.3653846153846154,random_static_6,1.8582572513671831,3c07000a1d3558a699708716cb59ce6589b1865d13efbedeae76496db837427c,2,tucker_learned,3,2
cells/tucker_learned__random_static_6__r3.npz,spatial_transformer,0.5013736263736264,random_static_6,1.6822366820099661,cc58206dde7bd2460775b7068d67b5ea2b4a3a93973105244579b4731c32d159,3,tucker_learned,3,2
cells/tucker_learned__random_static_6__r4.npz,spatial_transformer,0.5151098901098902,random_static_6,1.5529082931465934,945862789d258b6a635c19215950fcaf91b0e2532daa628f73ef5a16f5e104f0,4,tucker_learned,3,2
cells/tucker_learned__dynamic_random_6__r0.npz,spatial_transformer,0.5357142857142857,dynamic_random_6,1.5076824294320739,2e40f719c12b720dad62c312270bfeffc4868e3440eca1c2492e35ee4b9feb5b,0,tucker_learned,3,2
cells/tucker_learned__dynamic_random_6__r1.npz,spatial_transformer,0.4642857142857143,dynamic_random_6,1.6882312943292062,02386192d9a891349bd42d2b42465296b0a26091bb62dfa28dfa44137dcdebbf,1,tucker_learned,3,2
cells/tucker_learned__dynamic_random_6__r2.npz,spatial_transformer,0.5728021978021978,dynamic_random_6,1.4412130603001903,83f778bfe93b02e0112d18d89cc4016750b0cb65225c035165ad2c381bb8dafb,2,tucker_learned,3,2
cells/tucker_learned__dynamic_random_6__r3.npz,spatial_transformer,0.5535714285714286,dynamic_random_6,1.547469141644024,b8c9a1aef917df55ac10a422464ddc3c8757f5a0b640d7e6b44470d0ffa43806,3,tucker_learned,3,2
cells/tucker_learned__dynamic_random_6__r4.npz,spatial_transformer,0.5013736263736264,dynamic_random_6,1.5099078299755522,9784cb3293d12a418fe5896a3d77bb4f8a685fac7c2d984f317a27ab29259afb,4,tucker_learned,3,2
cells/zero__full_22__r0.npz,spatial_transformer,0.39743589743589747,full_22,1.6598983378712349,90f3314fe293cd971e11dc8a5e23abb83635d8e122f0950f1bc1851ba8725da8,0,zero,4,0
cells/zero__random_static_16__r0.npz,spatial_transformer,0.33814102564102566,random_static_16,1.8859479124090544,d42233b0deab8c6b72af1a734c44745dfa97e841c51e232321a4755b14ec12f3,0,zero,4,0
cells/zero__random_static_16__r1.npz,spatial_transformer,0.3573717948717948,random_static_16,1.8383885059579665,9ef15ae5f2f4db9b6845bf18e834e80478651fb69f8a529dd49d88113e1d480d,1,zero,4,0
cells/zero__random_static_16__r2.npz,spatial_transformer,0.23397435897435898,random_static_16,1.9855093920325324,32819ad57045f24cfaeef749be0f5d6adc1b987fdbc3bf115f9be83f69a1a7d2,2,zero,4,0
cells/zero__random_static_16__r3.npz,spatial_transformer,0.2932692307692307,random_static_16,2.191379205128362,f271c3980aa3bea98910371f7595a5abb9ae15a8df852acbbd6056518fbea292,3,zero,4,0
cells/zero__random_static_16__r4.npz,spatial_transformer,0.2948717948717948,random_static_16,1.9300708132726518,ad8cd05d834d92f8b53d2e374d3ef88825af5713c27753b4b726b88c6ece7ff0,4,zero,4,0
cells/zero__dynamic_random_16__r0.npz,spatial_transformer,0.27724358974358976,dynamic_random_16,2.2467433000163557,5e13a104ffca658c1357d921983d977cf4297980620d4abd64ad2bd62075a2bb,0,zero,4,0
cells/zero__dynamic_random_16__r1.npz,spatial_transformer,0.23717948717948717,dynamic_random_16,2.168932959882831,f7429833826b4a7f114cba9e8428361b6bfd8e161fcf9f63ab5f85b76e67098e,1,zero,4,0
cells/zero__dynamic_random_16__r2.npz,spatial_transformer,0.25801282051282054,dynamic_random_16,1.8509951534506615,b1e8a2599ca51a625e108562af9161183aecfe78d884eba6f48646d03695bc1d,2,zero,4,0
cells/zero__dynamic_random_16__r3.npz,spatial_transformer,0.3173076923076923,dynamic_random_16,1.732145688511724,a40a8c8a80fe2aa14e559b2176acd5628609dc01da082361493dd07f3dac0daa,3,zero,4,0
cells/zero__dynamic_random_16__r4.npz,spatial_transformer,0.2980769230769231,dynamic_random_16,1.7955450237038104,f78d4e77602a073d81536bd51ba2a16bce9660f50c0d7edf679fdc0850f6ac1a,4,zero,4,0
cells/zero__random_static_6__r0.npz,spatial_transformer,0.28685897435897434,random_static_6,2.1736807538918326,b255a88e1442ce2828663ef9b33b497dd2fbfc61ac76a44c80ce4c7ec84ad3ac,0,zero,4,0
cells/zero__random_static_6__r1.npz,spatial_transformer,0.20352564102564105,random_static_6,2.387201813068617,b5cdfbb2bb0ca2b19b4834074efed6db0f64750cc51865824b2471cd5533cb64,1,zero,4,0
cells/zero__random_static_6__r2.npz,spatial_transformer,0.2467948717948718,random_static_6,2.1368454434023074,ae0dbcb32118d22e865475cfc0b2ee55a62c556afcc3bb7d6f458f98b3aa56a2,2,zero,4,0
cells/zero__random_static_6__r3.npz,spatial_transformer,0.32532051282051283,random_static_6,2.175717606035261,2231b241b0424836e5d3856f360934e3bf8b33d65fb3ecca9a4604d947e395e1,3,zero,4,0
cells/zero__random_static_6__r4.npz,spatial_transformer,0.20352564102564102,random_static_6,2.216803989013191,6ea389b45fbbd4ea2c0573c7744fbefaee69989718588d955ba673344027c341,4,zero,4,0
cells/zero__dynamic_random_6__r0.npz,spatial_transformer,0.24519230769230768,dynamic_random_6,2.221519649281939,d2db4b21b71ff0cc2147a6b36f19eac8e4c1d0c5eba7060a10bae3bdb27a5be5,0,zero,4,0
cells/zero__dynamic_random_6__r1.npz,spatial_transformer,0.2467948717948718,dynamic_random_6,2.2391990376045086,4bd10a7e579dab79b422d303baf3ac0a8d9dbb1250f72642cf0e25befd4983b2,1,zero,4,0
cells/zero__dynamic_random_6__r2.npz,spatial_transformer,0.36538461538461536,dynamic_random_6,1.9888752096046602,a478999a2d862910c73e0727d488b61b067867ba1bdc0d4bdd0a1b67ffafc8de,2,zero,4,0
cells/zero__dynamic_random_6__r3.npz,spatial_transformer,0.28685897435897434,dynamic_random_6,2.066117883840466,19eb03371ca288106b0d0dd0fe7b28981b9052300c6b48511f6d77290d8f778f,3,zero,4,0
cells/zero__dynamic_random_6__r4.npz,spatial_transformer,0.2275641025641026,dynamic_random_6,2.3745741128513536,221ed8f8ce0f4fa6383b84681bfd31053c3fb17bc37fbc71dd0756477113c38d,4,zero,4,0
cells/covariance_frozen__full_22__r0.npz,spatial_transformer,0.39743589743589747,full_22,1.6598983378712349,90f3314fe293cd971e11dc8a5e23abb83635d8e122f0950f1bc1851ba8725da8,0,covariance_frozen,4,0
cells/covariance_frozen__random_static_16__r0.npz,spatial_transformer,0.31891025641025644,random_static_16,1.740800271805806,d42233b0deab8c6b72af1a734c44745dfa97e841c51e232321a4755b14ec12f3,0,covariance_frozen,4,0
cells/covariance_frozen__random_static_16__r1.npz,spatial_transformer,0.3589743589743589,random_static_16,1.724452010952627,9ef15ae5f2f4db9b6845bf18e834e80478651fb69f8a529dd49d88113e1d480d,1,covariance_frozen,4,0
cells/covariance_frozen__random_static_16__r2.npz,spatial_transformer,0.33814102564102566,random_static_16,1.6938348288909475,32819ad57045f24cfaeef749be0f5d6adc1b987fdbc3bf115f9be83f69a1a7d2,2,covariance_frozen,4,0
cells/covariance_frozen__random_static_16__r3.npz,spatial_transformer,0.32051282051282054,random_static_16,1.672820238753935,f271c3980aa3bea98910371f7595a5abb9ae15a8df852acbbd6056518fbea292,3,covariance_frozen,4,0
cells/covariance_frozen__random_static_16__r4.npz,spatial_transformer,0.26121794871794873,random_static_16,1.737679492234002,ad8cd05d834d92f8b53d2e374d3ef88825af5713c27753b4b726b88c6ece7ff0,4,covariance_frozen,4,0
cells/covariance_frozen__dynamic_random_16__r0.npz,spatial_transformer,0.22275641025641024,dynamic_random_16,1.7827162566199952,5e13a104ffca658c1357d921983d977cf4297980620d4abd64ad2bd62075a2bb,0,covariance_frozen,4,0
cells/covariance_frozen__dynamic_random_16__r1.npz,spatial_transformer,0.23878205128205127,dynamic_random_16,1.7188192911648812,f7429833826b4a7f114cba9e8428361b6bfd8e161fcf9f63ab5f85b76e67098e,1,covariance_frozen,4,0
cells/covariance_frozen__dynamic_random_16__r2.npz,spatial_transformer,0.33974358974358976,dynamic_random_16,1.7359975341987983,b1e8a2599ca51a625e108562af9161183aecfe78d884eba6f48646d03695bc1d,2,covariance_frozen,4,0
cells/covariance_frozen__dynamic_random_16__r3.npz,spatial_transformer,0.358974358974359,dynamic_random_16,1.7067786508514822,a40a8c8a80fe2aa14e559b2176acd5628609dc01da082361493dd07f3dac0daa,3,covariance_frozen,4,0
cells/covariance_frozen__dynamic_random_16__r4.npz,spatial_transformer,0.3798076923076923,dynamic_random_16,1.6874840931784696,f78d4e77602a073d81536bd51ba2a16bce9660f50c0d7edf679fdc0850f6ac1a,4,covariance_frozen,4,0
cells/covariance_frozen__random_static_6__r0.npz,spatial_transformer,0.2467948717948718,random_static_6,1.9732166788706793,b255a88e1442ce2828663ef9b33b497dd2fbfc61ac76a44c80ce4c7ec84ad3ac,0,covariance_frozen,4,0
cells/covariance_frozen__random_static_6__r1.npz,spatial_transformer,0.3253205128205128,random_static_6,1.974294179516467,b5cdfbb2bb0ca2b19b4834074efed6db0f64750cc51865824b2471cd5533cb64,1,covariance_frozen,4,0
cells/covariance_frozen__random_static_6__r2.npz,spatial_transformer,0.2483974358974359,random_static_6,2.0273118377851325,ae0dbcb32118d22e865475cfc0b2ee55a62c556afcc3bb7d6f458f98b3aa56a2,2,covariance_frozen,4,0
cells/covariance_frozen__random_static_6__r3.npz,spatial_transformer,0.25,random_static_6,1.998152514349315,2231b241b0424836e5d3856f360934e3bf8b33d65fb3ecca9a4604d947e395e1,3,covariance_frozen,4,0
cells/covariance_frozen__random_static_6__r4.npz,spatial_transformer,0.2483974358974359,random_static_6,1.8735140326758382,6ea389b45fbbd4ea2c0573c7744fbefaee69989718588d955ba673344027c341,4,covariance_frozen,4,0
cells/covariance_frozen__dynamic_random_6__r0.npz,spatial_transformer,0.22435897435897434,dynamic_random_6,1.9888252458412057,d2db4b21b71ff0cc2147a6b36f19eac8e4c1d0c5eba7060a10bae3bdb27a5be5,0,covariance_frozen,4,0
cells/covariance_frozen__dynamic_random_6__r1.npz,spatial_transformer,0.2660256410256411,dynamic_random_6,2.010720183920061,4bd10a7e579dab79b422d303baf3ac0a8d9dbb1250f72642cf0e25befd4983b2,1,covariance_frozen,4,0
cells/covariance_frozen__dynamic_random_6__r2.npz,spatial_transformer,0.28846153846153844,dynamic_random_6,1.859205211014874,a478999a2d862910c73e0727d488b61b067867ba1bdc0d4bdd0a1b67ffafc8de,2,covariance_frozen,4,0
cells/covariance_frozen__dynamic_random_6__r3.npz,spatial_transformer,0.22916666666666666,dynamic_random_6,2.0414765077723276,19eb03371ca288106b0d0dd0fe7b28981b9052300c6b48511f6d77290d8f778f,3,covariance_frozen,4,0
cells/covariance_frozen__dynamic_random_6__r4.npz,spatial_transformer,0.20673076923076922,dynamic_random_6,2.167681589512087,221ed8f8ce0f4fa6383b84681bfd31053c3fb17bc37fbc71dd0756477113c38d,4,covariance_frozen,4,0
cells/covariance_learned__full_22__r0.npz,spatial_transformer,0.39743589743589747,full_22,1.6598983378712349,90f3314fe293cd971e11dc8a5e23abb83635d8e122f0950f1bc1851ba8725da8,0,covariance_learned,4,0
cells/covariance_learned__random_static_16__r0.npz,spatial_transformer,0.375,random_static_16,1.761593059468161,d42233b0deab8c6b72af1a734c44745dfa97e841c51e232321a4755b14ec12f3,0,covariance_learned,4,0
cells/covariance_learned__random_static_16__r1.npz,spatial_transformer,0.3541666666666667,random_static_16,1.7011171289252893,9ef15ae5f2f4db9b6845bf18e834e80478651fb69f8a529dd49d88113e1d480d,1,covariance_learned,4,0
cells/covariance_learned__random_static_16__r2.npz,spatial_transformer,0.35416666666666663,random_static_16,1.6209355894042032,32819ad57045f24cfaeef749be0f5d6adc1b987fdbc3bf115f9be83f69a1a7d2,2,covariance_learned,4,0
cells/covariance_learned__random_static_16__r3.npz,spatial_transformer,0.3157051282051282,random_static_16,1.7410681622170399,f271c3980aa3bea98910371f7595a5abb9ae15a8df852acbbd6056518fbea292,3,covariance_learned,4,0
cells/covariance_learned__random_static_16__r4.npz,spatial_transformer,0.3557692307692308,random_static_16,1.743506434480047,ad8cd05d834d92f8b53d2e374d3ef88825af5713c27753b4b726b88c6ece7ff0,4,covariance_learned,4,0
cells/covariance_learned__dynamic_random_16__r0.npz,spatial_transformer,0.2980769230769231,dynamic_random_16,1.7971630756967243,5e13a104ffca658c1357d921983d977cf4297980620d4abd64ad2bd62075a2bb,0,covariance_learned,4,0
cells/covariance_learned__dynamic_random_16__r1.npz,spatial_transformer,0.2548076923076923,dynamic_random_16,1.7616181495094279,f7429833826b4a7f114cba9e8428361b6bfd8e161fcf9f63ab5f85b76e67098e,1,covariance_learned,4,0
cells/covariance_learned__dynamic_random_16__r2.npz,spatial_transformer,0.3141025641025641,dynamic_random_16,1.7475214528390788,b1e8a2599ca51a625e108562af9161183aecfe78d884eba6f48646d03695bc1d,2,covariance_learned,4,0
cells/covariance_learned__dynamic_random_16__r3.npz,spatial_transformer,0.375,dynamic_random_16,1.6898501426485784,a40a8c8a80fe2aa14e559b2176acd5628609dc01da082361493dd07f3dac0daa,3,covariance_learned,4,0
cells/covariance_learned__dynamic_random_16__r4.npz,spatial_transformer,0.3942307692307693,dynamic_random_16,1.6172874372846036,f78d4e77602a073d81536bd51ba2a16bce9660f50c0d7edf679fdc0850f6ac1a,4,covariance_learned,4,0
cells/covariance_learned__random_static_6__r0.npz,spatial_transformer,0.27884615384615385,random_static_6,1.911436116662411,b255a88e1442ce2828663ef9b33b497dd2fbfc61ac76a44c80ce4c7ec84ad3ac,0,covariance_learned,4,0
cells/covariance_learned__random_static_6__r1.npz,spatial_transformer,0.33974358974358976,random_static_6,1.8033330383077448,b5cdfbb2bb0ca2b19b4834074efed6db0f64750cc51865824b2471cd5533cb64,1,covariance_learned,4,0
cells/covariance_learned__random_static_6__r2.npz,spatial_transformer,0.358974358974359,random_static_6,1.7349905476146485,ae0dbcb32118d22e865475cfc0b2ee55a62c556afcc3bb7d6f458f98b3aa56a2,2,covariance_learned,4,0
cells/covariance_learned__random_static_6__r3.npz,spatial_transformer,0.3173076923076923,random_static_6,1.801478005266896,2231b241b0424836e5d3856f360934e3bf8b33d65fb3ecca9a4604d947e395e1,3,covariance_learned,4,0
cells/covariance_learned__random_static_6__r4.npz,spatial_transformer,0.3782051282051282,random_static_6,1.642618183431981,6ea389b45fbbd4ea2c0573c7744fbefaee69989718588d955ba673344027c341,4,covariance_learned,4,0
cells/covariance_learned__dynamic_random_6__r0.npz,spatial_transformer,0.27884615384615385,dynamic_random_6,1.809331759162344,d2db4b21b71ff0cc2147a6b36f19eac8e4c1d0c5eba7060a10bae3bdb27a5be5,0,covariance_learned,4,0
cells/covariance_learned__dynamic_random_6__r1.npz,spatial_transformer,0.298076923076923,dynamic_random_6,1.8575295701893455,4bd10a7e579dab79b422d303baf3ac0a8d9dbb1250f72642cf0e25befd4983b2,1,covariance_learned,4,0
cells/covariance_learned__dynamic_random_6__r2.npz,spatial_transformer,0.3173076923076923,dynamic_random_6,1.719749140017845,a478999a2d862910c73e0727d488b61b067867ba1bdc0d4bdd0a1b67ffafc8de,2,covariance_learned,4,0
cells/covariance_learned__dynamic_random_6__r3.npz,spatial_transformer,0.2980769230769231,dynamic_random_6,1.7529185320301335,19eb03371ca288106b0d0dd0fe7b28981b9052300c6b48511f6d77290d8f778f,3,covariance_learned,4,0
cells/covariance_learned__dynamic_random_6__r4.npz,spatial_transformer,0.2387820512820513,dynamic_random_6,1.8441124390786996,221ed8f8ce0f4fa6383b84681bfd31053c3fb17bc37fbc71dd0756477113c38d,4,covariance_learned,4,0
cells/tucker_frozen__full_22__r0.npz,spatial_transformer,0.39743589743589747,full_22,1.6598983378712349,90f3314fe293cd971e11dc8a5e23abb83635d8e122f0950f1bc1851ba8725da8,0,tucker_frozen,4,0
cells/tucker_frozen__random_static_16__r0.npz,spatial_transformer,0.4166666666666667,random_static_16,1.8560149718165235,d42233b0deab8c6b72af1a734c44745dfa97e841c51e232321a4755b14ec12f3,0,tucker_frozen,4,0
cells/tucker_frozen__random_static_16__r1.npz,spatial_transformer,0.33974358974358976,random_static_16,1.8306708339417117,9ef15ae5f2f4db9b6845bf18e834e80478651fb69f8a529dd49d88113e1d480d,1,tucker_frozen,4,0
cells/tucker_frozen__random_static_16__r2.npz,spatial_transformer,0.27724358974358976,random_static_16,1.8115464093687195,32819ad57045f24cfaeef749be0f5d6adc1b987fdbc3bf115f9be83f69a1a7d2,2,tucker_frozen,4,0
cells/tucker_frozen__random_static_16__r3.npz,spatial_transformer,0.33653846153846156,random_static_16,1.9621775569184448,f271c3980aa3bea98910371f7595a5abb9ae15a8df852acbbd6056518fbea292,3,tucker_frozen,4,0
cells/tucker_frozen__random_static_16__r4.npz,spatial_transformer,0.3365384615384615,random_static_16,1.9212155452624995,ad8cd05d834d92f8b53d2e374d3ef88825af5713c27753b4b726b88c6ece7ff0,4,tucker_frozen,4,0
cells/tucker_frozen__dynamic_random_16__r0.npz,spatial_transformer,0.23878205128205127,dynamic_random_16,2.1802246140174883,5e13a104ffca658c1357d921983d977cf4297980620d4abd64ad2bd62075a2bb,0,tucker_frozen,4,0
cells/tucker_frozen__dynamic_random_16__r1.npz,spatial_transformer,0.296474358974359,dynamic_random_16,2.028259480706675,f7429833826b4a7f114cba9e8428361b6bfd8e161fcf9f63ab5f85b76e67098e,1,tucker_frozen,4,0
cells/tucker_frozen__dynamic_random_16__r2.npz,spatial_transformer,0.2596153846153846,dynamic_random_16,1.8910291990567238,b1e8a2599ca51a625e108562af9161183aecfe78d884eba6f48646d03695bc1d,2,tucker_frozen,4,0
cells/tucker_frozen__dynamic_random_16__r3.npz,spatial_transformer,0.35737179487179493,dynamic_random_16,1.7016032301569666,a40a8c8a80fe2aa14e559b2176acd5628609dc01da082361493dd07f3dac0daa,3,tucker_frozen,4,0
cells/tucker_frozen__dynamic_random_16__r4.npz,spatial_transformer,0.33653846153846156,dynamic_random_16,1.8647406742317616,f78d4e77602a073d81536bd51ba2a16bce9660f50c0d7edf679fdc0850f6ac1a,4,tucker_frozen,4,0
cells/tucker_frozen__random_static_6__r0.npz,spatial_transformer,0.2483974358974359,random_static_6,2.376388283117024,b255a88e1442ce2828663ef9b33b497dd2fbfc61ac76a44c80ce4c7ec84ad3ac,0,tucker_frozen,4,0
cells/tucker_frozen__random_static_6__r1.npz,spatial_transformer,0.20512820512820512,random_static_6,2.444684220158133,b5cdfbb2bb0ca2b19b4834074efed6db0f64750cc51865824b2471cd5533cb64,1,tucker_frozen,4,0
cells/tucker_frozen__random_static_6__r2.npz,spatial_transformer,0.28846153846153844,random_static_6,2.2511965048284934,ae0dbcb32118d22e865475cfc0b2ee55a62c556afcc3bb7d6f458f98b3aa56a2,2,tucker_frozen,4,0
cells/tucker_frozen__random_static_6__r3.npz,spatial_transformer,0.3269230769230769,random_static_6,2.307322969756044,2231b241b0424836e5d3856f360934e3bf8b33d65fb3ecca9a4604d947e395e1,3,tucker_frozen,4,0
cells/tucker_frozen__random_static_6__r4.npz,spatial_transformer,0.2451923076923077,random_static_6,2.3081560009988755,6ea389b45fbbd4ea2c0573c7744fbefaee69989718588d955ba673344027c341,4,tucker_frozen,4,0
cells/tucker_frozen__dynamic_random_6__r0.npz,spatial_transformer,0.28685897435897434,dynamic_random_6,2.240940260812376,d2db4b21b71ff0cc2147a6b36f19eac8e4c1d0c5eba7060a10bae3bdb27a5be5,0,tucker_frozen,4,0
cells/tucker_frozen__dynamic_random_6__r1.npz,spatial_transformer,0.20833333333333334,dynamic_random_6,2.370415646751931,4bd10a7e579dab79b422d303baf3ac0a8d9dbb1250f72642cf0e25befd4983b2,1,tucker_frozen,4,0
cells/tucker_frozen__dynamic_random_6__r2.npz,spatial_transformer,0.2676282051282051,dynamic_random_6,2.3195462604375887,a478999a2d862910c73e0727d488b61b067867ba1bdc0d4bdd0a1b67ffafc8de,2,tucker_frozen,4,0
cells/tucker_frozen__dynamic_random_6__r3.npz,spatial_transformer,0.28846153846153844,dynamic_random_6,2.2612030203914144,19eb03371ca288106b0d0dd0fe7b28981b9052300c6b48511f6d77290d8f778f,3,tucker_frozen,4,0
cells/tucker_frozen__dynamic_random_6__r4.npz,spatial_transformer,0.2275641025641026,dynamic_random_6,2.5358153001831654,221ed8f8ce0f4fa6383b84681bfd31053c3fb17bc37fbc71dd0756477113c38d,4,tucker_frozen,4,0
cells/tucker_learned__full_22__r0.npz,spatial_transformer,0.39743589743589747,full_22,1.6598983378712349,90f3314fe293cd971e11dc8a5e23abb83635d8e122f0950f1bc1851ba8725da8,0,tucker_learned,4,0
cells/tucker_learned__random_static_16__r0.npz,spatial_transformer,0.358974358974359,random_static_16,1.8484696981467166,d42233b0deab8c6b72af1a734c44745dfa97e841c51e232321a4755b14ec12f3,0,tucker_learned,4,0
cells/tucker_learned__random_static_16__r1.npz,spatial_transformer,0.3974358974358974,random_static_16,1.8143507442948028,9ef15ae5f2f4db9b6845bf18e834e80478651fb69f8a529dd49d88113e1d480d,1,tucker_learned,4,0
cells/tucker_learned__random_static_16__r2.npz,spatial_transformer,0.3541666666666667,random_static_16,1.803482026788973,32819ad57045f24cfaeef749be0f5d6adc1b987fdbc3bf115f9be83f69a1a7d2,2,tucker_learned,4,0
cells/tucker_learned__random_static_16__r3.npz,spatial_transformer,0.2964743589743589,random_static_16,1.9796497963393098,f271c3980aa3bea98910371f7595a5abb9ae15a8df852acbbd6056518fbea292,3,tucker_learned,4,0
cells/tucker_learned__random_static_16__r4.npz,spatial_transformer,0.3766025641025641,random_static_16,1.862841589607071,ad8cd05d834d92f8b53d2e374d3ef88825af5713c27753b4b726b88c6ece7ff0,4,tucker_learned,4,0
cells/tucker_learned__dynamic_random_16__r0.npz,spatial_transformer,0.23878205128205127,dynamic_random_16,1.9860939615769935,5e13a104ffca658c1357d921983d977cf4297980620d4abd64ad2bd62075a2bb,0,tucker_learned,4,0
cells/tucker_learned__dynamic_random_16__r1.npz,spatial_transformer,0.27564102564102566,dynamic_random_16,2.090463415577362,f7429833826b4a7f114cba9e8428361b6bfd8e161fcf9f63ab5f85b76e67098e,1,tucker_learned,4,0
cells/tucker_learned__dynamic_random_16__r2.npz,spatial_transformer,0.2980769230769231,dynamic_random_16,1.786180291984101,b1e8a2599ca51a625e108562af9161183aecfe78d884eba6f48646d03695bc1d,2,tucker_learned,4,0
cells/tucker_learned__dynamic_random_16__r3.npz,spatial_transformer,0.41346153846153844,dynamic_random_16,1.6732954070989599,a40a8c8a80fe2aa14e559b2176acd5628609dc01da082361493dd07f3dac0daa,3,tucker_learned,4,0
cells/tucker_learned__dynamic_random_16__r4.npz,spatial_transformer,0.33653846153846156,dynamic_random_16,1.771444022446906,f78d4e77602a073d81536bd51ba2a16bce9660f50c0d7edf679fdc0850f6ac1a,4,tucker_learned,4,0
cells/tucker_learned__random_static_6__r0.npz,spatial_transformer,0.3637820512820513,random_static_6,1.7520571424182871,b255a88e1442ce2828663ef9b33b497dd2fbfc61ac76a44c80ce4c7ec84ad3ac,0,tucker_learned,4,0
cells/tucker_learned__random_static_6__r1.npz,spatial_transformer,0.2788461538461538,random_static_6,1.988661683848112,b5cdfbb2bb0ca2b19b4834074efed6db0f64750cc51865824b2471cd5533cb64,1,tucker_learned,4,0
cells/tucker_learned__random_static_6__r2.npz,spatial_transformer,0.30448717948717946,random_static_6,1.8847509638363962,ae0dbcb32118d22e865475cfc0b2ee55a62c556afcc3bb7d6f458f98b3aa56a2,2,tucker_learned,4,0
cells/tucker_learned__random_static_6__r3.npz,spatial_transformer,0.34294871794871795,random_static_6,1.8384130461723456,2231b241b0424836e5d3856f360934e3bf8b33d65fb3ecca9a4604d947e395e1,3,tucker_learned,4,0
cells/tucker_learned__random_static_6__r4.npz,spatial_transformer,0.38141025641025644,random_static_6,1.7790323240338606,6ea389b45fbbd4ea2c0573c7744fbefaee69989718588d955ba673344027c341,4,tucker_learned,4,0
cells/tucker_learned__dynamic_random_6__r0.npz,spatial_transformer,0.32211538461538464,dynamic_random_6,1.8245260143103779,d2db4b21b71ff0cc2147a6b36f19eac8e4c1d0c5eba7060a10bae3bdb27a5be5,0,tucker_learned,4,0
cells/tucker_learned__dynamic_random_6__r1.npz,spatial_transformer,0.3028846153846154,dynamic_random_6,1.9129379160098974,4bd10a7e579dab79b422d303baf3ac0a8d9dbb1250f72642cf0e25befd4983b2,1,tucker_learned,4,0
cells/tucker_learned__dynamic_random_6__r2.npz,spatial_transformer,0.3028846153846154,dynamic_random_6,1.5883204576104977,a478999a2d862910c73e0727d488b61b067867ba1bdc0d4bdd0a1b67ffafc8de,2,tucker_learned,4,0
cells/tucker_learned__dynamic_random_6__r3.npz,spatial_transformer,0.38301282051282054,dynamic_random_6,1.7533619681310413,19eb03371ca288106b0d0dd0fe7b28981b9052300c6b48511f6d77290d8f778f,3,tucker_learned,4,0
cells/tucker_learned__dynamic_random_6__r4.npz,spatial_transformer,0.2980769230769231,dynamic_random_6,1.9404280365943432,221ed8f8ce0f4fa6383b84681bfd31053c3fb17bc37fbc71dd0756477113c38d,4,tucker_learned,4,0
cells/zero__full_22__r0.npz,spatial_transformer,0.4326923076923077,full_22,1.3073822415367566,90f3314fe293cd971e11dc8a5e23abb83635d8e122f0950f1bc1851ba8725da8,0,zero,4,1
cells/zero__random_static_16__r0.npz,spatial_transformer,0.3766025641025641,random_static_16,1.297733229592408,e67624917a5bb1e03796e1d9c6e76cc530e4fd4eb47a9bb965fdccac9cf884d6,0,zero,4,1
cells/zero__random_static_16__r1.npz,spatial_transformer,0.3141025641025641,random_static_16,1.3394703520277058,6cc7a3674e80104eef9849dc5ae47c6d0b8a496a11a540a3964ff4d650c33cf1,1,zero,4,1
cells/zero__random_static_16__r2.npz,spatial_transformer,0.29647435897435903,random_static_16,1.4847534743806574,c0147880847d628a940cc04d15a3c4d7242055ce9766254ef7d53c2c3bd3e47e,2,zero,4,1
cells/zero__random_static_16__r3.npz,spatial_transformer,0.33814102564102566,random_static_16,1.3568507535615755,24aa69fa5ac33704e24f53d756ab639c3547f4333894bda3a37801c6b612d33e,3,zero,4,1
cells/zero__random_static_16__r4.npz,spatial_transformer,0.2996794871794872,random_static_16,1.4137139839765136,b9db1a8640ac35c44f00908a33252a45ea9bf809483c05a42c781117f2629bc9,4,zero,4,1
cells/zero__dynamic_random_16__r0.npz,spatial_transformer,0.2564102564102564,dynamic_random_16,1.4222345064678126,771b620e4443013452935c8e63e1be6af5670e3b916c6c8b2650bc0a5113cd14,0,zero,4,1
cells/zero__dynamic_random_16__r1.npz,spatial_transformer,0.3733974358974359,dynamic_random_16,1.344214111646838,a88e50bb27dd5f9959bb4e12c84336ac3468abbdbaf6101209e07d37ebd72a8c,1,zero,4,1
cells/zero__dynamic_random_16__r2.npz,spatial_transformer,0.3028846153846154,dynamic_random_16,1.4086229107972543,a4e4c121297f78b16b0aa55b5c18cf5908a3a9368aaaf95143356698c4c8e6a0,2,zero,4,1
cells/zero__dynamic_random_16__r3.npz,spatial_transformer,0.3157051282051282,dynamic_random_16,1.3893914298765975,d563d61f8e88f81602c0254c480d328341997fdbc1a137ede34cd34ebd01e85e,3,zero,4,1
cells/zero__dynamic_random_16__r4.npz,spatial_transformer,0.4407051282051282,dynamic_random_16,1.323666926075672,4b964c9a5dda865d5f6c2c2351bda87d31bdef9f5a49c20cd94b12be322a2623,4,zero,4,1
cells/zero__random_static_6__r0.npz,spatial_transformer,0.3221153846153846,random_static_6,1.6467377269350938,d9b23efd79ba5afcd8d4d93a963b98eee87e57ed351bd702bcf7cb828b636628,0,zero,4,1
cells/zero__random_static_6__r1.npz,spatial_transformer,0.24038461538461542,random_static_6,1.6538538764931294,ea29eb71caa0ac32fecb157b7dee9a1e5a66ef3aadebb9b3b9991202fbf9f9e7,1,zero,4,1
cells/zero__random_static_6__r2.npz,spatial_transformer,0.22596153846153844,random_static_6,1.6946626465152417,85a8aa31d3e1c5b2eded44e6df21f96b222f2c08d4a6d2a33759eee3f6978a31,2,zero,4,1
cells/zero__random_static_6__r3.npz,spatial_transformer,0.34615384615384615,random_static_6,1.6425184262658499,ad9ab29c36d7383b7fba60f0b1212d146566814dd5638fd11b72b950fbda0800,3,zero,4,1
cells/zero__random_static_6__r4.npz,spatial_transformer,0.2644230769230769,random_static_6,1.5480036379428936,33bb4bba167fce0a46db77c0bf3c5d3676495b3ae950a152360a7f6b2f48ab27,4,zero,4,1
cells/zero__dynamic_random_6__r0.npz,spatial_transformer,0.1842948717948718,dynamic_random_6,1.705393722712958,1a96ebd987eb16d0bc0a109cd021ac7a78617e71951ef59275e16debe06a5c8c,0,zero,4,1
cells/zero__dynamic_random_6__r1.npz,spatial_transformer,0.2676282051282051,dynamic_random_6,1.7096207284260878,be18e04503de69547006c20ac8673ae5104382422eee75f7fd9bd403c37c3a76,1,zero,4,1
cells/zero__dynamic_random_6__r2.npz,spatial_transformer,0.24358974358974356,dynamic_random_6,1.650383575160274,39b52716ea9b546a39e10f5af0ce0ee3e1dc5699d5f4a56dffb47fa76c1e4d02,2,zero,4,1
cells/zero__dynamic_random_6__r3.npz,spatial_transformer,0.28525641025641024,dynamic_random_6,1.6761671112260477,8d293b371ab1f555fb92e478bc75bb50cbc4b5ffd14c5f82758b6d51f7fc52fb,3,zero,4,1
cells/zero__dynamic_random_6__r4.npz,spatial_transformer,0.22596153846153844,dynamic_random_6,1.6466059459870075,5b9e5b2bb2020c22072ac76b01ec0b597e6333c29b1b93a3839dfe7beefaa93f,4,zero,4,1
cells/covariance_frozen__full_22__r0.npz,spatial_transformer,0.4326923076923077,full_22,1.3073822415367566,90f3314fe293cd971e11dc8a5e23abb83635d8e122f0950f1bc1851ba8725da8,0,covariance_frozen,4,1
cells/covariance_frozen__random_static_16__r0.npz,spatial_transformer,0.43589743589743585,random_static_16,1.2877151670669065,e67624917a5bb1e03796e1d9c6e76cc530e4fd4eb47a9bb965fdccac9cf884d6,0,covariance_frozen,4,1
cells/covariance_frozen__random_static_16__r1.npz,spatial_transformer,0.3349358974358974,random_static_16,1.3413897678068845,6cc7a3674e80104eef9849dc5ae47c6d0b8a496a11a540a3964ff4d650c33cf1,1,covariance_frozen,4,1
cells/covariance_frozen__random_static_16__r2.npz,spatial_transformer,0.3557692307692308,random_static_16,1.30406168024675,c0147880847d628a940cc04d15a3c4d7242055ce9766254ef7d53c2c3bd3e47e,2,covariance_frozen,4,1
cells/covariance_frozen__random_static_16__r3.npz,spatial_transformer,0.37660256410256415,random_static_16,1.3206549902234914,24aa69fa5ac33704e24f53d756ab639c3547f4333894bda3a37801c6b612d33e,3,covariance_frozen,4,1
cells/covariance_frozen__random_static_16__r4.npz,spatial_transformer,0.3557692307692308,random_static_16,1.319585096003715,b9db1a8640ac35c44f00908a33252a45ea9bf809483c05a42c781117f2629bc9,4,covariance_frozen,4,1
cells/covariance_frozen__dynamic_random_16__r0.npz,spatial_transformer,0.23717948717948717,dynamic_random_16,1.3457743071401507,771b620e4443013452935c8e63e1be6af5670e3b916c6c8b2650bc0a5113cd14,0,covariance_frozen,4,1
cells/covariance_frozen__dynamic_random_16__r1.npz,spatial_transformer,0.33493589743589747,dynamic_random_16,1.3339679696013167,a88e50bb27dd5f9959bb4e12c84336ac3468abbdbaf6101209e07d37ebd72a8c,1,covariance_frozen,4,1
cells/covariance_frozen__dynamic_random_16__r2.npz,spatial_transformer,0.3589743589743589,dynamic_random_16,1.3312759003653492,a4e4c121297f78b16b0aa55b5c18cf5908a3a9368aaaf95143356698c4c8e6a0,2,covariance_frozen,4,1
cells/covariance_frozen__dynamic_random_16__r3.npz,spatial_transformer,0.3157051282051282,dynamic_random_16,1.3928367415540919,d563d61f8e88f81602c0254c480d328341997fdbc1a137ede34cd34ebd01e85e,3,covariance_frozen,4,1
cells/covariance_frozen__dynamic_random_16__r4.npz,spatial_transformer,0.27884615384615385,dynamic_random_16,1.2871701316288322,4b964c9a5dda865d5f6c2c2351bda87d31bdef9f5a49c20cd94b12be322a2623,4,covariance_frozen,4,1
cells/covariance_frozen__random_static_6__r0.npz,spatial_transformer,0.375,random_static_6,1.3467583440106876,d9b23efd79ba5afcd8d4d93a963b98eee87e57ed351bd702bcf7cb828b636628,0,covariance_frozen,4,1
cells/covariance_frozen__random_static_6__r1.npz,spatial_transformer,0.23717948717948717,random_static_6,1.404866139303351,ea29eb71caa0ac32fecb157b7dee9a1e5a66ef3aadebb9b3b9991202fbf9f9e7,1,covariance_frozen,4,1
cells/covariance_frozen__random_static_6__r2.npz,spatial_transformer,0.21794871794871795,random_static_6,1.450856485624293,85a8aa31d3e1c5b2eded44e6df21f96b222f2c08d4a6d2a33759eee3f6978a31,2,covariance_frozen,4,1
cells/covariance_frozen__random_static_6__r3.npz,spatial_transformer,0.39743589743589747,random_static_6,1.3995772347941389,ad9ab29c36d7383b7fba60f0b1212d146566814dd5638fd11b72b950fbda0800,3,covariance_frozen,4,1
cells/covariance_frozen__random_static_6__r4.npz,spatial_transformer,0.3205128205128205,random_static_6,1.4208257477446382,33bb4bba167fce0a46db77c0bf3c5d3676495b3ae950a152360a7f6b2f48ab27,4,covariance_frozen,4,1
cells/covariance_frozen__dynamic_random_6__r0.npz,spatial_transformer,0.27884615384615385,dynamic_random_6,1.445056393058803,1a96ebd987eb16d0bc0a109cd021ac7a78617e71951ef59275e16debe06a5c8c,0,covariance_frozen,4,1
cells/covariance_frozen__dynamic_random_6__r1.npz,spatial_transformer,0.3205128205128205,dynamic_random_6,1.4556767435970779,be18e04503de69547006c20ac8673ae5104382422eee75f7fd9bd403c37c3a76,1,covariance_frozen,4,1
cells/covariance_frozen__dynamic_random_6__r2.npz,spatial_transformer,0.3573717948717949,dynamic_random_6,1.3967042570517028,39b52716ea9b546a39e10f5af0ce0ee3e1dc5699d5f4a56dffb47fa76c1e4d02,2,covariance_frozen,4,1
cells/covariance_frozen__dynamic_random_6__r3.npz,spatial_transformer,0.358974358974359,dynamic_random_6,1.3960065183631123,8d293b371ab1f555fb92e478bc75bb50cbc4b5ffd14c5f82758b6d51f7fc52fb,3,covariance_frozen,4,1
cells/covariance_frozen__dynamic_random_6__r4.npz,spatial_transformer,0.3397435897435897,dynamic_random_6,1.4288463465116807,5b9e5b2bb2020c22072ac76b01ec0b597e6333c29b1b93a3839dfe7beefaa93f,4,covariance_frozen,4,1
cells/covariance_learned__full_22__r0.npz,spatial_transformer,0.4326923076923077,full_22,1.3073822415367566,90f3314fe293cd971e11dc8a5e23abb83635d8e122f0950f1bc1851ba8725da8,0,covariance_learned,4,1
cells/covariance_learned__random_static_16__r0.npz,spatial_transformer,0.43589743589743585,random_static_16,1.2857691308318673,e67624917a5bb1e03796e1d9c6e76cc530e4fd4eb47a9bb965fdccac9cf884d6,0,covariance_learned,4,1
cells/covariance_learned__random_static_16__r1.npz,spatial_transformer,0.3349358974358974,random_static_16,1.3402325912840962,6cc7a3674e80104eef9849dc5ae47c6d0b8a496a11a540a3964ff4d650c33cf1,1,covariance_learned,4,1
cells/covariance_learned__random_static_16__r2.npz,spatial_transformer,0.3557692307692308,random_static_16,1.3038446568397775,c0147880847d628a940cc04d15a3c4d7242055ce9766254ef7d53c2c3bd3e47e,2,covariance_learned,4,1
cells/covariance_learned__random_static_16__r3.npz,spatial_transformer,0.37660256410256415,random_static_16,1.3194470770108218,24aa69fa5ac33704e24f53d756ab639c3547f4333894bda3a37801c6b612d33e,3,covariance_learned,4,1
cells/covariance_learned__random_static_16__r4.npz,spatial_transformer,0.3557692307692308,random_static_16,1.3170828733378388,b9db1a8640ac35c44f00908a33252a45ea9bf809483c05a42c781117f2629bc9,4,covariance_learned,4,1
cells/covariance_learned__dynamic_random_16__r0.npz,spatial_transformer,0.2564102564102564,dynamic_random_16,1.3441761489746211,771b620e4443013452935c8e63e1be6af5670e3b916c6c8b2650bc0a5113cd14,0,covariance_learned,4,1
cells/covariance_learned__dynamic_random_16__r1.npz,spatial_transformer,0.33493589743589747,dynamic_random_16,1.3332687106402272,a88e50bb27dd5f9959bb4e12c84336ac3468abbdbaf6101209e07d37ebd72a8c,1,covariance_learned,4,1
cells/covariance_learned__dynamic_random_16__r2.npz,spatial_transformer,0.3589743589743589,dynamic_random_16,1.3289168909246283,a4e4c121297f78b16b0aa55b5c18cf5908a3a9368aaaf95143356698c4c8e6a0,2,covariance_learned,4,1
cells/covariance_learned__dynamic_random_16__r3.npz,spatial_transformer,0.3157051282051282,dynamic_random_16,1.3925958697715684,d563d61f8e88f81602c0254c480d328341997fdbc1a137ede34cd34ebd01e85e,3,covariance_learned,4,1
cells/covariance_learned__dynamic_random_16__r4.npz,spatial_transformer,0.2980769230769231,dynamic_random_16,1.2864139205275071,4b964c9a5dda865d5f6c2c2351bda87d31bdef9f5a49c20cd94b12be322a2623,4,covariance_learned,4,1
cells/covariance_learned__random_static_6__r0.npz,spatial_transformer,0.375,random_static_6,1.3433421802527075,d9b23efd79ba5afcd8d4d93a963b98eee87e57ed351bd702bcf7cb828b636628,0,covariance_learned,4,1
cells/covariance_learned__random_static_6__r1.npz,spatial_transformer,0.21634615384615385,random_static_6,1.4037601059310743,ea29eb71caa0ac32fecb157b7dee9a1e5a66ef3aadebb9b3b9991202fbf9f9e7,1,covariance_learned,4,1
cells/covariance_learned__random_static_6__r2.npz,spatial_transformer,0.21794871794871795,random_static_6,1.445007277180073,85a8aa31d3e1c5b2eded44e6df21f96b222f2c08d4a6d2a33759eee3f6978a31,2,covariance_learned,4,1
cells/covariance_learned__random_static_6__r3.npz,spatial_transformer,0.39743589743589747,random_static_6,1.3963647724253512,ad9ab29c36d7383b7fba60f0b1212d146566814dd5638fd11b72b950fbda0800,3,covariance_learned,4,1
cells/covariance_learned__random_static_6__r4.npz,spatial_transformer,0.3205128205128205,random_static_6,1.41762630457563,33bb4bba167fce0a46db77c0bf3c5d3676495b3ae950a152360a7f6b2f48ab27,4,covariance_learned,4,1
cells/covariance_learned__dynamic_random_6__r0.npz,spatial_transformer,0.2980769230769231,dynamic_random_6,1.4422661790931743,1a96ebd987eb16d0bc0a109cd021ac7a78617e71951ef59275e16debe06a5c8c,0,covariance_learned,4,1
cells/covariance_learned__dynamic_random_6__r1.npz,spatial_transformer,0.3397435897435897,dynamic_random_6,1.4493043144681825,be18e04503de69547006c20ac8673ae5104382422eee75f7fd9bd403c37c3a76,1,covariance_learned,4,1
cells/covariance_learned__dynamic_random_6__r2.npz,spatial_transformer,0.3573717948717949,dynamic_random_6,1.3912272210541836,39b52716ea9b546a39e10f5af0ce0ee3e1dc5699d5f4a56dffb47fa76c1e4d02,2,covariance_learned,4,1
cells/covariance_learned__dynamic_random_6__r3.npz,spatial_transformer,0.33814102564102566,dynamic_random_6,1.3854776546813385,8d293b371ab1f555fb92e478bc75bb50cbc4b5ffd14c5f82758b6d51f7fc52fb,3,covariance_learned,4,1
cells/covariance_learned__dynamic_random_6__r4.npz,spatial_transformer,0.3397435897435897,dynamic_random_6,1.4237307627711282,5b9e5b2bb2020c22072ac76b01ec0b597e6333c29b1b93a3839dfe7beefaa93f,4,covariance_learned,4,1
cells/tucker_frozen__full_22__r0.npz,spatial_transformer,0.4326923076923077,full_22,1.3073822415367566,90f3314fe293cd971e11dc8a5e23abb83635d8e122f0950f1bc1851ba8725da8,0,tucker_frozen,4,1
cells/tucker_frozen__random_static_16__r0.npz,spatial_transformer,0.3974358974358974,random_static_16,1.311721468030275,e67624917a5bb1e03796e1d9c6e76cc530e4fd4eb47a9bb965fdccac9cf884d6,0,tucker_frozen,4,1
cells/tucker_frozen__random_static_16__r1.npz,spatial_transformer,0.33493589743589747,random_static_16,1.343776698067699,6cc7a3674e80104eef9849dc5ae47c6d0b8a496a11a540a3964ff4d650c33cf1,1,tucker_frozen,4,1
cells/tucker_frozen__random_static_16__r2.npz,spatial_transformer,0.29647435897435903,random_static_16,1.480774500237887,c0147880847d628a940cc04d15a3c4d7242055ce9766254ef7d53c2c3bd3e47e,2,tucker_frozen,4,1
cells/tucker_frozen__random_static_16__r3.npz,spatial_transformer,0.358974358974359,random_static_16,1.3574085269211165,24aa69fa5ac33704e24f53d756ab639c3547f4333894bda3a37801c6b612d33e,3,tucker_frozen,4,1
cells/tucker_frozen__random_static_16__r4.npz,spatial_transformer,0.2996794871794872,random_static_16,1.4252180047910143,b9db1a8640ac35c44f00908a33252a45ea9bf809483c05a42c781117f2629bc9,4,tucker_frozen,4,1
cells/tucker_frozen__dynamic_random_16__r0.npz,spatial_transformer,0.21794871794871795,dynamic_random_16,1.4322538117891732,771b620e4443013452935c8e63e1be6af5670e3b916c6c8b2650bc0a5113cd14,0,tucker_frozen,4,1
cells/tucker_frozen__dynamic_random_16__r1.npz,spatial_transformer,0.3926282051282051,dynamic_random_16,1.3560878813318344,a88e50bb27dd5f9959bb4e12c84336ac3468abbdbaf6101209e07d37ebd72a8c,1,tucker_frozen,4,1
cells/tucker_frozen__dynamic_random_16__r2.npz,spatial_transformer,0.3028846153846154,dynamic_random_16,1.4202793557064215,a4e4c121297f78b16b0aa55b5c18cf5908a3a9368aaaf95143356698c4c8e6a0,2,tucker_frozen,4,1
cells/tucker_frozen__dynamic_random_16__r3.npz,spatial_transformer,0.27724358974358976,dynamic_random_16,1.4032848160262097,d563d61f8e88f81602c0254c480d328341997fdbc1a137ede34cd34ebd01e85e,3,tucker_frozen,4,1
cells/tucker_frozen__dynamic_random_16__r4.npz,spatial_transformer,0.4407051282051282,dynamic_random_16,1.3283887561817707,4b964c9a5dda865d5f6c2c2351bda87d31bdef9f5a49c20cd94b12be322a2623,4,tucker_frozen,4,1
cells/tucker_frozen__random_static_6__r0.npz,spatial_transformer,0.3221153846153846,random_static_6,1.658088813509841,d9b23efd79ba5afcd8d4d93a963b98eee87e57ed351bd702bcf7cb828b636628,0,tucker_frozen,4,1
cells/tucker_frozen__random_static_6__r1.npz,spatial_transformer,0.24038461538461542,random_static_6,1.6770801189593771,ea29eb71caa0ac32fecb157b7dee9a1e5a66ef3aadebb9b3b9991202fbf9f9e7,1,tucker_frozen,4,1
cells/tucker_frozen__random_static_6__r2.npz,spatial_transformer,0.20673076923076922,random_static_6,1.7277246544576523,85a8aa31d3e1c5b2eded44e6df21f96b222f2c08d4a6d2a33759eee3f6978a31,2,tucker_frozen,4,1
cells/tucker_frozen__random_static_6__r3.npz,spatial_transformer,0.34615384615384615,random_static_6,1.6566352073506507,ad9ab29c36d7383b7fba60f0b1212d146566814dd5638fd11b72b950fbda0800,3,tucker_frozen,4,1
cells/tucker_frozen__random_static_6__r4.npz,spatial_transformer,0.2644230769230769,random_static_6,1.5873045389262574,33bb4bba167fce0a46db77c0bf3c5d3676495b3ae950a152360a7f6b2f48ab27,4,tucker_frozen,4,1
cells/tucker_frozen__dynamic_random_6__r0.npz,spatial_transformer,0.20512820512820512,dynamic_random_6,1.720951488194732,1a96ebd987eb16d0bc0a109cd021ac7a78617e71951ef59275e16debe06a5c8c,0,tucker_frozen,4,1
cells/tucker_frozen__dynamic_random_6__r1.npz,spatial_transformer,0.2676282051282051,dynamic_random_6,1.7342390141643278,be18e04503de69547006c20ac8673ae5104382422eee75f7fd9bd403c37c3a76,1,tucker_frozen,4,1
cells/tucker_frozen__dynamic_random_6__r2.npz,spatial_transformer,0.24358974358974356,dynamic_random_6,1.6766252811708444,39b52716ea9b546a39e10f5af0ce0ee3e1dc5699d5f4a56dffb47fa76c1e4d02,2,tucker_frozen,4,1
cells/tucker_frozen__dynamic_random_6__r3.npz,spatial_transformer,0.266025641025641,dynamic_random_6,1.6881737924838123,8d293b371ab1f555fb92e478bc75bb50cbc4b5ffd14c5f82758b6d51f7fc52fb,3,tucker_frozen,4,1
cells/tucker_frozen__dynamic_random_6__r4.npz,spatial_transformer,0.20673076923076922,dynamic_random_6,1.6717733317621983,5b9e5b2bb2020c22072ac76b01ec0b597e6333c29b1b93a3839dfe7beefaa93f,4,tucker_frozen,4,1
cells/tucker_learned__full_22__r0.npz,spatial_transformer,0.4326923076923077,full_22,1.3073822415367566,90f3314fe293cd971e11dc8a5e23abb83635d8e122f0950f1bc1851ba8725da8,0,tucker_learned,4,1
cells/tucker_learned__random_static_16__r0.npz,spatial_transformer,0.3942307692307693,random_static_16,1.272927977650981,e67624917a5bb1e03796e1d9c6e76cc530e4fd4eb47a9bb965fdccac9cf884d6,0,tucker_learned,4,1
cells/tucker_learned__random_static_16__r1.npz,spatial_transformer,0.3525641025641026,random_static_16,1.3194637477565532,6cc7a3674e80104eef9849dc5ae47c6d0b8a496a11a540a3964ff4d650c33cf1,1,tucker_learned,4,1
cells/tucker_learned__random_static_16__r2.npz,spatial_transformer,0.2564102564102564,random_static_16,1.4586356234114028,c0147880847d628a940cc04d15a3c4d7242055ce9766254ef7d53c2c3bd3e47e,2,tucker_learned,4,1
cells/tucker_learned__random_static_16__r3.npz,spatial_transformer,0.3573717948717949,random_static_16,1.33303008228432,24aa69fa5ac33704e24f53d756ab639c3547f4333894bda3a37801c6b612d33e,3,tucker_learned,4,1
cells/tucker_learned__random_static_16__r4.npz,spatial_transformer,0.3573717948717949,random_static_16,1.378295493281798,b9db1a8640ac35c44f00908a33252a45ea9bf809483c05a42c781117f2629bc9,4,tucker_learned,4,1
cells/tucker_learned__dynamic_random_16__r0.npz,spatial_transformer,0.2564102564102564,dynamic_random_16,1.3884074549267602,771b620e4443013452935c8e63e1be6af5670e3b916c6c8b2650bc0a5113cd14,0,tucker_learned,4,1
cells/tucker_learned__dynamic_random_16__r1.npz,spatial_transformer,0.3157051282051282,dynamic_random_16,1.3288539021240242,a88e50bb27dd5f9959bb4e12c84336ac3468abbdbaf6101209e07d37ebd72a8c,1,tucker_learned,4,1
cells/tucker_learned__dynamic_random_16__r2.npz,spatial_transformer,0.3012820512820513,dynamic_random_16,1.3826856667617515,a4e4c121297f78b16b0aa55b5c18cf5908a3a9368aaaf95143356698c4c8e6a0,2,tucker_learned,4,1
cells/tucker_learned__dynamic_random_16__r3.npz,spatial_transformer,0.33493589743589747,dynamic_random_16,1.357340965128504,d563d61f8e88f81602c0254c480d328341997fdbc1a137ede34cd34ebd01e85e,3,tucker_learned,4,1
cells/tucker_learned__dynamic_random_16__r4.npz,spatial_transformer,0.41666666666666663,dynamic_random_16,1.3052063973452732,4b964c9a5dda865d5f6c2c2351bda87d31bdef9f5a49c20cd94b12be322a2623,4,tucker_learned,4,1
cells/tucker_learned__random_static_6__r0.npz,spatial_transformer,0.3766025641025641,random_static_6,1.4530575386462732,d9b23efd79ba5afcd8d4d93a963b98eee87e57ed351bd702bcf7cb828b636628,0,tucker_learned,4,1
cells/tucker_learned__random_static_6__r1.npz,spatial_transformer,0.19711538461538464,random_static_6,1.5954376252569387,ea29eb71caa0ac32fecb157b7dee9a1e5a66ef3aadebb9b3b9991202fbf9f9e7,1,tucker_learned,4,1
cells/tucker_learned__random_static_6__r2.npz,spatial_transformer,0.20192307692307693,random_static_6,1.5934244001929254,85a8aa31d3e1c5b2eded44e6df21f96b222f2c08d4a6d2a33759eee3f6978a31,2,tucker_learned,4,1
cells/tucker_learned__random_static_6__r3.npz,spatial_transformer,0.33814102564102566,random_static_6,1.4844163422482035,ad9ab29c36d7383b7fba60f0b1212d146566814dd5638fd11b72b950fbda0800,3,tucker_learned,4,1
cells/tucker_learned__random_static_6__r4.npz,spatial_transformer,0.3189102564102564,random_static_6,1.4461922708750448,33bb4bba167fce0a46db77c0bf3c5d3676495b3ae950a152360a7f6b2f48ab27,4,tucker_learned,4,1
cells/tucker_learned__dynamic_random_6__r0.npz,spatial_transformer,0.2387820512820513,dynamic_random_6,1.5123382234742075,1a96ebd987eb16d0bc0a109cd021ac7a78617e71951ef59275e16debe06a5c8c,0,tucker_learned,4,1
cells/tucker_learned__dynamic_random_6__r1.npz,spatial_transformer,0.30288461538461536,dynamic_random_6,1.566232352795905,be18e04503de69547006c20ac8673ae5104382422eee75f7fd9bd403c37c3a76,1,tucker_learned,4,1
cells/tucker_learned__dynamic_random_6__r2.npz,spatial_transformer,0.21794871794871795,dynamic_random_6,1.523137727566755,39b52716ea9b546a39e10f5af0ce0ee3e1dc5699d5f4a56dffb47fa76c1e4d02,2,tucker_learned,4,1
cells/tucker_learned__dynamic_random_6__r3.npz,spatial_transformer,0.29967948717948717,dynamic_random_6,1.497971288786176,8d293b371ab1f555fb92e478bc75bb50cbc4b5ffd14c5f82758b6d51f7fc52fb,3,tucker_learned,4,1
cells/tucker_learned__dynamic_random_6__r4.npz,spatial_transformer,0.29967948717948717,dynamic_random_6,1.483136705540009,5b9e5b2bb2020c22072ac76b01ec0b597e6333c29b1b93a3839dfe7beefaa93f,4,tucker_learned,4,1
cells/zero__full_22__r0.npz,spatial_transformer,0.3942307692307693,full_22,1.3031431361006176,90f3314fe293cd971e11dc8a5e23abb83635d8e122f0950f1bc1851ba8725da8,0,zero,4,2
cells/zero__random_static_16__r0.npz,spatial_transformer,0.3782051282051282,random_static_16,1.4072531191148165,f302ce988c046a5e52dea9d264b93f5eefec777e0e2acf78593bf22772f90d21,0,zero,4,2
cells/zero__random_static_16__r1.npz,spatial_transformer,0.23878205128205127,random_static_16,1.735290975046954,ea7d6a4a90c81eacd2924584761f0f45c3908cd1e401e6f74bfce96d0fc92fa3,1,zero,4,2
cells/zero__random_static_16__r2.npz,spatial_transformer,0.2564102564102564,random_static_16,1.6439154180686895,8fde6e00f3807c1ddc11336f30128020fb3ad081c8308eb996b0d06ded52d6cf,2,zero,4,2
cells/zero__random_static_16__r3.npz,spatial_transformer,0.2580128205128205,random_static_16,1.7668756581132445,2286e27764d7eff062e23e268b36438a8262189dc89b32b92d25bf0d5fe9411e,3,zero,4,2
cells/zero__random_static_16__r4.npz,spatial_transformer,0.33814102564102566,random_static_16,1.4645068877500949,0ef4e227c22b3f9c8deab8fae91a6cbde2148f6fd2a855d4520b9ec0125fb03a,4,zero,4,2
cells/zero__dynamic_random_16__r0.npz,spatial_transformer,0.19551282051282054,dynamic_random_16,1.794853142696963,3bbfe0219a65291ad87a6f65f6260845a19c435ebe085a5db38719a9eadaf294,0,zero,4,2
cells/zero__dynamic_random_16__r1.npz,spatial_transformer,0.27564102564102566,dynamic_random_16,1.5181848901607065,d639e1e423223471ae49e21df978394e13b9c3fa0a5e00ff3b540cee94d98966,1,zero,4,2
cells/zero__dynamic_random_16__r2.npz,spatial_transformer,0.41185897435897434,dynamic_random_16,1.2886521495270975,8cc35d338e539234ca1fa2263b629f19beb1bc4d38202044554ae579a26c407f,2,zero,4,2
cells/zero__dynamic_random_16__r3.npz,spatial_transformer,0.2980769230769231,dynamic_random_16,1.4344991784065133,ce6d20b9d19682c814545e7e785b3118f3664e03c0d0ac87476b2a31466558b9,3,zero,4,2
cells/zero__dynamic_random_16__r4.npz,spatial_transformer,0.375,dynamic_random_16,1.4329755867754739,ead3353b7814b645e95ee968e5acb0faaa061fe9565962d7a0f7e7339b24d365,4,zero,4,2
cells/zero__random_static_6__r0.npz,spatial_transformer,0.2227564102564103,random_static_6,2.0673750593265514,1fa5692aa8b50db64386bd05bb9bcb3d3b5ae18427fd52263af853798b0d2f2a,0,zero,4,2
cells/zero__random_static_6__r1.npz,spatial_transformer,0.28365384615384615,random_static_6,1.9271115799491247,222e3fee17534ce76625fbe8bbf0358613ad6e175701d498b46a55496c07feee,1,zero,4,2
cells/zero__random_static_6__r2.npz,spatial_transformer,0.16666666666666666,random_static_6,2.011643092492518,743c9a95e909c5a47efe4beb62a05bbf5c86a9ffc91e3d0ea44d0652bdb7c978,2,zero,4,2
cells/zero__random_static_6__r3.npz,spatial_transformer,0.28525641025641024,random_static_6,1.7140488910629879,e260d2eefe746c73484c35a4c4eb6eee679f6408ac89e9cebaf74b4caa5fa075,3,zero,4,2
cells/zero__random_static_6__r4.npz,spatial_transformer,0.28205128205128205,random_static_6,1.8194361515738642,486a2ca711266bf672d168d8bb567a94abd53a43a918ce32f8fc572c6e546ab4,4,zero,4,2
cells/zero__dynamic_random_6__r0.npz,spatial_transformer,0.3253205128205128,dynamic_random_6,1.7687060688945855,8ff9f71a93cca5dab4f1b73a6786f9b92aa1037d2340ceba80936f2ff4a7ef21,0,zero,4,2
cells/zero__dynamic_random_6__r1.npz,spatial_transformer,0.24358974358974358,dynamic_random_6,1.8641203568612166,d35ad332630e826b640c4dc97d6e80de9ac8e98a41706c1168c277ac910f3985,1,zero,4,2
cells/zero__dynamic_random_6__r2.npz,spatial_transformer,0.2451923076923077,dynamic_random_6,1.8555606123765742,3c7bc7cf878b6ba346c4bb3a43c311671011bc5554410fb72b554b349acf2663,2,zero,4,2
cells/zero__dynamic_random_6__r3.npz,spatial_transformer,0.20673076923076922,dynamic_random_6,1.9142625074203092,d55f15589de680221fe7e309551699b8ad03a9b9bb10b5d78754a53d0e9846cc,3,zero,4,2
cells/zero__dynamic_random_6__r4.npz,spatial_transformer,0.1858974358974359,dynamic_random_6,1.78580799206429,a11e80b1a82ddb1edb3c49eacd44f271471fd19140df2becb4759672c739b510,4,zero,4,2
cells/covariance_frozen__full_22__r0.npz,spatial_transformer,0.3942307692307693,full_22,1.3031431361006176,90f3314fe293cd971e11dc8a5e23abb83635d8e122f0950f1bc1851ba8725da8,0,covariance_frozen,4,2
cells/covariance_frozen__random_static_16__r0.npz,spatial_transformer,0.2980769230769231,random_static_16,1.3310725424796577,f302ce988c046a5e52dea9d264b93f5eefec777e0e2acf78593bf22772f90d21,0,covariance_frozen,4,2
cells/covariance_frozen__random_static_16__r1.npz,spatial_transformer,0.27884615384615385,random_static_16,1.3050776239443211,ea7d6a4a90c81eacd2924584761f0f45c3908cd1e401e6f74bfce96d0fc92fa3,1,covariance_frozen,4,2
cells/covariance_frozen__random_static_16__r2.npz,spatial_transformer,0.31891025641025644,random_static_16,1.3543385888087955,8fde6e00f3807c1ddc11336f30128020fb3ad081c8308eb996b0d06ded52d6cf,2,covariance_frozen,4,2
cells/covariance_frozen__random_static_16__r3.npz,spatial_transformer,0.3573717948717949,random_static_16,1.3368294998343058,2286e27764d7eff062e23e268b36438a8262189dc89b32b92d25bf0d5fe9411e,3,covariance_frozen,4,2
cells/covariance_frozen__random_static_16__r4.npz,spatial_transformer,0.2980769230769231,random_static_16,1.396692398556574,0ef4e227c22b3f9c8deab8fae91a6cbde2148f6fd2a855d4520b9ec0125fb03a,4,covariance_frozen,4,2
cells/covariance_frozen__dynamic_random_16__r0.npz,spatial_transformer,0.27884615384615385,dynamic_random_16,1.3666734824107751,3bbfe0219a65291ad87a6f65f6260845a19c435ebe085a5db38719a9eadaf294,0,covariance_frozen,4,2
cells/covariance_frozen__dynamic_random_16__r1.npz,spatial_transformer,0.3573717948717949,dynamic_random_16,1.3625078730400748,d639e1e423223471ae49e21df978394e13b9c3fa0a5e00ff3b540cee94d98966,1,covariance_frozen,4,2
cells/covariance_frozen__dynamic_random_16__r2.npz,spatial_transformer,0.4118589743589744,dynamic_random_16,1.3007817327792146,8cc35d338e539234ca1fa2263b629f19beb1bc4d38202044554ae579a26c407f,2,covariance_frozen,4,2
cells/covariance_frozen__dynamic_random_16__r3.npz,spatial_transformer,0.31570512820512825,dynamic_random_16,1.2918507968350768,ce6d20b9d19682c814545e7e785b3118f3664e03c0d0ac87476b2a31466558b9,3,covariance_frozen,4,2
cells/covariance_frozen__dynamic_random_16__r4.npz,spatial_transformer,0.3942307692307692,dynamic_random_16,1.3091621366786992,ead3353b7814b645e95ee968e5acb0faaa061fe9565962d7a0f7e7339b24d365,4,covariance_frozen,4,2
cells/covariance_frozen__random_static_6__r0.npz,spatial_transformer,0.34134615384615385,random_static_6,1.5021527676488942,1fa5692aa8b50db64386bd05bb9bcb3d3b5ae18427fd52263af853798b0d2f2a,0,covariance_frozen,4,2
cells/covariance_frozen__random_static_6__r1.npz,spatial_transformer,0.3012820512820513,random_static_6,1.5382660137527118,222e3fee17534ce76625fbe8bbf0358613ad6e175701d498b46a55496c07feee,1,covariance_frozen,4,2
cells/covariance_frozen__random_static_6__r2.npz,spatial_transformer,0.3028846153846154,random_static_6,1.5481410162874774,743c9a95e909c5a47efe4beb62a05bbf5c86a9ffc91e3d0ea44d0652bdb7c978,2,covariance_frozen,4,2
cells/covariance_frozen__random_static_6__r3.npz,spatial_transformer,0.32211538461538464,random_static_6,1.5509078403192047,e260d2eefe746c73484c35a4c4eb6eee679f6408ac89e9cebaf74b4caa5fa075,3,covariance_frozen,4,2
cells/covariance_frozen__random_static_6__r4.npz,spatial_transformer,0.33974358974358976,random_static_6,1.499742610191434,486a2ca711266bf672d168d8bb567a94abd53a43a918ce32f8fc572c6e546ab4,4,covariance_frozen,4,2
cells/covariance_frozen__dynamic_random_6__r0.npz,spatial_transformer,0.34294871794871795,dynamic_random_6,1.547125177306895,8ff9f71a93cca5dab4f1b73a6786f9b92aa1037d2340ceba80936f2ff4a7ef21,0,covariance_frozen,4,2
cells/covariance_frozen__dynamic_random_6__r1.npz,spatial_transformer,0.30128205128205127,dynamic_random_6,1.4748500623625689,d35ad332630e826b640c4dc97d6e80de9ac8e98a41706c1168c277ac910f3985,1,covariance_frozen,4,2
cells/covariance_frozen__dynamic_random_6__r2.npz,spatial_transformer,0.34294871794871795,dynamic_random_6,1.4907412236627688,3c7bc7cf878b6ba346c4bb3a43c311671011bc5554410fb72b554b349acf2663,2,covariance_frozen,4,2
cells/covariance_frozen__dynamic_random_6__r3.npz,spatial_transformer,0.28044871794871795,dynamic_random_6,1.506280232775192,d55f15589de680221fe7e309551699b8ad03a9b9bb10b5d78754a53d0e9846cc,3,covariance_frozen,4,2
cells/covariance_frozen__dynamic_random_6__r4.npz,spatial_transformer,0.34134615384615385,dynamic_random_6,1.5216074294813868,a11e80b1a82ddb1edb3c49eacd44f271471fd19140df2becb4759672c739b510,4,covariance_frozen,4,2
cells/covariance_learned__full_22__r0.npz,spatial_transformer,0.3942307692307693,full_22,1.3031431361006176,90f3314fe293cd971e11dc8a5e23abb83635d8e122f0950f1bc1851ba8725da8,0,covariance_learned,4,2
cells/covariance_learned__random_static_16__r0.npz,spatial_transformer,0.2980769230769231,random_static_16,1.3310725424796577,f302ce988c046a5e52dea9d264b93f5eefec777e0e2acf78593bf22772f90d21,0,covariance_learned,4,2
cells/covariance_learned__random_static_16__r1.npz,spatial_transformer,0.27884615384615385,random_static_16,1.3050776239443211,ea7d6a4a90c81eacd2924584761f0f45c3908cd1e401e6f74bfce96d0fc92fa3,1,covariance_learned,4,2
cells/covariance_learned__random_static_16__r2.npz,spatial_transformer,0.31891025641025644,random_static_16,1.3543385888087955,8fde6e00f3807c1ddc11336f30128020fb3ad081c8308eb996b0d06ded52d6cf,2,covariance_learned,4,2
cells/covariance_learned__random_static_16__r3.npz,spatial_transformer,0.3573717948717949,random_static_16,1.3368294998343058,2286e27764d7eff062e23e268b36438a8262189dc89b32b92d25bf0d5fe9411e,3,covariance_learned,4,2
cells/covariance_learned__random_static_16__r4.npz,spatial_transformer,0.2980769230769231,random_static_16,1.396692398556574,0ef4e227c22b3f9c8deab8fae91a6cbde2148f6fd2a855d4520b9ec0125fb03a,4,covariance_learned,4,2
cells/covariance_learned__dynamic_random_16__r0.npz,spatial_transformer,0.27884615384615385,dynamic_random_16,1.3666734824107751,3bbfe0219a65291ad87a6f65f6260845a19c435ebe085a5db38719a9eadaf294,0,covariance_learned,4,2
cells/covariance_learned__dynamic_random_16__r1.npz,spatial_transformer,0.3573717948717949,dynamic_random_16,1.3625078730400748,d639e1e423223471ae49e21df978394e13b9c3fa0a5e00ff3b540cee94d98966,1,covariance_learned,4,2
cells/covariance_learned__dynamic_random_16__r2.npz,spatial_transformer,0.4118589743589744,dynamic_random_16,1.3007817327792146,8cc35d338e539234ca1fa2263b629f19beb1bc4d38202044554ae579a26c407f,2,covariance_learned,4,2
cells/covariance_learned__dynamic_random_16__r3.npz,spatial_transformer,0.31570512820512825,dynamic_random_16,1.2918507968350768,ce6d20b9d19682c814545e7e785b3118f3664e03c0d0ac87476b2a31466558b9,3,covariance_learned,4,2
cells/covariance_learned__dynamic_random_16__r4.npz,spatial_transformer,0.3942307692307692,dynamic_random_16,1.3091621366786992,ead3353b7814b645e95ee968e5acb0faaa061fe9565962d7a0f7e7339b24d365,4,covariance_learned,4,2
cells/covariance_learned__random_static_6__r0.npz,spatial_transformer,0.34134615384615385,random_static_6,1.5021527676488942,1fa5692aa8b50db64386bd05bb9bcb3d3b5ae18427fd52263af853798b0d2f2a,0,covariance_learned,4,2
cells/covariance_learned__random_static_6__r1.npz,spatial_transformer,0.3012820512820513,random_static_6,1.5382660137527118,222e3fee17534ce76625fbe8bbf0358613ad6e175701d498b46a55496c07feee,1,covariance_learned,4,2
cells/covariance_learned__random_static_6__r2.npz,spatial_transformer,0.3028846153846154,random_static_6,1.5481410162874774,743c9a95e909c5a47efe4beb62a05bbf5c86a9ffc91e3d0ea44d0652bdb7c978,2,covariance_learned,4,2
cells/covariance_learned__random_static_6__r3.npz,spatial_transformer,0.32211538461538464,random_static_6,1.5509078403192047,e260d2eefe746c73484c35a4c4eb6eee679f6408ac89e9cebaf74b4caa5fa075,3,covariance_learned,4,2
cells/covariance_learned__random_static_6__r4.npz,spatial_transformer,0.33974358974358976,random_static_6,1.499742610191434,486a2ca711266bf672d168d8bb567a94abd53a43a918ce32f8fc572c6e546ab4,4,covariance_learned,4,2
cells/covariance_learned__dynamic_random_6__r0.npz,spatial_transformer,0.34294871794871795,dynamic_random_6,1.547125177306895,8ff9f71a93cca5dab4f1b73a6786f9b92aa1037d2340ceba80936f2ff4a7ef21,0,covariance_learned,4,2
cells/covariance_learned__dynamic_random_6__r1.npz,spatial_transformer,0.30128205128205127,dynamic_random_6,1.4748500623625689,d35ad332630e826b640c4dc97d6e80de9ac8e98a41706c1168c277ac910f3985,1,covariance_learned,4,2
cells/covariance_learned__dynamic_random_6__r2.npz,spatial_transformer,0.34294871794871795,dynamic_random_6,1.4907412236627688,3c7bc7cf878b6ba346c4bb3a43c311671011bc5554410fb72b554b349acf2663,2,covariance_learned,4,2
cells/covariance_learned__dynamic_random_6__r3.npz,spatial_transformer,0.28044871794871795,dynamic_random_6,1.506280232775192,d55f15589de680221fe7e309551699b8ad03a9b9bb10b5d78754a53d0e9846cc,3,covariance_learned,4,2
cells/covariance_learned__dynamic_random_6__r4.npz,spatial_transformer,0.34134615384615385,dynamic_random_6,1.5216074294813868,a11e80b1a82ddb1edb3c49eacd44f271471fd19140df2becb4759672c739b510,4,covariance_learned,4,2
cells/tucker_frozen__full_22__r0.npz,spatial_transformer,0.3942307692307693,full_22,1.3031431361006176,90f3314fe293cd971e11dc8a5e23abb83635d8e122f0950f1bc1851ba8725da8,0,tucker_frozen,4,2
cells/tucker_frozen__random_static_16__r0.npz,spatial_transformer,0.33974358974358976,random_static_16,1.42089853094749,f302ce988c046a5e52dea9d264b93f5eefec777e0e2acf78593bf22772f90d21,0,tucker_frozen,4,2
cells/tucker_frozen__random_static_16__r1.npz,spatial_transformer,0.2403846153846154,random_static_16,1.7272981873071802,ea7d6a4a90c81eacd2924584761f0f45c3908cd1e401e6f74bfce96d0fc92fa3,1,tucker_frozen,4,2
cells/tucker_frozen__random_static_16__r2.npz,spatial_transformer,0.23717948717948717,random_static_16,1.6076520147149889,8fde6e00f3807c1ddc11336f30128020fb3ad081c8308eb996b0d06ded52d6cf,2,tucker_frozen,4,2
cells/tucker_frozen__random_static_16__r3.npz,spatial_transformer,0.296474358974359,random_static_16,1.7588007021837264,2286e27764d7eff062e23e268b36438a8262189dc89b32b92d25bf0d5fe9411e,3,tucker_frozen,4,2
cells/tucker_frozen__random_static_16__r4.npz,spatial_transformer,0.28044871794871795,random_static_16,1.4858357010796504,0ef4e227c22b3f9c8deab8fae91a6cbde2148f6fd2a855d4520b9ec0125fb03a,4,tucker_frozen,4,2
cells/tucker_frozen__dynamic_random_16__r0.npz,spatial_transformer,0.21474358974358976,dynamic_random_16,1.7823763747955417,3bbfe0219a65291ad87a6f65f6260845a19c435ebe085a5db38719a9eadaf294,0,tucker_frozen,4,2
cells/tucker_frozen__dynamic_random_16__r1.npz,spatial_transformer,0.21794871794871795,dynamic_random_16,1.5441499109824115,d639e1e423223471ae49e21df978394e13b9c3fa0a5e00ff3b540cee94d98966,1,tucker_frozen,4,2
cells/tucker_frozen__dynamic_random_16__r2.npz,spatial_transformer,0.33493589743589747,dynamic_random_16,1.3188672783551219,8cc35d338e539234ca1fa2263b629f19beb1bc4d38202044554ae579a26c407f,2,tucker_frozen,4,2
cells/tucker_frozen__dynamic_random_16__r3.npz,spatial_transformer,0.31891025641025644,dynamic_random_16,1.4456358227837331,ce6d20b9d19682c814545e7e785b3118f3664e03c0d0ac87476b2a31466558b9,3,tucker_frozen,4,2
cells/tucker_frozen__dynamic_random_16__r4.npz,spatial_transformer,0.3557692307692308,dynamic_random_16,1.4246990835569866,ead3353b7814b645e95ee968e5acb0faaa061fe9565962d7a0f7e7339b24d365,4,tucker_frozen,4,2
cells/tucker_frozen__random_static_6__r0.npz,spatial_transformer,0.20512820512820512,random_static_6,2.0636340875488166,1fa5692aa8b50db64386bd05bb9bcb3d3b5ae18427fd52263af853798b0d2f2a,0,tucker_frozen,4,2
cells/tucker_frozen__random_static_6__r1.npz,spatial_transformer,0.1875,random_static_6,1.9319756116393807,222e3fee17534ce76625fbe8bbf0358613ad6e175701d498b46a55496c07feee,1,tucker_frozen,4,2
cells/tucker_frozen__random_static_6__r2.npz,spatial_transformer,0.14583333333333334,random_static_6,2.0509913374021003,743c9a95e909c5a47efe4beb62a05bbf5c86a9ffc91e3d0ea44d0652bdb7c978,2,tucker_frozen,4,2
cells/tucker_frozen__random_static_6__r3.npz,spatial_transformer,0.24519230769230765,random_static_6,1.7861033390289272,e260d2eefe746c73484c35a4c4eb6eee679f6408ac89e9cebaf74b4caa5fa075,3,tucker_frozen,4,2
cells/tucker_frozen__random_static_6__r4.npz,spatial_transformer,0.30288461538461536,random_static_6,1.8633324728597815,486a2ca711266bf672d168d8bb567a94abd53a43a918ce32f8fc572c6e546ab4,4,tucker_frozen,4,2
cells/tucker_frozen__dynamic_random_6__r0.npz,spatial_transformer,0.28685897435897434,dynamic_random_6,1.8552289447430212,8ff9f71a93cca5dab4f1b73a6786f9b92aa1037d2340ceba80936f2ff4a7ef21,0,tucker_frozen,4,2
cells/tucker_frozen__dynamic_random_6__r1.npz,spatial_transformer,0.28365384615384615,dynamic_random_6,1.8857408605973431,d35ad332630e826b640c4dc97d6e80de9ac8e98a41706c1168c277ac910f3985,1,tucker_frozen,4,2
cells/tucker_frozen__dynamic_random_6__r2.npz,spatial_transformer,0.22596153846153844,dynamic_random_6,1.8877796983375894,3c7bc7cf878b6ba346c4bb3a43c311671011bc5554410fb72b554b349acf2663,2,tucker_frozen,4,2
cells/tucker_frozen__dynamic_random_6__r3.npz,spatial_transformer,0.20673076923076922,dynamic_random_6,1.9755234447511014,d55f15589de680221fe7e309551699b8ad03a9b9bb10b5d78754a53d0e9846cc,3,tucker_frozen,4,2
cells/tucker_frozen__dynamic_random_6__r4.npz,spatial_transformer,0.2644230769230769,dynamic_random_6,1.8314022634192626,a11e80b1a82ddb1edb3c49eacd44f271471fd19140df2becb4759672c739b510,4,tucker_frozen,4,2
cells/tucker_learned__full_22__r0.npz,spatial_transformer,0.3942307692307693,full_22,1.3031431361006176,90f3314fe293cd971e11dc8a5e23abb83635d8e122f0950f1bc1851ba8725da8,0,tucker_learned,4,2
cells/tucker_learned__random_static_16__r0.npz,spatial_transformer,0.33814102564102566,random_static_16,1.4455985022263287,f302ce988c046a5e52dea9d264b93f5eefec777e0e2acf78593bf22772f90d21,0,tucker_learned,4,2
cells/tucker_learned__random_static_16__r1.npz,spatial_transformer,0.21955128205128208,random_static_16,1.7368896805507852,ea7d6a4a90c81eacd2924584761f0f45c3908cd1e401e6f74bfce96d0fc92fa3,1,tucker_learned,4,2
cells/tucker_learned__random_static_16__r2.npz,spatial_transformer,0.27564102564102566,random_static_16,1.6195211188574166,8fde6e00f3807c1ddc11336f30128020fb3ad081c8308eb996b0d06ded52d6cf,2,tucker_learned,4,2
cells/tucker_learned__random_static_16__r3.npz,spatial_transformer,0.23717948717948717,random_static_16,1.765415829659283,2286e27764d7eff062e23e268b36438a8262189dc89b32b92d25bf0d5fe9411e,3,tucker_learned,4,2
cells/tucker_learned__random_static_16__r4.npz,spatial_transformer,0.24038461538461536,random_static_16,1.5037786511788502,0ef4e227c22b3f9c8deab8fae91a6cbde2148f6fd2a855d4520b9ec0125fb03a,4,tucker_learned,4,2
cells/tucker_learned__dynamic_random_16__r0.npz,spatial_transformer,0.21474358974358976,dynamic_random_16,1.8055940994041304,3bbfe0219a65291ad87a6f65f6260845a19c435ebe085a5db38719a9eadaf294,0,tucker_learned,4,2
cells/tucker_learned__dynamic_random_16__r1.npz,spatial_transformer,0.21634615384615385,dynamic_random_16,1.61296686980921,d639e1e423223471ae49e21df978394e13b9c3fa0a5e00ff3b540cee94d98966,1,tucker_learned,4,2
cells/tucker_learned__dynamic_random_16__r2.npz,spatial_transformer,0.41185897435897434,dynamic_random_16,1.3728225666582365,8cc35d338e539234ca1fa2263b629f19beb1bc4d38202044554ae579a26c407f,2,tucker_learned,4,2
cells/tucker_learned__dynamic_random_16__r3.npz,spatial_transformer,0.33814102564102566,dynamic_random_16,1.496060667915895,ce6d20b9d19682c814545e7e785b3118f3664e03c0d0ac87476b2a31466558b9,3,tucker_learned,4,2
cells/tucker_learned__dynamic_random_16__r4.npz,spatial_transformer,0.3173076923076923,dynamic_random_16,1.4445485002232834,ead3353b7814b645e95ee968e5acb0faaa061fe9565962d7a0f7e7339b24d365,4,tucker_learned,4,2
cells/tucker_learned__random_static_6__r0.npz,spatial_transformer,0.20192307692307693,random_static_6,2.076769273176255,1fa5692aa8b50db64386bd05bb9bcb3d3b5ae18427fd52263af853798b0d2f2a,0,tucker_learned,4,2
cells/tucker_learned__random_static_6__r1.npz,spatial_transformer,0.22596153846153844,random_static_6,1.9056054715917665,222e3fee17534ce76625fbe8bbf0358613ad6e175701d498b46a55496c07feee,1,tucker_learned,4,2
cells/tucker_learned__random_static_6__r2.npz,spatial_transformer,0.1842948717948718,random_static_6,2.0460251536230794,743c9a95e909c5a47efe4beb62a05bbf5c86a9ffc91e3d0ea44d0652bdb7c978,2,tucker_learned,4,2
cells/tucker_learned__random_static_6__r3.npz,spatial_transformer,0.30128205128205127,random_static_6,1.7944141428133247,e260d2eefe746c73484c35a4c4eb6eee679f6408ac89e9cebaf74b4caa5fa075,3,tucker_learned,4,2
cells/tucker_learned__random_static_6__r4.npz,spatial_transformer,0.30128205128205127,random_static_6,1.9031494288676258,486a2ca711266bf672d168d8bb567a94abd53a43a918ce32f8fc572c6e546ab4,4,tucker_learned,4,2
cells/tucker_learned__dynamic_random_6__r0.npz,spatial_transformer,0.32532051282051283,dynamic_random_6,1.8266207710355056,8ff9f71a93cca5dab4f1b73a6786f9b92aa1037d2340ceba80936f2ff4a7ef21,0,tucker_learned,4,2
cells/tucker_learned__dynamic_random_6__r1.npz,spatial_transformer,0.28205128205128205,dynamic_random_6,1.8615043678402927,d35ad332630e826b640c4dc97d6e80de9ac8e98a41706c1168c277ac910f3985,1,tucker_learned,4,2
cells/tucker_learned__dynamic_random_6__r2.npz,spatial_transformer,0.24519230769230768,dynamic_random_6,1.8944939991847811,3c7bc7cf878b6ba346c4bb3a43c311671011bc5554410fb72b554b349acf2663,2,tucker_learned,4,2
cells/tucker_learned__dynamic_random_6__r3.npz,spatial_transformer,0.20512820512820512,dynamic_random_6,1.9362676151081786,d55f15589de680221fe7e309551699b8ad03a9b9bb10b5d78754a53d0e9846cc,3,tucker_learned,4,2
cells/tucker_learned__dynamic_random_6__r4.npz,spatial_transformer,0.24198717948717952,dynamic_random_6,1.805906916302704,a11e80b1a82ddb1edb3c49eacd44f271471fd19140df2becb4759672c739b510,4,tucker_learned,4,2
cells/zero__full_22__r0.npz,spatial_transformer,0.5,full_22,1.4597559173718233,c64dffc2057ca4c256e500ec4bb47973aa3104153d151c42cc1d4e50e1cc303c,0,zero,5,0
cells/zero__random_static_16__r0.npz,spatial_transformer,0.4230769230769231,random_static_16,1.985392731028638,871ede90aa0b6f8ba2f32569818366a41233768bb16d05e6a6c7723071f1d3e7,0,zero,5,0
cells/zero__random_static_16__r1.npz,spatial_transformer,0.3076923076923077,random_static_16,2.091956043131047,8f1af8c4fd8554ff06bdf311e2c1dd36a47d1e75f2cbb7d7425cbb393a3b4f24,1,zero,5,0
cells/zero__random_static_16__r2.npz,spatial_transformer,0.28846153846153844,random_static_16,2.1483819795293204,d242ceeb4f40ce2cf93cfc5b3678b067dc1a8f0df4c6cadb177d84b7bc50dbd4,2,zero,5,0
cells/zero__random_static_16__r3.npz,spatial_transformer,0.3076923076923077,random_static_16,1.9036407965426976,925641e631f1d8c226cea0731951b6306f63e16a9e2120fa8ff28c6bd7ab6e69,3,zero,5,0
cells/zero__random_static_16__r4.npz,spatial_transformer,0.4423076923076924,random_static_16,1.6515243982454544,36e6867423132d78f8f5203c18e02f731b34c6c3c7f7e4e887779bb650870f2b,4,zero,5,0
cells/zero__dynamic_random_16__r0.npz,spatial_transformer,0.2884615384615385,dynamic_random_16,2.2213064514485135,8b026d5a183175847c96b4b8e02cd278f4ecdad225e42963a224b7abac4f0f88,0,zero,5,0
cells/zero__dynamic_random_16__r1.npz,spatial_transformer,0.32692307692307687,dynamic_random_16,2.073420305989731,a5e4b9edb8ceef26b991371c2c6425df14e548c5cb477128981d5ea327638762,1,zero,5,0
cells/zero__dynamic_random_16__r2.npz,spatial_transformer,0.423076923076923,dynamic_random_16,1.7265881016394853,707156967948ac577c88fb03fe4612d9a65cc4d8ddab62e9fc802b2d55f12b96,2,zero,5,0
cells/zero__dynamic_random_16__r3.npz,spatial_transformer,0.3076923076923077,dynamic_random_16,1.64942265151428,eb42834bb9fe01d21321dd4f6d7c1434d60f0eeedfc62dbd1df4aa61ae6ed1ac,3,zero,5,0
cells/zero__dynamic_random_16__r4.npz,spatial_transformer,0.2692307692307692,dynamic_random_16,2.385687695427663,77e77730746074cb183649f844a7124158a927b700ac064f828f8f67b5964fa6,4,zero,5,0
cells/zero__random_static_6__r0.npz,spatial_transformer,0.3076923076923077,random_static_6,2.093607642217942,9a2621313e24d9f25f47e01176d190c19a535cb89e8c17b29be155b43f039461,0,zero,5,0
cells/zero__random_static_6__r1.npz,spatial_transformer,0.3461538461538462,random_static_6,2.06252066189607,919b9ffffdf1dd60cdd84453510d41e9f39981e1f2754009b1b82b089f2970a8,1,zero,5,0
cells/zero__random_static_6__r2.npz,spatial_transformer,0.21153846153846156,random_static_6,2.409877085757597,5331fcf1d488037f38abe82ee4f04117ca957346cfc41a35f33b040e6f2b7777,2,zero,5,0
cells/zero__random_static_6__r3.npz,spatial_transformer,0.3461538461538462,random_static_6,1.9406290942784992,90ead8a1c78a1893a9d09cb2ca1da43e8b85ba0f672a2b40c03301f881df1a22,3,zero,5,0
cells/zero__random_static_6__r4.npz,spatial_transformer,0.23076923076923078,random_static_6,2.123080479163776,58690392e51d75a0466c543732bdcfe519c476a89a829f00c680c89c840772c8,4,zero,5,0
cells/zero__dynamic_random_6__r0.npz,spatial_transformer,0.36538461538461536,dynamic_random_6,2.043103331169363,53a8bafb6b30095811bea34602eb7bb71df6f7a07209a6a817dfe482f0be632f,0,zero,5,0
cells/zero__dynamic_random_6__r1.npz,spatial_transformer,0.3653846153846154,dynamic_random_6,1.958370380927706,d05396b461d4109b4f0b6dc68eed2820282be440d08c2043eb99de5f146e739e,1,zero,5,0
cells/zero__dynamic_random_6__r2.npz,spatial_transformer,0.23076923076923078,dynamic_random_6,2.3408243178589285,4419f7c2130fc221265bffbaae3242d06a978dbba8ad52543ce19058b641fd36,2,zero,5,0
cells/zero__dynamic_random_6__r3.npz,spatial_transformer,0.2692307692307693,dynamic_random_6,2.3327989668576703,c765a21253ed316685df931b4d383ce1ebcb37968e061414b8a5f7177c95ce9c,3,zero,5,0
cells/zero__dynamic_random_6__r4.npz,spatial_transformer,0.17307692307692307,dynamic_random_6,2.3332250796628737,189f63c2db9817c17348ab4d3cb399e3ac918b2df86ba8086be5185295cb09d9,4,zero,5,0
cells/covariance_frozen__full_22__r0.npz,spatial_transformer,0.5,full_22,1.4597559173718233,c64dffc2057ca4c256e500ec4bb47973aa3104153d151c42cc1d4e50e1cc303c,0,covariance_frozen,5,0
cells/covariance_frozen__random_static_16__r0.npz,spatial_transformer,0.5,random_static_16,1.4699160357956027,871ede90aa0b6f8ba2f32569818366a41233768bb16d05e6a6c7723071f1d3e7,0,covariance_frozen,5,0
cells/covariance_frozen__random_static_16__r1.npz,spatial_transformer,0.46153846153846156,random_static_16,1.5068416232471444,8f1af8c4fd8554ff06bdf311e2c1dd36a47d1e75f2cbb7d7425cbb393a3b4f24,1,covariance_frozen,5,0
cells/covariance_frozen__random_static_16__r2.npz,spatial_transformer,0.4423076923076923,random_static_16,1.4839766161888248,d242ceeb4f40ce2cf93cfc5b3678b067dc1a8f0df4c6cadb177d84b7bc50dbd4,2,covariance_frozen,5,0
cells/covariance_frozen__random_static_16__r3.npz,spatial_transformer,0.4807692307692307,random_static_16,1.4481756411846487,925641e631f1d8c226cea0731951b6306f63e16a9e2120fa8ff28c6bd7ab6e69,3,covariance_frozen,5,0
cells/covariance_frozen__random_static_16__r4.npz,spatial_transformer,0.46153846153846156,random_static_16,1.4839295715378702,36e6867423132d78f8f5203c18e02f731b34c6c3c7f7e4e887779bb650870f2b,4,covariance_frozen,5,0
cells/covariance_frozen__dynamic_random_16__r0.npz,spatial_transformer,0.4423076923076923,dynamic_random_16,1.5416145697240216,8b026d5a183175847c96b4b8e02cd278f4ecdad225e42963a224b7abac4f0f88,0,covariance_frozen,5,0
cells/covariance_frozen__dynamic_random_16__r1.npz,spatial_transformer,0.46153846153846156,dynamic_random_16,1.5350437871834888,a5e4b9edb8ceef26b991371c2c6425df14e548c5cb477128981d5ea327638762,1,covariance_frozen,5,0
cells/covariance_frozen__dynamic_random_16__r2.npz,spatial_transformer,0.423076923076923,dynamic_random_16,1.4989405592958807,707156967948ac577c88fb03fe4612d9a65cc4d8ddab62e9fc802b2d55f12b96,2,covariance_frozen,5,0
cells/covariance_frozen__dynamic_random_16__r3.npz,spatial_transformer,0.46153846153846156,dynamic_random_16,1.4145166072010786,eb42834bb9fe01d21321dd4f6d7c1434d60f0eeedfc62dbd1df4aa61ae6ed1ac,3,covariance_frozen,5,0
cells/covariance_frozen__dynamic_random_16__r4.npz,spatial_transformer,0.4423076923076923,dynamic_random_16,1.5162018621783784,77e77730746074cb183649f844a7124158a927b700ac064f828f8f67b5964fa6,4,covariance_frozen,5,0
cells/covariance_frozen__random_static_6__r0.npz,spatial_transformer,0.38461538461538464,random_static_6,1.6657110543944371,9a2621313e24d9f25f47e01176d190c19a535cb89e8c17b29be155b43f039461,0,covariance_frozen,5,0
cells/covariance_frozen__random_static_6__r1.npz,spatial_transformer,0.3653846153846154,random_static_6,1.7112790705210665,919b9ffffdf1dd60cdd84453510d41e9f39981e1f2754009b1b82b089f2970a8,1,covariance_frozen,5,0
cells/covariance_frozen__random_static_6__r2.npz,spatial_transformer,0.36538461538461536,random_static_6,1.753975450747633,5331fcf1d488037f38abe82ee4f04117ca957346cfc41a35f33b040e6f2b7777,2,covariance_frozen,5,0
cells/covariance_frozen__random_static_6__r3.npz,spatial_transformer,0.4230769230769231,random_static_6,1.5800161139663464,90ead8a1c78a1893a9d09cb2ca1da43e8b85ba0f672a2b40c03301f881df1a22,3,covariance_frozen,5,0
cells/covariance_frozen__random_static_6__r4.npz,spatial_transformer,0.3076923076923077,random_static_6,1.7010813318419211,58690392e51d75a0466c543732bdcfe519c476a89a829f00c680c89c840772c8,4,covariance_frozen,5,0
cells/covariance_frozen__dynamic_random_6__r0.npz,spatial_transformer,0.34615384615384615,dynamic_random_6,1.6339178903569795,53a8bafb6b30095811bea34602eb7bb71df6f7a07209a6a817dfe482f0be632f,0,covariance_frozen,5,0
cells/covariance_frozen__dynamic_random_6__r1.npz,spatial_transformer,0.3846153846153846,dynamic_random_6,1.6398236090824212,d05396b461d4109b4f0b6dc68eed2820282be440d08c2043eb99de5f146e739e,1,covariance_frozen,5,0
cells/covariance_frozen__dynamic_random_6__r2.npz,spatial_transformer,0.42307692307692313,dynamic_random_6,1.6650381205357083,4419f7c2130fc221265bffbaae3242d06a978dbba8ad52543ce19058b641fd36,2,covariance_frozen,5,0
cells/covariance_frozen__dynamic_random_6__r3.npz,spatial_transformer,0.4230769230769231,dynamic_random_6,1.6892229347064984,c765a21253ed316685df931b4d383ce1ebcb37968e061414b8a5f7177c95ce9c,3,covariance_frozen,5,0
cells/covariance_frozen__dynamic_random_6__r4.npz,spatial_transformer,0.3846153846153846,dynamic_random_6,1.7535743247861204,189f63c2db9817c17348ab4d3cb399e3ac918b2df86ba8086be5185295cb09d9,4,covariance_frozen,5,0
cells/covariance_learned__full_22__r0.npz,spatial_transformer,0.5,full_22,1.4597559173718233,c64dffc2057ca4c256e500ec4bb47973aa3104153d151c42cc1d4e50e1cc303c,0,covariance_learned,5,0
cells/covariance_learned__random_static_16__r0.npz,spatial_transformer,0.4807692307692308,random_static_16,1.4303473807103826,871ede90aa0b6f8ba2f32569818366a41233768bb16d05e6a6c7723071f1d3e7,0,covariance_learned,5,0
cells/covariance_learned__random_static_16__r1.npz,spatial_transformer,0.4230769230769231,random_static_16,1.4906087071454042,8f1af8c4fd8554ff06bdf311e2c1dd36a47d1e75f2cbb7d7425cbb393a3b4f24,1,covariance_learned,5,0
cells/covariance_learned__random_static_16__r2.npz,spatial_transformer,0.5,random_static_16,1.4135541345172036,d242ceeb4f40ce2cf93cfc5b3678b067dc1a8f0df4c6cadb177d84b7bc50dbd4,2,covariance_learned,5,0
cells/covariance_learned__random_static_16__r3.npz,spatial_transformer,0.4423076923076923,random_static_16,1.3732584017938494,925641e631f1d8c226cea0731951b6306f63e16a9e2120fa8ff28c6bd7ab6e69,3,covariance_learned,5,0
cells/covariance_learned__random_static_16__r4.npz,spatial_transformer,0.5,random_static_16,1.4164684932286469,36e6867423132d78f8f5203c18e02f731b34c6c3c7f7e4e887779bb650870f2b,4,covariance_learned,5,0
cells/covariance_learned__dynamic_random_16__r0.npz,spatial_transformer,0.42307692307692313,dynamic_random_16,1.5066695636256975,8b026d5a183175847c96b4b8e02cd278f4ecdad225e42963a224b7abac4f0f88,0,covariance_learned,5,0
cells/covariance_learned__dynamic_random_16__r1.npz,spatial_transformer,0.46153846153846156,dynamic_random_16,1.4894626178764114,a5e4b9edb8ceef26b991371c2c6425df14e548c5cb477128981d5ea327638762,1,covariance_learned,5,0
cells/covariance_learned__dynamic_random_16__r2.npz,spatial_transformer,0.5,dynamic_random_16,1.427443636058592,707156967948ac577c88fb03fe4612d9a65cc4d8ddab62e9fc802b2d55f12b96,2,covariance_learned,5,0
cells/covariance_learned__dynamic_random_16__r3.npz,spatial_transformer,0.44230769230769235,dynamic_random_16,1.3766960567723479,eb42834bb9fe01d21321dd4f6d7c1434d60f0eeedfc62dbd1df4aa61ae6ed1ac,3,covariance_learned,5,0
cells/covariance_learned__dynamic_random_16__r4.npz,spatial_transformer,0.48076923076923084,dynamic_random_16,1.4102115077742843,77e77730746074cb183649f844a7124158a927b700ac064f828f8f67b5964fa6,4,covariance_learned,5,0
cells/covariance_learned__random_static_6__r0.npz,spatial_transformer,0.5,random_static_6,1.471237535554258,9a2621313e24d9f25f47e01176d190c19a535cb89e8c17b29be155b43f039461,0,covariance_learned,5,0
cells/covariance_learned__random_static_6__r1.npz,spatial_transformer,0.5192307692307692,random_static_6,1.5199238368593748,919b9ffffdf1dd60cdd84453510d41e9f39981e1f2754009b1b82b089f2970a8,1,covariance_learned,5,0
cells/covariance_learned__random_static_6__r2.npz,spatial_transformer,0.3846153846153846,random_static_6,1.6139870381168753,5331fcf1d488037f38abe82ee4f04117ca957346cfc41a35f33b040e6f2b7777,2,covariance_learned,5,0
cells/covariance_learned__random_static_6__r3.npz,spatial_transformer,0.44230769230769235,random_static_6,1.5046392125698451,90ead8a1c78a1893a9d09cb2ca1da43e8b85ba0f672a2b40c03301f881df1a22,3,covariance_learned,5,0
cells/covariance_learned__random_static_6__r4.npz,spatial_transformer,0.4423076923076923,random_static_6,1.4480770854654066,58690392e51d75a0466c543732bdcfe519c476a89a829f00c680c89c840772c8,4,covariance_learned,5,0
cells/covariance_learned__dynamic_random_6__r0.npz,spatial_transformer,0.44230769230769235,dynamic_random_6,1.4620026692225199,53a8bafb6b30095811bea34602eb7bb71df6f7a07209a6a817dfe482f0be632f,0,covariance_learned,5,0
cells/covariance_learned__dynamic_random_6__r1.npz,spatial_transformer,0.5,dynamic_random_6,1.3911052356998221,d05396b461d4109b4f0b6dc68eed2820282be440d08c2043eb99de5f146e739e,1,covariance_learned,5,0
cells/covariance_learned__dynamic_random_6__r2.npz,spatial_transformer,0.44230769230769235,dynamic_random_6,1.4855286809860888,4419f7c2130fc221265bffbaae3242d06a978dbba8ad52543ce19058b641fd36,2,covariance_learned,5,0
cells/covariance_learned__dynamic_random_6__r3.npz,spatial_transformer,0.44230769230769235,dynamic_random_6,1.4319835874270281,c765a21253ed316685df931b4d383ce1ebcb37968e061414b8a5f7177c95ce9c,3,covariance_learned,5,0
cells/covariance_learned__dynamic_random_6__r4.npz,spatial_transformer,0.40384615384615385,dynamic_random_6,1.6422893337511477,189f63c2db9817c17348ab4d3cb399e3ac918b2df86ba8086be5185295cb09d9,4,covariance_learned,5,0
cells/tucker_frozen__full_22__r0.npz,spatial_transformer,0.5,full_22,1.4597559173718233,c64dffc2057ca4c256e500ec4bb47973aa3104153d151c42cc1d4e50e1cc303c,0,tucker_frozen,5,0
cells/tucker_frozen__random_static_16__r0.npz,spatial_transformer,0.44230769230769235,random_static_16,1.7840291878595762,871ede90aa0b6f8ba2f32569818366a41233768bb16d05e6a6c7723071f1d3e7,0,tucker_frozen,5,0
cells/tucker_frozen__random_static_16__r1.npz,spatial_transformer,0.3653846153846154,random_static_16,1.8763593748654053,8f1af8c4fd8554ff06bdf311e2c1dd36a47d1e75f2cbb7d7425cbb393a3b4f24,1,tucker_frozen,5,0
cells/tucker_frozen__random_static_16__r2.npz,spatial_transformer,0.3653846153846154,random_static_16,1.8089864836578924,d242ceeb4f40ce2cf93cfc5b3678b067dc1a8f0df4c6cadb177d84b7bc50dbd4,2,tucker_frozen,5,0
cells/tucker_frozen__random_static_16__r3.npz,spatial_transformer,0.46153846153846156,random_static_16,1.6741537456394888,925641e631f1d8c226cea0731951b6306f63e16a9e2120fa8ff28c6bd7ab6e69,3,tucker_frozen,5,0
cells/tucker_frozen__random_static_16__r4.npz,spatial_transformer,0.42307692307692313,random_static_16,1.5664856906352365,36e6867423132d78f8f5203c18e02f731b34c6c3c7f7e4e887779bb650870f2b,4,tucker_frozen,5,0
cells/tucker_frozen__dynamic_random_16__r0.npz,spatial_transformer,0.3269230769230769,dynamic_random_16,2.0089381193939655,8b026d5a183175847c96b4b8e02cd278f4ecdad225e42963a224b7abac4f0f88,0,tucker_frozen,5,0
cells/tucker_frozen__dynamic_random_16__r1.npz,spatial_transformer,0.3653846153846154,dynamic_random_16,1.8925096994566448,a5e4b9edb8ceef26b991371c2c6425df14e548c5cb477128981d5ea327638762,1,tucker_frozen,5,0
cells/tucker_frozen__dynamic_random_16__r2.npz,spatial_transformer,0.4423076923076923,dynamic_random_16,1.5372495802411767,707156967948ac577c88fb03fe4612d9a65cc4d8ddab62e9fc802b2d55f12b96,2,tucker_frozen,5,0
cells/tucker_frozen__dynamic_random_16__r3.npz,spatial_transformer,0.38461538461538464,dynamic_random_16,1.435133752678183,eb42834bb9fe01d21321dd4f6d7c1434d60f0eeedfc62dbd1df4aa61ae6ed1ac,3,tucker_frozen,5,0
cells/tucker_frozen__dynamic_random_16__r4.npz,spatial_transformer,0.3653846153846154,dynamic_random_16,1.9136194461977294,77e77730746074cb183649f844a7124158a927b700ac064f828f8f67b5964fa6,4,tucker_frozen,5,0
cells/tucker_frozen__random_static_6__r0.npz,spatial_transformer,0.34615384615384615,random_static_6,1.9247979643027842,9a2621313e24d9f25f47e01176d190c19a535cb89e8c17b29be155b43f039461,0,tucker_frozen,5,0
cells/tucker_frozen__random_static_6__r1.npz,spatial_transformer,0.3461538461538462,random_static_6,1.886477932019015,919b9ffffdf1dd60cdd84453510d41e9f39981e1f2754009b1b82b089f2970a8,1,tucker_frozen,5,0
cells/tucker_frozen__random_static_6__r2.npz,spatial_transformer,0.21153846153846156,random_static_6,2.2204526752486204,5331fcf1d488037f38abe82ee4f04117ca957346cfc41a35f33b040e6f2b7777,2,tucker_frozen,5,0
cells/tucker_frozen__random_static_6__r3.npz,spatial_transformer,0.3653846153846154,random_static_6,1.8258727551411218,90ead8a1c78a1893a9d09cb2ca1da43e8b85ba0f672a2b40c03301f881df1a22,3,tucker_frozen,5,0
cells/tucker_frozen__random_static_6__r4.npz,spatial_transformer,0.3076923076923077,random_static_6,2.0318314361834506,58690392e51d75a0466c543732bdcfe519c476a89a829f00c680c89c840772c8,4,tucker_frozen,5,0
cells/tucker_frozen__dynamic_random_6__r0.npz,spatial_transformer,0.38461538461538464,dynamic_random_6,1.9459768309534857,53a8bafb6b30095811bea34602eb7bb71df6f7a07209a6a817dfe482f0be632f,0,tucker_frozen,5,0
cells/tucker_frozen__dynamic_random_6__r1.npz,spatial_transformer,0.38461538461538464,dynamic_random_6,1.9673063648266154,d05396b461d4109b4f0b6dc68eed2820282be440d08c2043eb99de5f146e739e,1,tucker_frozen,5,0
cells/tucker_frozen__dynamic_random_6__r2.npz,spatial_transformer,0.2692307692307693,dynamic_random_6,2.1542325653146785,4419f7c2130fc221265bffbaae3242d06a978dbba8ad52543ce19058b641fd36,2,tucker_frozen,5,0
cells/tucker_frozen__dynamic_random_6__r3.npz,spatial_transformer,0.2692307692307693,dynamic_random_6,2.0860563604695854,c765a21253ed316685df931b4d383ce1ebcb37968e061414b8a5f7177c95ce9c,3,tucker_frozen,5,0
cells/tucker_frozen__dynamic_random_6__r4.npz,spatial_transformer,0.2692307692307693,dynamic_random_6,2.1068313636137033,189f63c2db9817c17348ab4d3cb399e3ac918b2df86ba8086be5185295cb09d9,4,tucker_frozen,5,0
cells/tucker_learned__full_22__r0.npz,spatial_transformer,0.5,full_22,1.4597559173718233,c64dffc2057ca4c256e500ec4bb47973aa3104153d151c42cc1d4e50e1cc303c,0,tucker_learned,5,0
cells/tucker_learned__random_static_16__r0.npz,spatial_transformer,0.40384615384615385,random_static_16,1.8271303083781427,871ede90aa0b6f8ba2f32569818366a41233768bb16d05e6a6c7723071f1d3e7,0,tucker_learned,5,0
cells/tucker_learned__random_static_16__r1.npz,spatial_transformer,0.3076923076923077,random_static_16,1.8926290569951851,8f1af8c4fd8554ff06bdf311e2c1dd36a47d1e75f2cbb7d7425cbb393a3b4f24,1,tucker_learned,5,0
cells/tucker_learned__random_static_16__r2.npz,spatial_transformer,0.42307692307692313,random_static_16,1.765995058171113,d242ceeb4f40ce2cf93cfc5b3678b067dc1a8f0df4c6cadb177d84b7bc50dbd4,2,tucker_learned,5,0
cells/tucker_learned__random_static_16__r3.npz,spatial_transformer,0.4423076923076923,random_static_16,1.7097772969357907,925641e631f1d8c226cea0731951b6306f63e16a9e2120fa8ff28c6bd7ab6e69,3,tucker_learned,5,0
cells/tucker_learned__random_static_16__r4.npz,spatial_transformer,0.4807692307692308,random_static_16,1.5693184525552915,36e6867423132d78f8f5203c18e02f731b34c6c3c7f7e4e887779bb650870f2b,4,tucker_learned,5,0
cells/tucker_learned__dynamic_random_16__r0.npz,spatial_transformer,0.34615384615384615,dynamic_random_16,1.921015590907974,8b026d5a183175847c96b4b8e02cd278f4ecdad225e42963a224b7abac4f0f88,0,tucker_learned,5,0
cells/tucker_learned__dynamic_random_16__r1.npz,spatial_transformer,0.40384615384615385,dynamic_random_16,1.781388860977816,a5e4b9edb8ceef26b991371c2c6425df14e548c5cb477128981d5ea327638762,1,tucker_learned,5,0
cells/tucker_learned__dynamic_random_16__r2.npz,spatial_transformer,0.4807692307692308,dynamic_random_16,1.5101535128460146,707156967948ac577c88fb03fe4612d9a65cc4d8ddab62e9fc802b2d55f12b96,2,tucker_learned,5,0
cells/tucker_learned__dynamic_random_16__r3.npz,spatial_transformer,0.4230769230769231,dynamic_random_16,1.44406782965466,eb42834bb9fe01d21321dd4f6d7c1434d60f0eeedfc62dbd1df4aa61ae6ed1ac,3,tucker_learned,5,0
cells/tucker_learned__dynamic_random_16__r4.npz,spatial_transformer,0.4230769230769231,dynamic_random_16,1.8571666474222508,77e77730746074cb183649f844a7124158a927b700ac064f828f8f67b5964fa6,4,tucker_learned,5,0
cells/tucker_learned__random_static_6__r0.npz,spatial_transformer,0.3846153846153846,random_static_6,1.9937161758800253,9a2621313e24d9f25f47e01176d190c19a535cb89e8c17b29be155b43f039461,0,tucker_learned,5,0
cells/tucker_learned__random_static_6__r1.npz,spatial_transformer,0.34615384615384615,random_static_6,1.879017776490237,919b9ffffdf1dd60cdd84453510d41e9f39981e1f2754009b1b82b089f2970a8,1,tucker_learned,5,0
cells/tucker_learned__random_static_6__r2.npz,spatial_transformer,0.21153846153846156,random_static_6,2.2821855738485732,5331fcf1d488037f38abe82ee4f04117ca957346cfc41a35f33b040e6f2b7777,2,tucker_learned,5,0
cells/tucker_learned__random_static_6__r3.npz,spatial_transformer,0.40384615384615385,random_static_6,1.7803540486376632,90ead8a1c78a1893a9d09cb2ca1da43e8b85ba0f672a2b40c03301f881df1a22,3,tucker_learned,5,0
cells/tucker_learned__random_static_6__r4.npz,spatial_transformer,0.25,random_static_6,2.0439735662157967,58690392e51d75a0466c543732bdcfe519c476a89a829f00c680c89c840772c8,4,tucker_learned,5,0
cells/tucker_learned__dynamic_random_6__r0.npz,spatial_transformer,0.423076923076923,dynamic_random_6,1.867752878889937,53a8bafb6b30095811bea34602eb7bb71df6f7a07209a6a817dfe482f0be632f,0,tucker_learned,5,0
cells/tucker_learned__dynamic_random_6__r1.npz,spatial_transformer,0.326923076923077,dynamic_random_6,1.9960746642605243,d05396b461d4109b4f0b6dc68eed2820282be440d08c2043eb99de5f146e739e,1,tucker_learned,5,0
cells/tucker_learned__dynamic_random_6__r2.npz,spatial_transformer,0.3076923076923077,dynamic_random_6,1.9917851371382191,4419f7c2130fc221265bffbaae3242d06a978dbba8ad52543ce19058b641fd36,2,tucker_learned,5,0
cells/tucker_learned__dynamic_random_6__r3.npz,spatial_transformer,0.25,dynamic_random_6,2.1597212930735177,c765a21253ed316685df931b4d383ce1ebcb37968e061414b8a5f7177c95ce9c,3,tucker_learned,5,0
cells/tucker_learned__dynamic_random_6__r4.npz,spatial_transformer,0.2692307692307693,dynamic_random_6,2.085271810506801,189f63c2db9817c17348ab4d3cb399e3ac918b2df86ba8086be5185295cb09d9,4,tucker_learned,5,0
cells/zero__full_22__r0.npz,spatial_transformer,0.5,full_22,1.309732468944443,c64dffc2057ca4c256e500ec4bb47973aa3104153d151c42cc1d4e50e1cc303c,0,zero,5,1
cells/zero__random_static_16__r0.npz,spatial_transformer,0.3846153846153846,random_static_16,1.6568818845976003,9e42a1ca14578d460da116053f5428223393e59f98c8dd1d98d9655fbc2a1ec1,0,zero,5,1
cells/zero__random_static_16__r1.npz,spatial_transformer,0.28846153846153844,random_static_16,2.048940631667758,e3a51c4ed74cdfa181602fd96d4ac3dd058bf5ef9c8fd750b581a018d8955a25,1,zero,5,1
cells/zero__random_static_16__r2.npz,spatial_transformer,0.3076923076923077,random_static_16,1.9856458491644267,d977a72cd9aab34d3bc9b4353555f2ddeb4ae038b3c3f522ea0129e6321ae595,2,zero,5,1
cells/zero__random_static_16__r3.npz,spatial_transformer,0.3076923076923077,random_static_16,1.739803473019901,8a910441439f49d549406a2b38a39d06d33040b1d4931929aa1c1062ca4b529d,3,zero,5,1
cells/zero__random_static_16__r4.npz,spatial_transformer,0.38461538461538464,random_static_16,1.905686785484491,dd65dc493bd3a7d6f998c89407a5bf439104388463022573391811c1236affb3,4,zero,5,1
cells/zero__dynamic_random_16__r0.npz,spatial_transformer,0.3653846153846154,dynamic_random_16,2.0956137239553203,3dd0244f44513ecf4a91f0911b4e021d010903a71968e3eba016ac15d2a7a207,0,zero,5,1
cells/zero__dynamic_random_16__r1.npz,spatial_transformer,0.326923076923077,dynamic_random_16,2.076768215577299,7c61295e69495e4f05fd1e6778dff1547469c0920e705514b04d8b8b98032c1a,1,zero,5,1
cells/zero__dynamic_random_16__r2.npz,spatial_transformer,0.3076923076923077,dynamic_random_16,1.7238708725917697,d24ee41fa70f4a622663afe355fc131c963bcb6d8812a323cc3cf52fff047013,2,zero,5,1
cells/zero__dynamic_random_16__r3.npz,spatial_transformer,0.3269230769230769,dynamic_random_16,2.0112913773658296,d91cf071d886861a694522ef501f58eb191ed7cbff91aaa5c08bfc54b2027a53,3,zero,5,1
cells/zero__dynamic_random_16__r4.npz,spatial_transformer,0.2884615384615385,dynamic_random_16,2.1075824824260425,cf0f2197422f205fe32751286b39706c06c01d8f38115b0090a5317345aaa26f,4,zero,5,1
cells/zero__random_static_6__r0.npz,spatial_transformer,0.2692307692307693,random_static_6,2.405047078703457,5b1a48ff129f8dd946892bc3025b204ed9fca0227afcab0d02e455bdb4f5b66b,0,zero,5,1
cells/zero__random_static_6__r1.npz,spatial_transformer,0.34615384615384615,random_static_6,2.0377459698661777,ec41800c6c4cde22408729b4f0fb402e4723d6f52c3a815db0f0d0ece3b21fc5,1,zero,5,1
cells/zero__random_static_6__r2.npz,spatial_transformer,0.25,random_static_6,2.1381580488242062,478197e2c67c1ce637231f55649ef40686e4f86994dd0b42ac5af5ebcbc63f0a,2,zero,5,1
cells/zero__random_static_6__r3.npz,spatial_transformer,0.3076923076923077,random_static_6,1.9826716230677883,95e580e273e29cf0c0b61f49d6f5918b94b3d703dde40edeb841431e7582548f,3,zero,5,1
cells/zero__random_static_6__r4.npz,spatial_transformer,0.23076923076923078,random_static_6,1.979527214819707,1c81f39faf84d7155e030fe1e811fbbe10b6e586436cb1d267767afd12664555,4,zero,5,1
cells/zero__dynamic_random_6__r0.npz,spatial_transformer,0.25,dynamic_random_6,1.924839606622507,25910e389d8cc023b106f4d1c394c7dde9655a957c914006220b04977e32789e,0,zero,5,1
cells/zero__dynamic_random_6__r1.npz,spatial_transformer,0.25,dynamic_random_6,2.1644899716204287,b35578d6d08aaefb56fa57e244541a3e72ac826c356e6a3939fa1dc92779d91d,1,zero,5,1
cells/zero__dynamic_random_6__r2.npz,spatial_transformer,0.2692307692307692,dynamic_random_6,2.0739932724520944,6dbbe30164d141d14a94f2bd4fbd514dcad7fdabd9167b5b6d48f5f1f96a2fb9,2,zero,5,1
cells/zero__dynamic_random_6__r3.npz,spatial_transformer,0.2884615384615385,dynamic_random_6,1.9923889398076975,93427d58df7d51a1c4885bc9eba85145304b5cfb9b5a8f96d851e0a182ec43a9,3,zero,5,1
cells/zero__dynamic_random_6__r4.npz,spatial_transformer,0.2692307692307693,dynamic_random_6,2.066007280829137,986486468f56bf691104383091358a13760b56017507e3d993c901d68367afbc,4,zero,5,1
cells/covariance_frozen__full_22__r0.npz,spatial_transformer,0.5,full_22,1.309732468944443,c64dffc2057ca4c256e500ec4bb47973aa3104153d151c42cc1d4e50e1cc303c,0,covariance_frozen,5,1
cells/covariance_frozen__random_static_16__r0.npz,spatial_transformer,0.44230769230769235,random_static_16,1.352999050476632,9e42a1ca14578d460da116053f5428223393e59f98c8dd1d98d9655fbc2a1ec1,0,covariance_frozen,5,1
cells/covariance_frozen__random_static_16__r1.npz,spatial_transformer,0.4807692307692308,random_static_16,1.3184544307978288,e3a51c4ed74cdfa181602fd96d4ac3dd058bf5ef9c8fd750b581a018d8955a25,1,covariance_frozen,5,1
cells/covariance_frozen__random_static_16__r2.npz,spatial_transformer,0.46153846153846156,random_static_16,1.3516362127980852,d977a72cd9aab34d3bc9b4353555f2ddeb4ae038b3c3f522ea0129e6321ae595,2,covariance_frozen,5,1
cells/covariance_frozen__random_static_16__r3.npz,spatial_transformer,0.5192307692307692,random_static_16,1.3561998905673813,8a910441439f49d549406a2b38a39d06d33040b1d4931929aa1c1062ca4b529d,3,covariance_frozen,5,1
cells/covariance_frozen__random_static_16__r4.npz,spatial_transformer,0.46153846153846156,random_static_16,1.3668788983839784,dd65dc493bd3a7d6f998c89407a5bf439104388463022573391811c1236affb3,4,covariance_frozen,5,1
cells/covariance_frozen__dynamic_random_16__r0.npz,spatial_transformer,0.4807692307692308,dynamic_random_16,1.3234073897258354,3dd0244f44513ecf4a91f0911b4e021d010903a71968e3eba016ac15d2a7a207,0,covariance_frozen,5,1
cells/covariance_frozen__dynamic_random_16__r1.npz,spatial_transformer,0.4807692307692308,dynamic_random_16,1.3022929093980031,7c61295e69495e4f05fd1e6778dff1547469c0920e705514b04d8b8b98032c1a,1,covariance_frozen,5,1
cells/covariance_frozen__dynamic_random_16__r2.npz,spatial_transformer,0.4423076923076923,dynamic_random_16,1.3585368865672458,d24ee41fa70f4a622663afe355fc131c963bcb6d8812a323cc3cf52fff047013,2,covariance_frozen,5,1
cells/covariance_frozen__dynamic_random_16__r3.npz,spatial_transformer,0.46153846153846156,dynamic_random_16,1.3644929540360489,d91cf071d886861a694522ef501f58eb191ed7cbff91aaa5c08bfc54b2027a53,3,covariance_frozen,5,1
cells/covariance_frozen__dynamic_random_16__r4.npz,spatial_transformer,0.42307692307692313,dynamic_random_16,1.3892411054930442,cf0f2197422f205fe32751286b39706c06c01d8f38115b0090a5317345aaa26f,4,covariance_frozen,5,1
cells/covariance_frozen__random_static_6__r0.npz,spatial_transformer,0.4038461538461539,random_static_6,1.4398236355748575,5b1a48ff129f8dd946892bc3025b204ed9fca0227afcab0d02e455bdb4f5b66b,0,covariance_frozen,5,1
cells/covariance_frozen__random_static_6__r1.npz,spatial_transformer,0.40384615384615385,random_static_6,1.5236519343589008,ec41800c6c4cde22408729b4f0fb402e4723d6f52c3a815db0f0d0ece3b21fc5,1,covariance_frozen,5,1
cells/covariance_frozen__random_static_6__r2.npz,spatial_transformer,0.34615384615384615,random_static_6,1.5215030371354232,478197e2c67c1ce637231f55649ef40686e4f86994dd0b42ac5af5ebcbc63f0a,2,covariance_frozen,5,1
cells/covariance_frozen__random_static_6__r3.npz,spatial_transformer,0.3076923076923077,random_static_6,1.4400740371018512,95e580e273e29cf0c0b61f49d6f5918b94b3d703dde40edeb841431e7582548f,3,covariance_frozen,5,1
cells/covariance_frozen__random_static_6__r4.npz,spatial_transformer,0.36538461538461536,random_static_6,1.4789596908863214,1c81f39faf84d7155e030fe1e811fbbe10b6e586436cb1d267767afd12664555,4,covariance_frozen,5,1
cells/covariance_frozen__dynamic_random_6__r0.npz,spatial_transformer,0.3653846153846154,dynamic_random_6,1.6330544474896835,25910e389d8cc023b106f4d1c394c7dde9655a957c914006220b04977e32789e,0,covariance_frozen,5,1
cells/covariance_frozen__dynamic_random_6__r1.npz,spatial_transformer,0.2692307692307692,dynamic_random_6,1.5928022955708963,b35578d6d08aaefb56fa57e244541a3e72ac826c356e6a3939fa1dc92779d91d,1,covariance_frozen,5,1
cells/covariance_frozen__dynamic_random_6__r2.npz,spatial_transformer,0.36538461538461536,dynamic_random_6,1.4898271470570608,6dbbe30164d141d14a94f2bd4fbd514dcad7fdabd9167b5b6d48f5f1f96a2fb9,2,covariance_frozen,5,1
cells/covariance_frozen__dynamic_random_6__r3.npz,spatial_transformer,0.3076923076923077,dynamic_random_6,1.4898080352974175,93427d58df7d51a1c4885bc9eba85145304b5cfb9b5a8f96d851e0a182ec43a9,3,covariance_frozen,5,1
cells/covariance_frozen__dynamic_random_6__r4.npz,spatial_transformer,0.4423076923076923,dynamic_random_6,1.3679296674451271,986486468f56bf691104383091358a13760b56017507e3d993c901d68367afbc,4,covariance_frozen,5,1
cells/covariance_learned__full_22__r0.npz,spatial_transformer,0.5,full_22,1.309732468944443,c64dffc2057ca4c256e500ec4bb47973aa3104153d151c42cc1d4e50e1cc303c,0,covariance_learned,5,1
cells/covariance_learned__random_static_16__r0.npz,spatial_transformer,0.44230769230769235,random_static_16,1.3665685379511368,9e42a1ca14578d460da116053f5428223393e59f98c8dd1d98d9655fbc2a1ec1,0,covariance_learned,5,1
cells/covariance_learned__random_static_16__r1.npz,spatial_transformer,0.4615384615384615,random_static_16,1.33324623089491,e3a51c4ed74cdfa181602fd96d4ac3dd058bf5ef9c8fd750b581a018d8955a25,1,covariance_learned,5,1
cells/covariance_learned__random_static_16__r2.npz,spatial_transformer,0.4807692307692308,random_static_16,1.3189411129957116,d977a72cd9aab34d3bc9b4353555f2ddeb4ae038b3c3f522ea0129e6321ae595,2,covariance_learned,5,1
cells/covariance_learned__random_static_16__r3.npz,spatial_transformer,0.46153846153846156,random_static_16,1.3520355021073625,8a910441439f49d549406a2b38a39d06d33040b1d4931929aa1c1062ca4b529d,3,covariance_learned,5,1
cells/covariance_learned__random_static_16__r4.npz,spatial_transformer,0.5,random_static_16,1.3410316822178774,dd65dc493bd3a7d6f998c89407a5bf439104388463022573391811c1236affb3,4,covariance_learned,5,1
cells/covariance_learned__dynamic_random_16__r0.npz,spatial_transformer,0.5,dynamic_random_16,1.3145239190876978,3dd0244f44513ecf4a91f0911b4e021d010903a71968e3eba016ac15d2a7a207,0,covariance_learned,5,1
cells/covariance_learned__dynamic_random_16__r1.npz,spatial_transformer,0.5384615384615384,dynamic_random_16,1.2890370765598549,7c61295e69495e4f05fd1e6778dff1547469c0920e705514b04d8b8b98032c1a,1,covariance_learned,5,1
cells/covariance_learned__dynamic_random_16__r2.npz,spatial_transformer,0.4423076923076923,dynamic_random_16,1.3822637389632886,d24ee41fa70f4a622663afe355fc131c963bcb6d8812a323cc3cf52fff047013,2,covariance_learned,5,1
cells/covariance_learned__dynamic_random_16__r3.npz,spatial_transformer,0.4807692307692308,dynamic_random_16,1.4014001071309643,d91cf071d886861a694522ef501f58eb191ed7cbff91aaa5c08bfc54b2027a53,3,covariance_learned,5,1
cells/covariance_learned__dynamic_random_16__r4.npz,spatial_transformer,0.4423076923076923,dynamic_random_16,1.3899973060953956,cf0f2197422f205fe32751286b39706c06c01d8f38115b0090a5317345aaa26f,4,covariance_learned,5,1
cells/covariance_learned__random_static_6__r0.npz,spatial_transformer,0.5576923076923077,random_static_6,1.2756871762206703,5b1a48ff129f8dd946892bc3025b204ed9fca0227afcab0d02e455bdb4f5b66b,0,covariance_learned,5,1
cells/covariance_learned__random_static_6__r1.npz,spatial_transformer,0.46153846153846156,random_static_6,1.36119356150948,ec41800c6c4cde22408729b4f0fb402e4723d6f52c3a815db0f0d0ece3b21fc5,1,covariance_learned,5,1
cells/covariance_learned__random_static_6__r2.npz,spatial_transformer,0.42307692307692313,random_static_6,1.4033125553505472,478197e2c67c1ce637231f55649ef40686e4f86994dd0b42ac5af5ebcbc63f0a,2,covariance_learned,5,1
cells/covariance_learned__random_static_6__r3.npz,spatial_transformer,0.42307692307692313,random_static_6,1.3375155611001188,95e580e273e29cf0c0b61f49d6f5918b94b3d703dde40edeb841431e7582548f,3,covariance_learned,5,1
cells/covariance_learned__random_static_6__r4.npz,spatial_transformer,0.5192307692307693,random_static_6,1.3871643086367476,1c81f39faf84d7155e030fe1e811fbbe10b6e586436cb1d267767afd12664555,4,covariance_learned,5,1
cells/covariance_learned__dynamic_random_6__r0.npz,spatial_transformer,0.4423076923076923,dynamic_random_6,1.5661910687039484,25910e389d8cc023b106f4d1c394c7dde9655a957c914006220b04977e32789e,0,covariance_learned,5,1
cells/covariance_learned__dynamic_random_6__r1.npz,spatial_transformer,0.38461538461538464,dynamic_random_6,1.3776263577474155,b35578d6d08aaefb56fa57e244541a3e72ac826c356e6a3939fa1dc92779d91d,1,covariance_learned,5,1
cells/covariance_learned__dynamic_random_6__r2.npz,spatial_transformer,0.46153846153846156,dynamic_random_6,1.3557389351378697,6dbbe30164d141d14a94f2bd4fbd514dcad7fdabd9167b5b6d48f5f1f96a2fb9,2,covariance_learned,5,1
cells/covariance_learned__dynamic_random_6__r3.npz,spatial_transformer,0.5,dynamic_random_6,1.3518692450517773,93427d58df7d51a1c4885bc9eba85145304b5cfb9b5a8f96d851e0a182ec43a9,3,covariance_learned,5,1
cells/covariance_learned__dynamic_random_6__r4.npz,spatial_transformer,0.5,dynamic_random_6,1.2827121914829573,986486468f56bf691104383091358a13760b56017507e3d993c901d68367afbc,4,covariance_learned,5,1
cells/tucker_frozen__full_22__r0.npz,spatial_transformer,0.5,full_22,1.309732468944443,c64dffc2057ca4c256e500ec4bb47973aa3104153d151c42cc1d4e50e1cc303c,0,tucker_frozen,5,1
cells/tucker_frozen__random_static_16__r0.npz,spatial_transformer,0.42307692307692313,random_static_16,1.6349075770647306,9e42a1ca14578d460da116053f5428223393e59f98c8dd1d98d9655fbc2a1ec1,0,tucker_frozen,5,1
cells/tucker_frozen__random_static_16__r1.npz,spatial_transformer,0.34615384615384615,random_static_16,1.9821781656523134,e3a51c4ed74cdfa181602fd96d4ac3dd058bf5ef9c8fd750b581a018d8955a25,1,tucker_frozen,5,1
cells/tucker_frozen__random_static_16__r2.npz,spatial_transformer,0.3269230769230769,random_static_16,1.9072637360985178,d977a72cd9aab34d3bc9b4353555f2ddeb4ae038b3c3f522ea0129e6321ae595,2,tucker_frozen,5,1
cells/tucker_frozen__random_static_16__r3.npz,spatial_transformer,0.34615384615384615,random_static_16,1.6793330736611192,8a910441439f49d549406a2b38a39d06d33040b1d4931929aa1c1062ca4b529d,3,tucker_frozen,5,1
cells/tucker_frozen__random_static_16__r4.npz,spatial_transformer,0.3653846153846154,random_static_16,1.8865943237979412,dd65dc493bd3a7d6f998c89407a5bf439104388463022573391811c1236affb3,4,tucker_frozen,5,1
cells/tucker_frozen__dynamic_random_16__r0.npz,spatial_transformer,0.34615384615384615,dynamic_random_16,1.9832890914272028,3dd0244f44513ecf4a91f0911b4e021d010903a71968e3eba016ac15d2a7a207,0,tucker_frozen,5,1
cells/tucker_frozen__dynamic_random_16__r1.npz,spatial_transformer,0.3269230769230769,dynamic_random_16,2.025682617733842,7c61295e69495e4f05fd1e6778dff1547469c0920e705514b04d8b8b98032c1a,1,tucker_frozen,5,1
cells/tucker_frozen__dynamic_random_16__r2.npz,spatial_transformer,0.34615384615384615,dynamic_random_16,1.7140504764342244,d24ee41fa70f4a622663afe355fc131c963bcb6d8812a323cc3cf52fff047013,2,tucker_frozen,5,1
cells/tucker_frozen__dynamic_random_16__r3.npz,spatial_transformer,0.3076923076923077,dynamic_random_16,1.920923626151685,d91cf071d886861a694522ef501f58eb191ed7cbff91aaa5c08bfc54b2027a53,3,tucker_frozen,5,1
cells/tucker_frozen__dynamic_random_16__r4.npz,spatial_transformer,0.2884615384615385,dynamic_random_16,2.0865526181765337,cf0f2197422f205fe32751286b39706c06c01d8f38115b0090a5317345aaa26f,4,tucker_frozen,5,1
cells/tucker_frozen__random_static_6__r0.npz,spatial_transformer,0.23076923076923078,random_static_6,2.4381525072388452,5b1a48ff129f8dd946892bc3025b204ed9fca0227afcab0d02e455bdb4f5b66b,0,tucker_frozen,5,1
cells/tucker_frozen__random_static_6__r1.npz,spatial_transformer,0.3076923076923077,random_static_6,2.0889879240576406,ec41800c6c4cde22408729b4f0fb402e4723d6f52c3a815db0f0d0ece3b21fc5,1,tucker_frozen,5,1
cells/tucker_frozen__random_static_6__r2.npz,spatial_transformer,0.25,random_static_6,2.193988745045064,478197e2c67c1ce637231f55649ef40686e4f86994dd0b42ac5af5ebcbc63f0a,2,tucker_frozen,5,1
cells/tucker_frozen__random_static_6__r3.npz,spatial_transformer,0.2692307692307692,random_static_6,1.9454387069772365,95e580e273e29cf0c0b61f49d6f5918b94b3d703dde40edeb841431e7582548f,3,tucker_frozen,5,1
cells/tucker_frozen__random_static_6__r4.npz,spatial_transformer,0.2692307692307693,random_static_6,2.0145607562032635,1c81f39faf84d7155e030fe1e811fbbe10b6e586436cb1d267767afd12664555,4,tucker_frozen,5,1
cells/tucker_frozen__dynamic_random_6__r0.npz,spatial_transformer,0.21153846153846156,dynamic_random_6,2.0873855148720084,25910e389d8cc023b106f4d1c394c7dde9655a957c914006220b04977e32789e,0,tucker_frozen,5,1
cells/tucker_frozen__dynamic_random_6__r1.npz,spatial_transformer,0.25,dynamic_random_6,2.1824664818987567,b35578d6d08aaefb56fa57e244541a3e72ac826c356e6a3939fa1dc92779d91d,1,tucker_frozen,5,1
cells/tucker_frozen__dynamic_random_6__r2.npz,spatial_transformer,0.21153846153846156,dynamic_random_6,2.227058456154644,6dbbe30164d141d14a94f2bd4fbd514dcad7fdabd9167b5b6d48f5f1f96a2fb9,2,tucker_frozen,5,1
cells/tucker_frozen__dynamic_random_6__r3.npz,spatial_transformer,0.2692307692307693,dynamic_random_6,2.1015135556405395,93427d58df7d51a1c4885bc9eba85145304b5cfb9b5a8f96d851e0a182ec43a9,3,tucker_frozen,5,1
cells/tucker_frozen__dynamic_random_6__r4.npz,spatial_transformer,0.25,dynamic_random_6,2.17874943665941,986486468f56bf691104383091358a13760b56017507e3d993c901d68367afbc,4,tucker_frozen,5,1
cells/tucker_learned__full_22__r0.npz,spatial_transformer,0.5,full_22,1.309732468944443,c64dffc2057ca4c256e500ec4bb47973aa3104153d151c42cc1d4e50e1cc303c,0,tucker_learned,5,1
cells/tucker_learned__random_static_16__r0.npz,spatial_transformer,0.42307692307692313,random_static_16,1.5989206676916692,9e42a1ca14578d460da116053f5428223393e59f98c8dd1d98d9655fbc2a1ec1,0,tucker_learned,5,1
cells/tucker_learned__random_static_16__r1.npz,spatial_transformer,0.3269230769230769,random_static_16,1.9686717060621481,e3a51c4ed74cdfa181602fd96d4ac3dd058bf5ef9c8fd750b581a018d8955a25,1,tucker_learned,5,1
cells/tucker_learned__random_static_16__r2.npz,spatial_transformer,0.3269230769230769,random_static_16,1.9217520062784812,d977a72cd9aab34d3bc9b4353555f2ddeb4ae038b3c3f522ea0129e6321ae595,2,tucker_learned,5,1
cells/tucker_learned__random_static_16__r3.npz,spatial_transformer,0.34615384615384615,random_static_16,1.6535150282645348,8a910441439f49d549406a2b38a39d06d33040b1d4931929aa1c1062ca4b529d,3,tucker_learned,5,1
cells/tucker_learned__random_static_16__r4.npz,spatial_transformer,0.4230769230769231,random_static_16,1.847960177449384,dd65dc493bd3a7d6f998c89407a5bf439104388463022573391811c1236affb3,4,tucker_learned,5,1
cells/tucker_learned__dynamic_random_16__r0.npz,spatial_transformer,0.34615384615384615,dynamic_random_16,1.9734679823462153,3dd0244f44513ecf4a91f0911b4e021d010903a71968e3eba016ac15d2a7a207,0,tucker_learned,5,1
cells/tucker_learned__dynamic_random_16__r1.npz,spatial_transformer,0.3269230769230769,dynamic_random_16,2.0067836200914972,7c61295e69495e4f05fd1e6778dff1547469c0920e705514b04d8b8b98032c1a,1,tucker_learned,5,1
cells/tucker_learned__dynamic_random_16__r2.npz,spatial_transformer,0.3653846153846154,dynamic_random_16,1.6850514400394447,d24ee41fa70f4a622663afe355fc131c963bcb6d8812a323cc3cf52fff047013,2,tucker_learned,5,1
cells/tucker_learned__dynamic_random_16__r3.npz,spatial_transformer,0.3269230769230769,dynamic_random_16,1.906149414796975,d91cf071d886861a694522ef501f58eb191ed7cbff91aaa5c08bfc54b2027a53,3,tucker_learned,5,1
cells/tucker_learned__dynamic_random_16__r4.npz,spatial_transformer,0.3076923076923077,dynamic_random_16,2.0265494861264846,cf0f2197422f205fe32751286b39706c06c01d8f38115b0090a5317345aaa26f,4,tucker_learned,5,1
cells/tucker_learned__random_static_6__r0.npz,spatial_transformer,0.23076923076923078,random_static_6,2.4330453245586905,5b1a48ff129f8dd946892bc3025b204ed9fca0227afcab0d02e455bdb4f5b66b,0,tucker_learned,5,1
cells/tucker_learned__random_static_6__r1.npz,spatial_transformer,0.3269230769230769,random_static_6,2.050808535530421,ec41800c6c4cde22408729b4f0fb402e4723d6f52c3a815db0f0d0ece3b21fc5,1,tucker_learned,5,1
cells/tucker_learned__random_static_6__r2.npz,spatial_transformer,0.25,random_static_6,2.163138027105017,478197e2c67c1ce637231f55649ef40686e4f86994dd0b42ac5af5ebcbc63f0a,2,tucker_learned,5,1
cells/tucker_learned__random_static_6__r3.npz,spatial_transformer,0.2692307692307693,random_static_6,1.9348699380154346,95e580e273e29cf0c0b61f49d6f5918b94b3d703dde40edeb841431e7582548f,3,tucker_learned,5,1
cells/tucker_learned__random_static_6__r4.npz,spatial_transformer,0.25,random_static_6,2.008608705520123,1c81f39faf84d7155e030fe1e811fbbe10b6e586436cb1d267767afd12664555,4,tucker_learned,5,1
cells/tucker_learned__dynamic_random_6__r0.npz,spatial_transformer,0.21153846153846156,dynamic_random_6,2.0256070215905306,25910e389d8cc023b106f4d1c394c7dde9655a957c914006220b04977e32789e,0,tucker_learned,5,1
cells/tucker_learned__dynamic_random_6__r1.npz,spatial_transformer,0.23076923076923078,dynamic_random_6,2.1823372749597088,b35578d6d08aaefb56fa57e244541a3e72ac826c356e6a3939fa1dc92779d91d,1,tucker_learned,5,1
cells/tucker_learned__dynamic_random_6__r2.npz,spatial_transformer,0.23076923076923078,dynamic_random_6,2.1717777527763804,6dbbe30164d141d14a94f2bd4fbd514dcad7fdabd9167b5b6d48f5f1f96a2fb9,2,tucker_learned,5,1
cells/tucker_learned__dynamic_random_6__r3.npz,spatial_transformer,0.23076923076923078,dynamic_random_6,2.068457006710028,93427d58df7d51a1c4885bc9eba85145304b5cfb9b5a8f96d851e0a182ec43a9,3,tucker_learned,5,1
cells/tucker_learned__dynamic_random_6__r4.npz,spatial_transformer,0.2884615384615385,dynamic_random_6,2.1354698064309243,986486468f56bf691104383091358a13760b56017507e3d993c901d68367afbc,4,tucker_learned,5,1
cells/zero__full_22__r0.npz,spatial_transformer,0.5384615384615384,full_22,1.2615903874234498,c64dffc2057ca4c256e500ec4bb47973aa3104153d151c42cc1d4e50e1cc303c,0,zero,5,2
cells/zero__random_static_16__r0.npz,spatial_transformer,0.21153846153846156,random_static_16,2.4583447194541828,035e93fd79588ad51ea159923ec475ff5416b9a39c3661c17f6c9ba52059cc5c,0,zero,5,2
cells/zero__random_static_16__r1.npz,spatial_transformer,0.3076923076923077,random_static_16,1.953372904147525,3ec79fa58653c645c05aa64dc20c170ba5a21a1c2bcac8aa53b8ad9105ac6a8c,1,zero,5,2
cells/zero__random_static_16__r2.npz,spatial_transformer,0.3653846153846154,random_static_16,1.693241423214714,5c84fe1e7a79c5fb4b9e6f0ea2c6ce0b9992683928dcc670550b207162a3f810,2,zero,5,2
cells/zero__random_static_16__r3.npz,spatial_transformer,0.3269230769230769,random_static_16,1.982958764952222,f6b44ccb2b7e7b4aa66ef584eb568f75ad28191f03f93c4ecf5f44dba56c2499,3,zero,5,2
cells/zero__random_static_16__r4.npz,spatial_transformer,0.3269230769230769,random_static_16,2.0165605819710013,dd015f238d5ddd8ba58af1aa0a5fe2646971992af683145d9c8b32ff1d3584ed,4,zero,5,2
cells/zero__dynamic_random_16__r0.npz,spatial_transformer,0.2692307692307693,dynamic_random_16,2.085288397173323,3df7854b11e0da2983364559c48ebf2abc252deb731237c997c7857567fcfd78,0,zero,5,2
cells/zero__dynamic_random_16__r1.npz,spatial_transformer,0.326923076923077,dynamic_random_16,2.0218063691049624,950136913aaf51dd50719d5cee13b48ca6b85e171dbe04984c42ae270bfd21f4,1,zero,5,2
cells/zero__dynamic_random_16__r2.npz,spatial_transformer,0.4038461538461539,dynamic_random_16,1.7932722376134653,1e837a6c6c83b9e56f719bcd1f0042c5eaaffa4450a5f64812fc6b9311b39564,2,zero,5,2
cells/zero__dynamic_random_16__r3.npz,spatial_transformer,0.2692307692307693,dynamic_random_16,2.293437620515999,b5e4d673ca07e3d463a2214f01a8614fdc2f46710eae0d9a32c1de7b17ccc0ba,3,zero,5,2
cells/zero__dynamic_random_16__r4.npz,spatial_transformer,0.3653846153846154,dynamic_random_16,1.9367979195789813,5187f526c65a0081eddd985e349b76f959885f94388060ee18643032416bf610,4,zero,5,2
cells/zero__random_static_6__r0.npz,spatial_transformer,0.21153846153846156,random_static_6,2.6686403661470637,01b0afe61ac70b2978e483b506a32db802f9d1fb9de7a020d676eb60100ff814,0,zero,5,2
cells/zero__random_static_6__r1.npz,spatial_transformer,0.23076923076923078,random_static_6,2.4583730816376583,1ff5fcb0f5ee3ec21c59b55cb290f2daf567173d2f6aa19f32a3a1e3f84e11d9,1,zero,5,2
cells/zero__random_static_6__r2.npz,spatial_transformer,0.46153846153846156,random_static_6,1.6088444247010503,8e4df63dadf660c220773e9a9747acc79631069337738445cebc0d7bd6c44eef,2,zero,5,2
cells/zero__random_static_6__r3.npz,spatial_transformer,0.34615384615384615,random_static_6,1.8278553338002477,3549ce080370c2ed5aaaf327a2298f7a05e943ef61fcbc72a86b0608d0a7f91f,3,zero,5,2
cells/zero__random_static_6__r4.npz,spatial_transformer,0.23076923076923078,random_static_6,2.346468832768393,a9328a170cca5c9eebf4ae7b7d6b374637a46d93a8761dfc57dece36a44fd482,4,zero,5,2
cells/zero__dynamic_random_6__r0.npz,spatial_transformer,0.2692307692307693,dynamic_random_6,2.4358896402295507,73658d4feb0fe348099ce2a92a177f6f4cfd233eaaf12e97f22bebb7a08af322,0,zero,5,2
cells/zero__dynamic_random_6__r1.npz,spatial_transformer,0.3076923076923077,dynamic_random_6,1.8610875848736936,257dab8bd66e59038b166fd8c700bfcec75c55b706cf554315cf0878ef3436c7,1,zero,5,2
cells/zero__dynamic_random_6__r2.npz,spatial_transformer,0.2692307692307693,dynamic_random_6,2.3821670745075645,48c02d85938ec9ced9a7daedb24610d4a926e293cbbfb34e1e9c688abdc236b2,2,zero,5,2
cells/zero__dynamic_random_6__r3.npz,spatial_transformer,0.28846153846153844,dynamic_random_6,2.088747622970925,3f8e42f9c153c641906acaa5937ed543962f994e830285eb4d9071347d10f1a7,3,zero,5,2
cells/zero__dynamic_random_6__r4.npz,spatial_transformer,0.28846153846153844,dynamic_random_6,1.999229071674633,d6a60467d2165ce27f1b4e8045a027cef0b56b381803192f901a2417fe83e9b7,4,zero,5,2
cells/covariance_frozen__full_22__r0.npz,spatial_transformer,0.5384615384615384,full_22,1.2615903874234498,c64dffc2057ca4c256e500ec4bb47973aa3104153d151c42cc1d4e50e1cc303c,0,covariance_frozen,5,2
cells/covariance_frozen__random_static_16__r0.npz,spatial_transformer,0.5192307692307692,random_static_16,1.2806652070228304,035e93fd79588ad51ea159923ec475ff5416b9a39c3661c17f6c9ba52059cc5c,0,covariance_frozen,5,2
cells/covariance_frozen__random_static_16__r1.npz,spatial_transformer,0.5192307692307692,random_static_16,1.3119242931419133,3ec79fa58653c645c05aa64dc20c170ba5a21a1c2bcac8aa53b8ad9105ac6a8c,1,covariance_frozen,5,2
cells/covariance_frozen__random_static_16__r2.npz,spatial_transformer,0.46153846153846156,random_static_16,1.290372351172361,5c84fe1e7a79c5fb4b9e6f0ea2c6ce0b9992683928dcc670550b207162a3f810,2,covariance_frozen,5,2
cells/covariance_frozen__random_static_16__r3.npz,spatial_transformer,0.4423076923076923,random_static_16,1.3096749609799945,f6b44ccb2b7e7b4aa66ef584eb568f75ad28191f03f93c4ecf5f44dba56c2499,3,covariance_frozen,5,2
cells/covariance_frozen__random_static_16__r4.npz,spatial_transformer,0.42307692307692313,random_static_16,1.2932284139412895,dd015f238d5ddd8ba58af1aa0a5fe2646971992af683145d9c8b32ff1d3584ed,4,covariance_frozen,5,2
cells/covariance_frozen__dynamic_random_16__r0.npz,spatial_transformer,0.48076923076923084,dynamic_random_16,1.3194279451658864,3df7854b11e0da2983364559c48ebf2abc252deb731237c997c7857567fcfd78,0,covariance_frozen,5,2
cells/covariance_frozen__dynamic_random_16__r1.npz,spatial_transformer,0.5384615384615384,dynamic_random_16,1.2896486148443371,950136913aaf51dd50719d5cee13b48ca6b85e171dbe04984c42ae270bfd21f4,1,covariance_frozen,5,2
cells/covariance_frozen__dynamic_random_16__r2.npz,spatial_transformer,0.5,dynamic_random_16,1.3101786410064982,1e837a6c6c83b9e56f719bcd1f0042c5eaaffa4450a5f64812fc6b9311b39564,2,covariance_frozen,5,2
cells/covariance_frozen__dynamic_random_16__r3.npz,spatial_transformer,0.5384615384615384,dynamic_random_16,1.344631471455965,b5e4d673ca07e3d463a2214f01a8614fdc2f46710eae0d9a32c1de7b17ccc0ba,3,covariance_frozen,5,2
cells/covariance_frozen__dynamic_random_16__r4.npz,spatial_transformer,0.5,dynamic_random_16,1.2146721331446948,5187f526c65a0081eddd985e349b76f959885f94388060ee18643032416bf610,4,covariance_frozen,5,2
cells/covariance_frozen__random_static_6__r0.npz,spatial_transformer,0.40384615384615385,random_static_6,1.4728854102930702,01b0afe61ac70b2978e483b506a32db802f9d1fb9de7a020d676eb60100ff814,0,covariance_frozen,5,2
cells/covariance_frozen__random_static_6__r1.npz,spatial_transformer,0.38461538461538464,random_static_6,1.4559980920083433,1ff5fcb0f5ee3ec21c59b55cb290f2daf567173d2f6aa19f32a3a1e3f84e11d9,1,covariance_frozen,5,2
cells/covariance_frozen__random_static_6__r2.npz,spatial_transformer,0.4423076923076923,random_static_6,1.391264542730009,8e4df63dadf660c220773e9a9747acc79631069337738445cebc0d7bd6c44eef,2,covariance_frozen,5,2
cells/covariance_frozen__random_static_6__r3.npz,spatial_transformer,0.4230769230769231,random_static_6,1.4131319893859096,3549ce080370c2ed5aaaf327a2298f7a05e943ef61fcbc72a86b0608d0a7f91f,3,covariance_frozen,5,2
cells/covariance_frozen__random_static_6__r4.npz,spatial_transformer,0.40384615384615385,random_static_6,1.426682557757199,a9328a170cca5c9eebf4ae7b7d6b374637a46d93a8761dfc57dece36a44fd482,4,covariance_frozen,5,2
cells/covariance_frozen__dynamic_random_6__r0.npz,spatial_transformer,0.38461538461538464,dynamic_random_6,1.4859677736339987,73658d4feb0fe348099ce2a92a177f6f4cfd233eaaf12e97f22bebb7a08af322,0,covariance_frozen,5,2
cells/covariance_frozen__dynamic_random_6__r1.npz,spatial_transformer,0.3653846153846154,dynamic_random_6,1.4347785551765448,257dab8bd66e59038b166fd8c700bfcec75c55b706cf554315cf0878ef3436c7,1,covariance_frozen,5,2
cells/covariance_frozen__dynamic_random_6__r2.npz,spatial_transformer,0.4423076923076923,dynamic_random_6,1.4693819580307037,48c02d85938ec9ced9a7daedb24610d4a926e293cbbfb34e1e9c688abdc236b2,2,covariance_frozen,5,2
cells/covariance_frozen__dynamic_random_6__r3.npz,spatial_transformer,0.38461538461538464,dynamic_random_6,1.5868542195336484,3f8e42f9c153c641906acaa5937ed543962f994e830285eb4d9071347d10f1a7,3,covariance_frozen,5,2
cells/covariance_frozen__dynamic_random_6__r4.npz,spatial_transformer,0.48076923076923084,dynamic_random_6,1.5019886742212272,d6a60467d2165ce27f1b4e8045a027cef0b56b381803192f901a2417fe83e9b7,4,covariance_frozen,5,2
cells/covariance_learned__full_22__r0.npz,spatial_transformer,0.5384615384615384,full_22,1.2615903874234498,c64dffc2057ca4c256e500ec4bb47973aa3104153d151c42cc1d4e50e1cc303c,0,covariance_learned,5,2
cells/covariance_learned__random_static_16__r0.npz,spatial_transformer,0.5192307692307692,random_static_16,1.2843104666829317,035e93fd79588ad51ea159923ec475ff5416b9a39c3661c17f6c9ba52059cc5c,0,covariance_learned,5,2
cells/covariance_learned__random_static_16__r1.npz,spatial_transformer,0.5,random_static_16,1.3128540016648844,3ec79fa58653c645c05aa64dc20c170ba5a21a1c2bcac8aa53b8ad9105ac6a8c,1,covariance_learned,5,2
cells/covariance_learned__random_static_16__r2.npz,spatial_transformer,0.4423076923076924,random_static_16,1.270274551084356,5c84fe1e7a79c5fb4b9e6f0ea2c6ce0b9992683928dcc670550b207162a3f810,2,covariance_learned,5,2
cells/covariance_learned__random_static_16__r3.npz,spatial_transformer,0.4423076923076923,random_static_16,1.3153931077176035,f6b44ccb2b7e7b4aa66ef584eb568f75ad28191f03f93c4ecf5f44dba56c2499,3,covariance_learned,5,2
cells/covariance_learned__random_static_16__r4.npz,spatial_transformer,0.423076923076923,random_static_16,1.2888510601290557,dd015f238d5ddd8ba58af1aa0a5fe2646971992af683145d9c8b32ff1d3584ed,4,covariance_learned,5,2
cells/covariance_learned__dynamic_random_16__r0.npz,spatial_transformer,0.4807692307692307,dynamic_random_16,1.3084656582318506,3df7854b11e0da2983364559c48ebf2abc252deb731237c997c7857567fcfd78,0,covariance_learned,5,2
cells/covariance_learned__dynamic_random_16__r1.npz,spatial_transformer,0.5384615384615384,dynamic_random_16,1.2825468796012656,950136913aaf51dd50719d5cee13b48ca6b85e171dbe04984c42ae270bfd21f4,1,covariance_learned,5,2
cells/covariance_learned__dynamic_random_16__r2.npz,spatial_transformer,0.48076923076923084,dynamic_random_16,1.3083234623271855,1e837a6c6c83b9e56f719bcd1f0042c5eaaffa4450a5f64812fc6b9311b39564,2,covariance_learned,5,2
cells/covariance_learned__dynamic_random_16__r3.npz,spatial_transformer,0.5384615384615384,dynamic_random_16,1.3430992413853269,b5e4d673ca07e3d463a2214f01a8614fdc2f46710eae0d9a32c1de7b17ccc0ba,3,covariance_learned,5,2
cells/covariance_learned__dynamic_random_16__r4.npz,spatial_transformer,0.5,dynamic_random_16,1.2031482987764943,5187f526c65a0081eddd985e349b76f959885f94388060ee18643032416bf610,4,covariance_learned,5,2
cells/covariance_learned__random_static_6__r0.npz,spatial_transformer,0.40384615384615385,random_static_6,1.4255821406072147,01b0afe61ac70b2978e483b506a32db802f9d1fb9de7a020d676eb60100ff814,0,covariance_learned,5,2
cells/covariance_learned__random_static_6__r1.npz,spatial_transformer,0.4807692307692307,random_static_6,1.3992253450402325,1ff5fcb0f5ee3ec21c59b55cb290f2daf567173d2f6aa19f32a3a1e3f84e11d9,1,covariance_learned,5,2
cells/covariance_learned__random_static_6__r2.npz,spatial_transformer,0.46153846153846156,random_static_6,1.3680092018723788,8e4df63dadf660c220773e9a9747acc79631069337738445cebc0d7bd6c44eef,2,covariance_learned,5,2
cells/covariance_learned__random_static_6__r3.npz,spatial_transformer,0.48076923076923084,random_static_6,1.378356731775586,3549ce080370c2ed5aaaf327a2298f7a05e943ef61fcbc72a86b0608d0a7f91f,3,covariance_learned,5,2
cells/covariance_learned__random_static_6__r4.npz,spatial_transformer,0.4423076923076923,random_static_6,1.3901625338565962,a9328a170cca5c9eebf4ae7b7d6b374637a46d93a8761dfc57dece36a44fd482,4,covariance_learned,5,2
cells/covariance_learned__dynamic_random_6__r0.npz,spatial_transformer,0.42307692307692313,dynamic_random_6,1.40731532288004,73658d4feb0fe348099ce2a92a177f6f4cfd233eaaf12e97f22bebb7a08af322,0,covariance_learned,5,2
cells/covariance_learned__dynamic_random_6__r1.npz,spatial_transformer,0.4807692307692307,dynamic_random_6,1.3552664881515035,257dab8bd66e59038b166fd8c700bfcec75c55b706cf554315cf0878ef3436c7,1,covariance_learned,5,2
cells/covariance_learned__dynamic_random_6__r2.npz,spatial_transformer,0.4807692307692307,dynamic_random_6,1.4262036997028424,48c02d85938ec9ced9a7daedb24610d4a926e293cbbfb34e1e9c688abdc236b2,2,covariance_learned,5,2
cells/covariance_learned__dynamic_random_6__r3.npz,spatial_transformer,0.42307692307692313,dynamic_random_6,1.5383738788042318,3f8e42f9c153c641906acaa5937ed543962f994e830285eb4d9071347d10f1a7,3,covariance_learned,5,2
cells/covariance_learned__dynamic_random_6__r4.npz,spatial_transformer,0.40384615384615385,dynamic_random_6,1.4481107198645105,d6a60467d2165ce27f1b4e8045a027cef0b56b381803192f901a2417fe83e9b7,4,covariance_learned,5,2
cells/tucker_frozen__full_22__r0.npz,spatial_transformer,0.5384615384615384,full_22,1.2615903874234498,c64dffc2057ca4c256e500ec4bb47973aa3104153d151c42cc1d4e50e1cc303c,0,tucker_frozen,5,2
cells/tucker_frozen__random_static_16__r0.npz,spatial_transformer,0.25,random_static_16,2.2909364992881702,035e93fd79588ad51ea159923ec475ff5416b9a39c3661c17f6c9ba52059cc5c,0,tucker_frozen,5,2
cells/tucker_frozen__random_static_16__r1.npz,spatial_transformer,0.34615384615384615,random_static_16,2.0018153858729395,3ec79fa58653c645c05aa64dc20c170ba5a21a1c2bcac8aa53b8ad9105ac6a8c,1,tucker_frozen,5,2
cells/tucker_frozen__random_static_16__r2.npz,spatial_transformer,0.42307692307692313,random_static_16,1.5937123410275513,5c84fe1e7a79c5fb4b9e6f0ea2c6ce0b9992683928dcc670550b207162a3f810,2,tucker_frozen,5,2
cells/tucker_frozen__random_static_16__r3.npz,spatial_transformer,0.3269230769230769,random_static_16,2.048841919382354,f6b44ccb2b7e7b4aa66ef584eb568f75ad28191f03f93c4ecf5f44dba56c2499,3,tucker_frozen,5,2
cells/tucker_frozen__random_static_16__r4.npz,spatial_transformer,0.34615384615384615,random_static_16,1.9189748745024409,dd015f238d5ddd8ba58af1aa0a5fe2646971992af683145d9c8b32ff1d3584ed,4,tucker_frozen,5,2
cells/tucker_frozen__dynamic_random_16__r0.npz,spatial_transformer,0.32692307692307687,dynamic_random_16,1.9024575402139392,3df7854b11e0da2983364559c48ebf2abc252deb731237c997c7857567fcfd78,0,tucker_frozen,5,2
cells/tucker_frozen__dynamic_random_16__r1.npz,spatial_transformer,0.4230769230769231,dynamic_random_16,1.7457336187192856,950136913aaf51dd50719d5cee13b48ca6b85e171dbe04984c42ae270bfd21f4,1,tucker_frozen,5,2
cells/tucker_frozen__dynamic_random_16__r2.npz,spatial_transformer,0.38461538461538464,dynamic_random_16,1.6344520168007013,1e837a6c6c83b9e56f719bcd1f0042c5eaaffa4450a5f64812fc6b9311b39564,2,tucker_frozen,5,2
cells/tucker_frozen__dynamic_random_16__r3.npz,spatial_transformer,0.326923076923077,dynamic_random_16,2.256599016868165,b5e4d673ca07e3d463a2214f01a8614fdc2f46710eae0d9a32c1de7b17ccc0ba,3,tucker_frozen,5,2
cells/tucker_frozen__dynamic_random_16__r4.npz,spatial_transformer,0.38461538461538464,dynamic_random_16,1.8766895568455537,5187f526c65a0081eddd985e349b76f959885f94388060ee18643032416bf610,4,tucker_frozen,5,2
cells/tucker_frozen__random_static_6__r0.npz,spatial_transformer,0.3076923076923077,random_static_6,2.4628423010881173,01b0afe61ac70b2978e483b506a32db802f9d1fb9de7a020d676eb60100ff814,0,tucker_frozen,5,2
cells/tucker_frozen__random_static_6__r1.npz,spatial_transformer,0.32692307692307687,random_static_6,2.3760049445318874,1ff5fcb0f5ee3ec21c59b55cb290f2daf567173d2f6aa19f32a3a1e3f84e11d9,1,tucker_frozen,5,2
cells/tucker_frozen__random_static_6__r2.npz,spatial_transformer,0.3846153846153846,random_static_6,1.6953281417497867,8e4df63dadf660c220773e9a9747acc79631069337738445cebc0d7bd6c44eef,2,tucker_frozen,5,2
cells/tucker_frozen__random_static_6__r3.npz,spatial_transformer,0.38461538461538464,random_static_6,1.9190343121782831,3549ce080370c2ed5aaaf327a2298f7a05e943ef61fcbc72a86b0608d0a7f91f,3,tucker_frozen,5,2
cells/tucker_frozen__random_static_6__r4.npz,spatial_transformer,0.34615384615384615,random_static_6,2.3594697539084297,a9328a170cca5c9eebf4ae7b7d6b374637a46d93a8761dfc57dece36a44fd482,4,tucker_frozen,5,2
cells/tucker_frozen__dynamic_random_6__r0.npz,spatial_transformer,0.25,dynamic_random_6,2.5418511371484933,73658d4feb0fe348099ce2a92a177f6f4cfd233eaaf12e97f22bebb7a08af322,0,tucker_frozen,5,2
cells/tucker_frozen__dynamic_random_6__r1.npz,spatial_transformer,0.3846153846153846,dynamic_random_6,2.054297429185975,257dab8bd66e59038b166fd8c700bfcec75c55b706cf554315cf0878ef3436c7,1,tucker_frozen,5,2
cells/tucker_frozen__dynamic_random_6__r2.npz,spatial_transformer,0.3076923076923077,dynamic_random_6,2.3672386896779765,48c02d85938ec9ced9a7daedb24610d4a926e293cbbfb34e1e9c688abdc236b2,2,tucker_frozen,5,2
cells/tucker_frozen__dynamic_random_6__r3.npz,spatial_transformer,0.3653846153846154,dynamic_random_6,2.0480527032934273,3f8e42f9c153c641906acaa5937ed543962f994e830285eb4d9071347d10f1a7,3,tucker_frozen,5,2
cells/tucker_frozen__dynamic_random_6__r4.npz,spatial_transformer,0.25,dynamic_random_6,2.3795733615006123,d6a60467d2165ce27f1b4e8045a027cef0b56b381803192f901a2417fe83e9b7,4,tucker_frozen,5,2
cells/tucker_learned__full_22__r0.npz,spatial_transformer,0.5384615384615384,full_22,1.2615903874234498,c64dffc2057ca4c256e500ec4bb47973aa3104153d151c42cc1d4e50e1cc303c,0,tucker_learned,5,2
cells/tucker_learned__random_static_16__r0.npz,spatial_transformer,0.3076923076923077,random_static_16,2.270708077670389,035e93fd79588ad51ea159923ec475ff5416b9a39c3661c17f6c9ba52059cc5c,0,tucker_learned,5,2
cells/tucker_learned__random_static_16__r1.npz,spatial_transformer,0.40384615384615385,random_static_16,1.9391100939986972,3ec79fa58653c645c05aa64dc20c170ba5a21a1c2bcac8aa53b8ad9105ac6a8c,1,tucker_learned,5,2
cells/tucker_learned__random_static_16__r2.npz,spatial_transformer,0.42307692307692313,random_static_16,1.5524170991711954,5c84fe1e7a79c5fb4b9e6f0ea2c6ce0b9992683928dcc670550b207162a3f810,2,tucker_learned,5,2
cells/tucker_learned__random_static_16__r3.npz,spatial_transformer,0.32692307692307687,random_static_16,1.9786930226925858,f6b44ccb2b7e7b4aa66ef584eb568f75ad28191f03f93c4ecf5f44dba56c2499,3,tucker_learned,5,2
cells/tucker_learned__random_static_16__r4.npz,spatial_transformer,0.40384615384615385,random_static_16,1.885032131643724,dd015f238d5ddd8ba58af1aa0a5fe2646971992af683145d9c8b32ff1d3584ed,4,tucker_learned,5,2
cells/tucker_learned__dynamic_random_16__r0.npz,spatial_transformer,0.34615384615384615,dynamic_random_16,1.8815853919207965,3df7854b11e0da2983364559c48ebf2abc252deb731237c997c7857567fcfd78,0,tucker_learned,5,2
cells/tucker_learned__dynamic_random_16__r1.npz,spatial_transformer,0.4423076923076923,dynamic_random_16,1.7426153830510185,950136913aaf51dd50719d5cee13b48ca6b85e171dbe04984c42ae270bfd21f4,1,tucker_learned,5,2
cells/tucker_learned__dynamic_random_16__r2.npz,spatial_transformer,0.38461538461538464,dynamic_random_16,1.5880733474056625,1e837a6c6c83b9e56f719bcd1f0042c5eaaffa4450a5f64812fc6b9311b39564,2,tucker_learned,5,2
cells/tucker_learned__dynamic_random_16__r3.npz,spatial_transformer,0.34615384615384615,dynamic_random_16,2.161823803406525,b5e4d673ca07e3d463a2214f01a8614fdc2f46710eae0d9a32c1de7b17ccc0ba,3,tucker_learned,5,2
cells/tucker_learned__dynamic_random_16__r4.npz,spatial_transformer,0.40384615384615385,dynamic_random_16,1.825066330365289,5187f526c65a0081eddd985e349b76f959885f94388060ee18643032416bf610,4,tucker_learned,5,2
cells/tucker_learned__random_static_6__r0.npz,spatial_transformer,0.3076923076923077,random_static_6,2.426635759421354,01b0afe61ac70b2978e483b506a32db802f9d1fb9de7a020d676eb60100ff814,0,tucker_learned,5,2
cells/tucker_learned__random_static_6__r1.npz,spatial_transformer,0.3076923076923077,random_static_6,2.2638499146335374,1ff5fcb0f5ee3ec21c59b55cb290f2daf567173d2f6aa19f32a3a1e3f84e11d9,1,tucker_learned,5,2
cells/tucker_learned__random_static_6__r2.npz,spatial_transformer,0.4615384615384615,random_static_6,1.5408986877577333,8e4df63dadf660c220773e9a9747acc79631069337738445cebc0d7bd6c44eef,2,tucker_learned,5,2
cells/tucker_learned__random_static_6__r3.npz,spatial_transformer,0.3653846153846154,random_static_6,1.8410031182852509,3549ce080370c2ed5aaaf327a2298f7a05e943ef61fcbc72a86b0608d0a7f91f,3,tucker_learned,5,2
cells/tucker_learned__random_static_6__r4.npz,spatial_transformer,0.3269230769230769,random_static_6,2.347346955884998,a9328a170cca5c9eebf4ae7b7d6b374637a46d93a8761dfc57dece36a44fd482,4,tucker_learned,5,2
cells/tucker_learned__dynamic_random_6__r0.npz,spatial_transformer,0.21153846153846156,dynamic_random_6,2.493022932234983,73658d4feb0fe348099ce2a92a177f6f4cfd233eaaf12e97f22bebb7a08af322,0,tucker_learned,5,2
cells/tucker_learned__dynamic_random_6__r1.npz,spatial_transformer,0.38461538461538464,dynamic_random_6,1.917582777015286,257dab8bd66e59038b166fd8c700bfcec75c55b706cf554315cf0878ef3436c7,1,tucker_learned,5,2
cells/tucker_learned__dynamic_random_6__r2.npz,spatial_transformer,0.3269230769230769,dynamic_random_6,2.213997542515562,48c02d85938ec9ced9a7daedb24610d4a926e293cbbfb34e1e9c688abdc236b2,2,tucker_learned,5,2
cells/tucker_learned__dynamic_random_6__r3.npz,spatial_transformer,0.34615384615384615,dynamic_random_6,1.9754477696522594,3f8e42f9c153c641906acaa5937ed543962f994e830285eb4d9071347d10f1a7,3,tucker_learned,5,2
cells/tucker_learned__dynamic_random_6__r4.npz,spatial_transformer,0.2692307692307692,dynamic_random_6,2.173854583216259,d6a60467d2165ce27f1b4e8045a027cef0b56b381803192f901a2417fe83e9b7,4,tucker_learned,5,2
cells/zero__full_22__r0.npz,spatial_transformer,0.509090909090909,full_22,1.7469232487765545,259539ab7304adec001adfecb995115dee71ffb1fd8b99393228f1f67cc1e8b1,0,zero,6,0
cells/zero__random_static_16__r0.npz,spatial_transformer,0.325,random_static_16,1.829492657268915,ecd112e83fa134419a93cde37f90fd06a8d0d1b5e8949fb3bea5c3329e64b157,0,zero,6,0
cells/zero__random_static_16__r1.npz,spatial_transformer,0.2772727272727273,random_static_16,1.9494852967548175,510bb5a80936501eabb16301e364d4eda485421e200b2ffae4f1d160a1c8e011,1,zero,6,0
cells/zero__random_static_16__r2.npz,spatial_transformer,0.25681818181818183,random_static_16,2.109906266518075,ca6349635cec8838f55fa738ed54d26f483e18be1793cd9e0185dcf36f30c20f,2,zero,6,0
cells/zero__random_static_16__r3.npz,spatial_transformer,0.4409090909090909,random_static_16,2.0490220725196266,0471c6cf248d3930074653476af90bc1ba2c152df6fc1cbe4cbd341c294c1312,3,zero,6,0
cells/zero__random_static_16__r4.npz,spatial_transformer,0.22727272727272727,random_static_16,2.239771692737131,a8966462a7eadd900ff75814bbb3c4b290bb13c6ad2552fea44a2267cdd5c3cb,4,zero,6,0
cells/zero__dynamic_random_16__r0.npz,spatial_transformer,0.29772727272727273,dynamic_random_16,2.1789886226982613,fb4bd83e61f9148fe3b82abbe18dadc2020b91113a5d0ecc3408b30ab7cd6ffe,0,zero,6,0
cells/zero__dynamic_random_16__r1.npz,spatial_transformer,0.3477272727272727,dynamic_random_16,2.0727180025099607,7984e5cbe3a9a0ad5d0afe50686dd0a597dca752c4babcd490a4ef78f984a8e4,1,zero,6,0
cells/zero__dynamic_random_16__r2.npz,spatial_transformer,0.4136363636363637,dynamic_random_16,2.1008496156333307,d5deacb2ed78545c498de86b85eca6f316a8a51e7c8dc51a72fd4a52a20fa36d,2,zero,6,0
cells/zero__dynamic_random_16__r3.npz,spatial_transformer,0.3954545454545455,dynamic_random_16,1.8288123076795266,86e2113bea92c139b4e6e97ddf9430a120e3d3e7f0f708b745a7ee04d7d0e8d3,3,zero,6,0
cells/zero__dynamic_random_16__r4.npz,spatial_transformer,0.2954545454545454,dynamic_random_16,2.0511643966190003,21b9a248cfa3cd70002669500aa3cd105b1a4b4d9fff16974d9ccaecf9beffe9,4,zero,6,0
cells/zero__random_static_6__r0.npz,spatial_transformer,0.20454545454545456,random_static_6,2.0499583976066016,9260a740ac3ced08589b282fc74c3aca49e9ce03869c03fe2c621909cb8befac,0,zero,6,0
cells/zero__random_static_6__r1.npz,spatial_transformer,0.32045454545454544,random_static_6,2.141261680850331,7b39008ad62c335f7c9a52c8968c35300a083e80a98da3534faeceade315fefc,1,zero,6,0
cells/zero__random_static_6__r2.npz,spatial_transformer,0.2545454545454545,random_static_6,2.587468426624295,87378048f96968017c9c9e4b7e76fe2241aaf80285f9f3e136f70f08f2afe48d,2,zero,6,0
cells/zero__random_static_6__r3.npz,spatial_transformer,0.20681818181818182,random_static_6,2.215206095572979,77c21e73c3b8f7842b49a44e9a72090ef4ccc97c560627f16e1ef873015b9519,3,zero,6,0
cells/zero__random_static_6__r4.npz,spatial_transformer,0.3,random_static_6,2.3705249839517184,af553e3c7d2ccb487b59a432baecdd89f94ce31a9a5694eec2c03ef98542f374,4,zero,6,0
cells/zero__dynamic_random_6__r0.npz,spatial_transformer,0.20454545454545453,dynamic_random_6,2.1515192179756397,894ad62f2c4eec1b1b526de40618f00d5c5cb225e68cfb58ba88ce788ad94c31,0,zero,6,0
cells/zero__dynamic_random_6__r1.npz,spatial_transformer,0.18181818181818182,dynamic_random_6,2.7743371697552877,07e5ddac50cc0574acc8cbd4414e955ef743b339fb994208a04e29aceb3789ce,1,zero,6,0
cells/zero__dynamic_random_6__r2.npz,spatial_transformer,0.27499999999999997,dynamic_random_6,2.3707594253941386,56ade99a0d60d6156cec6fff25522bf917feb1cb02f6248457411fecc3b3fd87,2,zero,6,0
cells/zero__dynamic_random_6__r3.npz,spatial_transformer,0.22954545454545455,dynamic_random_6,2.6170588782948174,2b588d279807f59c1e79b0ce2930dcf4b7906ffed94668c54c95bade1bd2c220,3,zero,6,0
cells/zero__dynamic_random_6__r4.npz,spatial_transformer,0.18181818181818182,dynamic_random_6,2.2388044754285277,3e2d160ca7f65802666d76daa49ab90c7acd5cfd07fea4a53e4c813aba23e944,4,zero,6,0
cells/covariance_frozen__full_22__r0.npz,spatial_transformer,0.509090909090909,full_22,1.7469232487765545,259539ab7304adec001adfecb995115dee71ffb1fd8b99393228f1f67cc1e8b1,0,covariance_frozen,6,0
cells/covariance_frozen__random_static_16__r0.npz,spatial_transformer,0.3931818181818182,random_static_16,1.8323140509593836,ecd112e83fa134419a93cde37f90fd06a8d0d1b5e8949fb3bea5c3329e64b157,0,covariance_frozen,6,0
cells/covariance_frozen__random_static_16__r1.npz,spatial_transformer,0.36590909090909096,random_static_16,1.6856963581771809,510bb5a80936501eabb16301e364d4eda485421e200b2ffae4f1d160a1c8e011,1,covariance_frozen,6,0
cells/covariance_frozen__random_static_16__r2.npz,spatial_transformer,0.3931818181818182,random_static_16,1.8620504280924848,ca6349635cec8838f55fa738ed54d26f483e18be1793cd9e0185dcf36f30c20f,2,covariance_frozen,6,0
cells/covariance_frozen__random_static_16__r3.npz,spatial_transformer,0.48636363636363633,random_static_16,1.7590459920563486,0471c6cf248d3930074653476af90bc1ba2c152df6fc1cbe4cbd341c294c1312,3,covariance_frozen,6,0
cells/covariance_frozen__random_static_16__r4.npz,spatial_transformer,0.43636363636363634,random_static_16,1.7769767739025062,a8966462a7eadd900ff75814bbb3c4b290bb13c6ad2552fea44a2267cdd5c3cb,4,covariance_frozen,6,0
cells/covariance_frozen__dynamic_random_16__r0.npz,spatial_transformer,0.34545454545454546,dynamic_random_16,1.8386802843096488,fb4bd83e61f9148fe3b82abbe18dadc2020b91113a5d0ecc3408b30ab7cd6ffe,0,covariance_frozen,6,0
cells/covariance_frozen__dynamic_random_16__r1.npz,spatial_transformer,0.4181818181818182,dynamic_random_16,1.8852951865703826,7984e5cbe3a9a0ad5d0afe50686dd0a597dca752c4babcd490a4ef78f984a8e4,1,covariance_frozen,6,0
cells/covariance_frozen__dynamic_random_16__r2.npz,spatial_transformer,0.43863636363636366,dynamic_random_16,1.8076503641177075,d5deacb2ed78545c498de86b85eca6f316a8a51e7c8dc51a72fd4a52a20fa36d,2,covariance_frozen,6,0
cells/covariance_frozen__dynamic_random_16__r3.npz,spatial_transformer,0.4159090909090909,dynamic_random_16,1.79525363591807,86e2113bea92c139b4e6e97ddf9430a120e3d3e7f0f708b745a7ee04d7d0e8d3,3,covariance_frozen,6,0
cells/covariance_frozen__dynamic_random_16__r4.npz,spatial_transformer,0.4113636363636364,dynamic_random_16,1.738896449266491,21b9a248cfa3cd70002669500aa3cd105b1a4b4d9fff16974d9ccaecf9beffe9,4,covariance_frozen,6,0
cells/covariance_frozen__random_static_6__r0.npz,spatial_transformer,0.2727272727272727,random_static_6,2.1047857538627386,9260a740ac3ced08589b282fc74c3aca49e9ce03869c03fe2c621909cb8befac,0,covariance_frozen,6,0
cells/covariance_frozen__random_static_6__r1.npz,spatial_transformer,0.3931818181818182,random_static_6,2.0411911691919413,7b39008ad62c335f7c9a52c8968c35300a083e80a98da3534faeceade315fefc,1,covariance_frozen,6,0
cells/covariance_frozen__random_static_6__r2.npz,spatial_transformer,0.32499999999999996,random_static_6,2.0907149785337156,87378048f96968017c9c9e4b7e76fe2241aaf80285f9f3e136f70f08f2afe48d,2,covariance_frozen,6,0
cells/covariance_frozen__random_static_6__r3.npz,spatial_transformer,0.3659090909090909,random_static_6,1.916419459355473,77c21e73c3b8f7842b49a44e9a72090ef4ccc97c560627f16e1ef873015b9519,3,covariance_frozen,6,0
cells/covariance_frozen__random_static_6__r4.npz,spatial_transformer,0.3909090909090909,random_static_6,2.077022453442898,af553e3c7d2ccb487b59a432baecdd89f94ce31a9a5694eec2c03ef98542f374,4,covariance_frozen,6,0
cells/covariance_frozen__dynamic_random_6__r0.npz,spatial_transformer,0.3704545454545455,dynamic_random_6,1.8567988728808147,894ad62f2c4eec1b1b526de40618f00d5c5cb225e68cfb58ba88ce788ad94c31,0,covariance_frozen,6,0
cells/covariance_frozen__dynamic_random_6__r1.npz,spatial_transformer,0.2068181818181818,dynamic_random_6,2.207282297580823,07e5ddac50cc0574acc8cbd4414e955ef743b339fb994208a04e29aceb3789ce,1,covariance_frozen,6,0
cells/covariance_frozen__dynamic_random_6__r2.npz,spatial_transformer,0.3227272727272727,dynamic_random_6,2.0524266900901518,56ade99a0d60d6156cec6fff25522bf917feb1cb02f6248457411fecc3b3fd87,2,covariance_frozen,6,0
cells/covariance_frozen__dynamic_random_6__r3.npz,spatial_transformer,0.2772727272727273,dynamic_random_6,2.2496320241774925,2b588d279807f59c1e79b0ce2930dcf4b7906ffed94668c54c95bade1bd2c220,3,covariance_frozen,6,0
cells/covariance_frozen__dynamic_random_6__r4.npz,spatial_transformer,0.3931818181818182,dynamic_random_6,2.021773542552078,3e2d160ca7f65802666d76daa49ab90c7acd5cfd07fea4a53e4c813aba23e944,4,covariance_frozen,6,0
cells/covariance_learned__full_22__r0.npz,spatial_transformer,0.509090909090909,full_22,1.7469232487765545,259539ab7304adec001adfecb995115dee71ffb1fd8b99393228f1f67cc1e8b1,0,covariance_learned,6,0
cells/covariance_learned__random_static_16__r0.npz,spatial_transformer,0.3931818181818182,random_static_16,1.7275335690955707,ecd112e83fa134419a93cde37f90fd06a8d0d1b5e8949fb3bea5c3329e64b157,0,covariance_learned,6,0
cells/covariance_learned__random_static_16__r1.npz,spatial_transformer,0.3704545454545455,random_static_16,1.5890198753621976,510bb5a80936501eabb16301e364d4eda485421e200b2ffae4f1d160a1c8e011,1,covariance_learned,6,0
cells/covariance_learned__random_static_16__r2.npz,spatial_transformer,0.4159090909090909,random_static_16,1.8059886049711569,ca6349635cec8838f55fa738ed54d26f483e18be1793cd9e0185dcf36f30c20f,2,covariance_learned,6,0
cells/covariance_learned__random_static_16__r3.npz,spatial_transformer,0.4386363636363636,random_static_16,1.739001883836489,0471c6cf248d3930074653476af90bc1ba2c152df6fc1cbe4cbd341c294c1312,3,covariance_learned,6,0
cells/covariance_learned__random_static_16__r4.npz,spatial_transformer,0.46136363636363636,random_static_16,1.7319666370726972,a8966462a7eadd900ff75814bbb3c4b290bb13c6ad2552fea44a2267cdd5c3cb,4,covariance_learned,6,0
cells/covariance_learned__dynamic_random_16__r0.npz,spatial_transformer,0.3931818181818182,dynamic_random_16,1.821843970163516,fb4bd83e61f9148fe3b82abbe18dadc2020b91113a5d0ecc3408b30ab7cd6ffe,0,covariance_learned,6,0
cells/covariance_learned__dynamic_random_16__r1.npz,spatial_transformer,0.4636363636363636,dynamic_random_16,1.7907998752985126,7984e5cbe3a9a0ad5d0afe50686dd0a597dca752c4babcd490a4ef78f984a8e4,1,covariance_learned,6,0
cells/covariance_learned__dynamic_random_16__r2.npz,spatial_transformer,0.4159090909090909,dynamic_random_16,1.7482840339978338,d5deacb2ed78545c498de86b85eca6f316a8a51e7c8dc51a72fd4a52a20fa36d,2,covariance_learned,6,0
cells/covariance_learned__dynamic_random_16__r3.npz,spatial_transformer,0.3931818181818182,dynamic_random_16,1.748714292665788,86e2113bea92c139b4e6e97ddf9430a120e3d3e7f0f708b745a7ee04d7d0e8d3,3,covariance_learned,6,0
cells/covariance_learned__dynamic_random_16__r4.npz,spatial_transformer,0.43863636363636366,dynamic_random_16,1.707438766636146,21b9a248cfa3cd70002669500aa3cd105b1a4b4d9fff16974d9ccaecf9beffe9,4,covariance_learned,6,0
cells/covariance_learned__random_static_6__r0.npz,spatial_transformer,0.34545454545454546,random_static_6,1.8944777467718052,9260a740ac3ced08589b282fc74c3aca49e9ce03869c03fe2c621909cb8befac,0,covariance_learned,6,0
cells/covariance_learned__random_static_6__r1.npz,spatial_transformer,0.3931818181818182,random_static_6,1.9089734428078264,7b39008ad62c335f7c9a52c8968c35300a083e80a98da3534faeceade315fefc,1,covariance_learned,6,0
cells/covariance_learned__random_static_6__r2.npz,spatial_transformer,0.32499999999999996,random_static_6,1.862442060618487,87378048f96968017c9c9e4b7e76fe2241aaf80285f9f3e136f70f08f2afe48d,2,covariance_learned,6,0
cells/covariance_learned__random_static_6__r3.npz,spatial_transformer,0.43636363636363634,random_static_6,1.7178044519787057,77c21e73c3b8f7842b49a44e9a72090ef4ccc97c560627f16e1ef873015b9519,3,covariance_learned,6,0
cells/covariance_learned__random_static_6__r4.npz,spatial_transformer,0.34545454545454546,random_static_6,1.8989309538264427,af553e3c7d2ccb487b59a432baecdd89f94ce31a9a5694eec2c03ef98542f374,4,covariance_learned,6,0
cells/covariance_learned__dynamic_random_6__r0.npz,spatial_transformer,0.3931818181818182,dynamic_random_6,1.775468770896648,894ad62f2c4eec1b1b526de40618f00d5c5cb225e68cfb58ba88ce788ad94c31,0,covariance_learned,6,0
cells/covariance_learned__dynamic_random_6__r1.npz,spatial_transformer,0.30000000000000004,dynamic_random_6,2.012891801809667,07e5ddac50cc0574acc8cbd4414e955ef743b339fb994208a04e29aceb3789ce,1,covariance_learned,6,0
cells/covariance_learned__dynamic_random_6__r2.npz,spatial_transformer,0.4386363636363636,dynamic_random_6,1.8755528042125382,56ade99a0d60d6156cec6fff25522bf917feb1cb02f6248457411fecc3b3fd87,2,covariance_learned,6,0
cells/covariance_learned__dynamic_random_6__r3.npz,spatial_transformer,0.34545454545454546,dynamic_random_6,1.9134956214052274,2b588d279807f59c1e79b0ce2930dcf4b7906ffed94668c54c95bade1bd2c220,3,covariance_learned,6,0
cells/covariance_learned__dynamic_random_6__r4.npz,spatial_transformer,0.3704545454545454,dynamic_random_6,1.8805331492354853,3e2d160ca7f65802666d76daa49ab90c7acd5cfd07fea4a53e4c813aba23e944,4,covariance_learned,6,0
cells/tucker_frozen__full_22__r0.npz,spatial_transformer,0.509090909090909,full_22,1.7469232487765545,259539ab7304adec001adfecb995115dee71ffb1fd8b99393228f1f67cc1e8b1,0,tucker_frozen,6,0
cells/tucker_frozen__random_static_16__r0.npz,spatial_transformer,0.48636363636363633,random_static_16,1.6272921027792224,ecd112e83fa134419a93cde37f90fd06a8d0d1b5e8949fb3bea5c3329e64b157,0,tucker_frozen,6,0
cells/tucker_frozen__random_static_16__r1.npz,spatial_transformer,0.3409090909090909,random_static_16,1.8044426486612304,510bb5a80936501eabb16301e364d4eda485421e200b2ffae4f1d160a1c8e011,1,tucker_frozen,6,0
cells/tucker_frozen__random_static_16__r2.npz,spatial_transformer,0.27954545454545454,random_static_16,1.9699231771048704,ca6349635cec8838f55fa738ed54d26f483e18be1793cd9e0185dcf36f30c20f,2,tucker_frozen,6,0
cells/tucker_frozen__random_static_16__r3.npz,spatial_transformer,0.3727272727272727,random_static_16,1.8600831086925997,0471c6cf248d3930074653476af90bc1ba2c152df6fc1cbe4cbd341c294c1312,3,tucker_frozen,6,0
cells/tucker_frozen__random_static_16__r4.npz,spatial_transformer,0.25227272727272726,random_static_16,2.1492319469797554,a8966462a7eadd900ff75814bbb3c4b290bb13c6ad2552fea44a2267cdd5c3cb,4,tucker_frozen,6,0
cells/tucker_frozen__dynamic_random_16__r0.npz,spatial_transformer,0.3409090909090909,dynamic_random_16,2.058848038177267,fb4bd83e61f9148fe3b82abbe18dadc2020b91113a5d0ecc3408b30ab7cd6ffe,0,tucker_frozen,6,0
cells/tucker_frozen__dynamic_random_16__r1.npz,spatial_transformer,0.32272727272727275,dynamic_random_16,2.050721323092903,7984e5cbe3a9a0ad5d0afe50686dd0a597dca752c4babcd490a4ef78f984a8e4,1,tucker_frozen,6,0
cells/tucker_frozen__dynamic_random_16__r2.npz,spatial_transformer,0.39090909090909093,dynamic_random_16,2.09679048743662,d5deacb2ed78545c498de86b85eca6f316a8a51e7c8dc51a72fd4a52a20fa36d,2,tucker_frozen,6,0
cells/tucker_frozen__dynamic_random_16__r3.npz,spatial_transformer,0.38863636363636367,dynamic_random_16,1.7567764206011132,86e2113bea92c139b4e6e97ddf9430a120e3d3e7f0f708b745a7ee04d7d0e8d3,3,tucker_frozen,6,0
cells/tucker_frozen__dynamic_random_16__r4.npz,spatial_transformer,0.3,dynamic_random_16,2.0144412903435622,21b9a248cfa3cd70002669500aa3cd105b1a4b4d9fff16974d9ccaecf9beffe9,4,tucker_frozen,6,0
cells/tucker_frozen__random_static_6__r0.npz,spatial_transformer,0.2772727272727273,random_static_6,2.3173240460990487,9260a740ac3ced08589b282fc74c3aca49e9ce03869c03fe2c621909cb8befac,0,tucker_frozen,6,0
cells/tucker_frozen__random_static_6__r1.npz,spatial_transformer,0.3204545454545455,random_static_6,2.3041267100139002,7b39008ad62c335f7c9a52c8968c35300a083e80a98da3534faeceade315fefc,1,tucker_frozen,6,0
cells/tucker_frozen__random_static_6__r2.npz,spatial_transformer,0.2954545454545454,random_static_6,2.625658461118792,87378048f96968017c9c9e4b7e76fe2241aaf80285f9f3e136f70f08f2afe48d,2,tucker_frozen,6,0
cells/tucker_frozen__random_static_6__r3.npz,spatial_transformer,0.18181818181818182,random_static_6,2.581484627269255,77c21e73c3b8f7842b49a44e9a72090ef4ccc97c560627f16e1ef873015b9519,3,tucker_frozen,6,0
cells/tucker_frozen__random_static_6__r4.npz,spatial_transformer,0.25,random_static_6,2.748823027363496,af553e3c7d2ccb487b59a432baecdd89f94ce31a9a5694eec2c03ef98542f374,4,tucker_frozen,6,0
cells/tucker_frozen__dynamic_random_6__r0.npz,spatial_transformer,0.2272727272727273,dynamic_random_6,2.4871152931336455,894ad62f2c4eec1b1b526de40618f00d5c5cb225e68cfb58ba88ce788ad94c31,0,tucker_frozen,6,0
cells/tucker_frozen__dynamic_random_6__r1.npz,spatial_transformer,0.2727272727272727,dynamic_random_6,2.791464048788987,07e5ddac50cc0574acc8cbd4414e955ef743b339fb994208a04e29aceb3789ce,1,tucker_frozen,6,0
cells/tucker_frozen__dynamic_random_6__r2.npz,spatial_transformer,0.2727272727272727,dynamic_random_6,2.7835813770248587,56ade99a0d60d6156cec6fff25522bf917feb1cb02f6248457411fecc3b3fd87,2,tucker_frozen,6,0
cells/tucker_frozen__dynamic_random_6__r3.npz,spatial_transformer,0.22727272727272727,dynamic_random_6,2.869759099880294,2b588d279807f59c1e79b0ce2930dcf4b7906ffed94668c54c95bade1bd2c220,3,tucker_frozen,6,0
cells/tucker_frozen__dynamic_random_6__r4.npz,spatial_transformer,0.25,dynamic_random_6,2.526570009054256,3e2d160ca7f65802666d76daa49ab90c7acd5cfd07fea4a53e4c813aba23e944,4,tucker_frozen,6,0
cells/tucker_learned__full_22__r0.npz,spatial_transformer,0.509090909090909,full_22,1.7469232487765545,259539ab7304adec001adfecb995115dee71ffb1fd8b99393228f1f67cc1e8b1,0,tucker_learned,6,0
cells/tucker_learned__random_static_16__r0.npz,spatial_transformer,0.4181818181818182,random_static_16,1.6780673330994318,ecd112e83fa134419a93cde37f90fd06a8d0d1b5e8949fb3bea5c3329e64b157,0,tucker_learned,6,0
cells/tucker_learned__random_static_16__r1.npz,spatial_transformer,0.2727272727272727,random_static_16,1.7704779624939093,510bb5a80936501eabb16301e364d4eda485421e200b2ffae4f1d160a1c8e011,1,tucker_learned,6,0
cells/tucker_learned__random_static_16__r2.npz,spatial_transformer,0.3477272727272727,random_static_16,2.007379830640208,ca6349635cec8838f55fa738ed54d26f483e18be1793cd9e0185dcf36f30c20f,2,tucker_learned,6,0
cells/tucker_learned__random_static_16__r3.npz,spatial_transformer,0.3477272727272727,random_static_16,1.9349199419174035,0471c6cf248d3930074653476af90bc1ba2c152df6fc1cbe4cbd341c294c1312,3,tucker_learned,6,0
cells/tucker_learned__random_static_16__r4.npz,spatial_transformer,0.34545454545454546,random_static_16,2.044468336216727,a8966462a7eadd900ff75814bbb3c4b290bb13c6ad2552fea44a2267cdd5c3cb,4,tucker_learned,6,0
cells/tucker_learned__dynamic_random_16__r0.npz,spatial_transformer,0.36818181818181817,dynamic_random_16,2.0382978927265163,fb4bd83e61f9148fe3b82abbe18dadc2020b91113a5d0ecc3408b30ab7cd6ffe,0,tucker_learned,6,0
cells/tucker_learned__dynamic_random_16__r1.npz,spatial_transformer,0.35000000000000003,dynamic_random_16,1.9187347024652797,7984e5cbe3a9a0ad5d0afe50686dd0a597dca752c4babcd490a4ef78f984a8e4,1,tucker_learned,6,0
cells/tucker_learned__dynamic_random_16__r2.npz,spatial_transformer,0.4818181818181818,dynamic_random_16,2.0002277541384026,d5deacb2ed78545c498de86b85eca6f316a8a51e7c8dc51a72fd4a52a20fa36d,2,tucker_learned,6,0
cells/tucker_learned__dynamic_random_16__r3.npz,spatial_transformer,0.41363636363636364,dynamic_random_16,1.5657662249169533,86e2113bea92c139b4e6e97ddf9430a120e3d3e7f0f708b745a7ee04d7d0e8d3,3,tucker_learned,6,0
cells/tucker_learned__dynamic_random_16__r4.npz,spatial_transformer,0.3,dynamic_random_16,2.0165126647255476,21b9a248cfa3cd70002669500aa3cd105b1a4b4d9fff16974d9ccaecf9beffe9,4,tucker_learned,6,0
cells/tucker_learned__random_static_6__r0.npz,spatial_transformer,0.36590909090909096,random_static_6,1.8314644759918517,9260a740ac3ced08589b282fc74c3aca49e9ce03869c03fe2c621909cb8befac,0,tucker_learned,6,0
cells/tucker_learned__random_static_6__r1.npz,spatial_transformer,0.3886363636363636,random_static_6,1.83264762873767,7b39008ad62c335f7c9a52c8968c35300a083e80a98da3534faeceade315fefc,1,tucker_learned,6,0
cells/tucker_learned__random_static_6__r2.npz,spatial_transformer,0.2545454545454545,random_static_6,2.2505659043253665,87378048f96968017c9c9e4b7e76fe2241aaf80285f9f3e136f70f08f2afe48d,2,tucker_learned,6,0
cells/tucker_learned__random_static_6__r3.npz,spatial_transformer,0.18181818181818182,random_static_6,2.0080880679643016,77c21e73c3b8f7842b49a44e9a72090ef4ccc97c560627f16e1ef873015b9519,3,tucker_learned,6,0
cells/tucker_learned__random_static_6__r4.npz,spatial_transformer,0.25,random_static_6,2.1223082604987975,af553e3c7d2ccb487b59a432baecdd89f94ce31a9a5694eec2c03ef98542f374,4,tucker_learned,6,0
cells/tucker_learned__dynamic_random_6__r0.npz,spatial_transformer,0.3659090909090909,dynamic_random_6,1.6221625038682321,894ad62f2c4eec1b1b526de40618f00d5c5cb225e68cfb58ba88ce788ad94c31,0,tucker_learned,6,0
cells/tucker_learned__dynamic_random_6__r1.npz,spatial_transformer,0.3227272727272727,dynamic_random_6,2.111423423922393,07e5ddac50cc0574acc8cbd4414e955ef743b339fb994208a04e29aceb3789ce,1,tucker_learned,6,0
cells/tucker_learned__dynamic_random_6__r2.npz,spatial_transformer,0.29772727272727273,dynamic_random_6,2.0388047547089982,56ade99a0d60d6156cec6fff25522bf917feb1cb02f6248457411fecc3b3fd87,2,tucker_learned,6,0
cells/tucker_learned__dynamic_random_6__r3.npz,spatial_transformer,0.2272727272727273,dynamic_random_6,2.160021761148748,2b588d279807f59c1e79b0ce2930dcf4b7906ffed94668c54c95bade1bd2c220,3,tucker_learned,6,0
cells/tucker_learned__dynamic_random_6__r4.npz,spatial_transformer,0.3181818181818182,dynamic_random_6,1.8365953135750452,3e2d160ca7f65802666d76daa49ab90c7acd5cfd07fea4a53e4c813aba23e944,4,tucker_learned,6,0
cells/zero__full_22__r0.npz,spatial_transformer,0.41363636363636364,full_22,1.8252730826796626,259539ab7304adec001adfecb995115dee71ffb1fd8b99393228f1f67cc1e8b1,0,zero,6,1
cells/zero__random_static_16__r0.npz,spatial_transformer,0.4159090909090909,random_static_16,2.3682363116420735,7f772da89b31ee95f477e1eaa3b0ccc3d9f02a2594c318264ac7885251e99684,0,zero,6,1
cells/zero__random_static_16__r1.npz,spatial_transformer,0.30000000000000004,random_static_16,2.184828383204653,0b5c8f5f3da16b64e10289ff753f96151d5e8e8f184ffa6d976571e17c53d2ba,1,zero,6,1
cells/zero__random_static_16__r2.npz,spatial_transformer,0.22954545454545455,random_static_16,2.25900755201824,5a1eedacebb63fc594666a9706b1e8fbba8d856498bd5eb573239c615062bcd2,2,zero,6,1
cells/zero__random_static_16__r3.npz,spatial_transformer,0.3909090909090909,random_static_16,1.9372795142655759,2cec8f488bc0624c175ee20c72aee6e3ca9b36668d29c7fe41f4ed6c539bc73b,3,zero,6,1
cells/zero__random_static_16__r4.npz,spatial_transformer,0.32272727272727275,random_static_16,2.3471660484801755,1363e08466b92342f775e59207e76d64b3aac12052b1c736bcd8cdca0d389cd3,4,zero,6,1
cells/zero__dynamic_random_16__r0.npz,spatial_transformer,0.34318181818181814,dynamic_random_16,1.8489402500335022,258de1a22c9fa175e7161d97b5524d6f34c95c9cedb0fde96b7aaf2d82199e31,0,zero,6,1
cells/zero__dynamic_random_16__r1.npz,spatial_transformer,0.32045454545454544,dynamic_random_16,2.2096200429509962,517bfdcec65fc2b4f57aafb7cd28c672710582820ed1fe438580383cfe66ba25,1,zero,6,1
cells/zero__dynamic_random_16__r2.npz,spatial_transformer,0.3477272727272727,dynamic_random_16,2.1498649656971507,180271532659e0266bba15fc9071296649fb8c0955adafc9e732556282c2c891,2,zero,6,1
cells/zero__dynamic_random_16__r3.npz,spatial_transformer,0.4159090909090909,dynamic_random_16,1.9619336529094005,e287599aa54a4fef2c62944ef7f611c6fa384e1a594eadc55a6b8b9abe2bee05,3,zero,6,1
cells/zero__dynamic_random_16__r4.npz,spatial_transformer,0.41363636363636364,dynamic_random_16,1.9748957339416149,b74f8aa050e7edf5287f04f0e91eb0b460d9961081457c7dc759c28cb4ee559c,4,zero,6,1
cells/zero__random_static_6__r0.npz,spatial_transformer,0.2954545454545454,random_static_6,2.388322873068867,f05e5aefbae7a782f30145f6d79337d9c2b4bff9012f61d9c2043fe768684960,0,zero,6,1
cells/zero__random_static_6__r1.npz,spatial_transformer,0.2727272727272727,random_static_6,2.187924591239423,9a6926ea7df33bb3845f050952b2adf23a75590f7bf5cdc783e946f5420d72de,1,zero,6,1
cells/zero__random_static_6__r2.npz,spatial_transformer,0.25,random_static_6,2.6013270976626552,991543c47535a67334841ae1f3dd8a6cc83fd2037bcbdd5c8c2a8fd64f6148a7,2,zero,6,1
cells/zero__random_static_6__r3.npz,spatial_transformer,0.25,random_static_6,2.8001500146077554,131071854f634d4ff8ec67c1e57a2852709f6e4bd2723fdc651e6c11ac974ef2,3,zero,6,1
cells/zero__random_static_6__r4.npz,spatial_transformer,0.3181818181818182,random_static_6,2.6104965303929046,f84f1b4248c42c6041dfeed7d5015bb900a79679c71502c080760101846f272c,4,zero,6,1
cells/zero__dynamic_random_6__r0.npz,spatial_transformer,0.2272727272727273,dynamic_random_6,2.4727527997738057,205dab6e4097f6cd623b18a3725ae380707adcc16affb40a22bc458c509536c7,0,zero,6,1
cells/zero__dynamic_random_6__r1.npz,spatial_transformer,0.22954545454545452,dynamic_random_6,2.1980165965078093,4b308b5f61d59a7319a4b4c2363ff97565c063f066c9cf108bd5ea5007f0f5eb,1,zero,6,1
cells/zero__dynamic_random_6__r2.npz,spatial_transformer,0.22727272727272727,dynamic_random_6,2.1759927938640815,fd4a5e080c6a9058d79393d2112189b5fe1cfdee20d6088b8cda79b874ba7353,2,zero,6,1
cells/zero__dynamic_random_6__r3.npz,spatial_transformer,0.22727272727272727,dynamic_random_6,2.4158596274313986,7429fa0bbc53461df91610f7d8d8b4cad109657293e8f29715ff0545f9687413,3,zero,6,1
cells/zero__dynamic_random_6__r4.npz,spatial_transformer,0.20454545454545453,dynamic_random_6,2.0945396361764375,176d79538d1a313f1e9dfcba61788491f361d13c98cfb7ca5a4249cf92bf7080,4,zero,6,1
cells/covariance_frozen__full_22__r0.npz,spatial_transformer,0.41363636363636364,full_22,1.8252730826796626,259539ab7304adec001adfecb995115dee71ffb1fd8b99393228f1f67cc1e8b1,0,covariance_frozen,6,1
cells/covariance_frozen__random_static_16__r0.npz,spatial_transformer,0.32045454545454544,random_static_16,1.9558847379947104,7f772da89b31ee95f477e1eaa3b0ccc3d9f02a2594c318264ac7885251e99684,0,covariance_frozen,6,1
cells/covariance_frozen__random_static_16__r1.npz,spatial_transformer,0.3,random_static_16,1.9601659380509502,0b5c8f5f3da16b64e10289ff753f96151d5e8e8f184ffa6d976571e17c53d2ba,1,covariance_frozen,6,1
cells/covariance_frozen__random_static_16__r2.npz,spatial_transformer,0.3,random_static_16,1.9635423036049966,5a1eedacebb63fc594666a9706b1e8fbba8d856498bd5eb573239c615062bcd2,2,covariance_frozen,6,1
cells/covariance_frozen__random_static_16__r3.npz,spatial_transformer,0.29772727272727273,random_static_16,2.000859485453855,2cec8f488bc0624c175ee20c72aee6e3ca9b36668d29c7fe41f4ed6c539bc73b,3,covariance_frozen,6,1
cells/covariance_frozen__random_static_16__r4.npz,spatial_transformer,0.32272727272727275,random_static_16,1.9401570465856308,1363e08466b92342f775e59207e76d64b3aac12052b1c736bcd8cdca0d389cd3,4,covariance_frozen,6,1
cells/covariance_frozen__dynamic_random_16__r0.npz,spatial_transformer,0.4136363636363636,dynamic_random_16,1.9563089867820986,258de1a22c9fa175e7161d97b5524d6f34c95c9cedb0fde96b7aaf2d82199e31,0,covariance_frozen,6,1
cells/covariance_frozen__dynamic_random_16__r1.npz,spatial_transformer,0.34545454545454546,dynamic_random_16,2.0271783074591534,517bfdcec65fc2b4f57aafb7cd28c672710582820ed1fe438580383cfe66ba25,1,covariance_frozen,6,1
cells/covariance_frozen__dynamic_random_16__r2.npz,spatial_transformer,0.38863636363636367,dynamic_random_16,1.9066672242959954,180271532659e0266bba15fc9071296649fb8c0955adafc9e732556282c2c891,2,covariance_frozen,6,1
cells/covariance_frozen__dynamic_random_16__r3.npz,spatial_transformer,0.34545454545454546,dynamic_random_16,1.8765167983317361,e287599aa54a4fef2c62944ef7f611c6fa384e1a594eadc55a6b8b9abe2bee05,3,covariance_frozen,6,1
cells/covariance_frozen__dynamic_random_16__r4.npz,spatial_transformer,0.3909090909090909,dynamic_random_16,1.9122535412186425,b74f8aa050e7edf5287f04f0e91eb0b460d9961081457c7dc759c28cb4ee559c,4,covariance_frozen,6,1
cells/covariance_frozen__random_static_6__r0.npz,spatial_transformer,0.36590909090909096,random_static_6,2.480123720331462,f05e5aefbae7a782f30145f6d79337d9c2b4bff9012f61d9c2043fe768684960,0,covariance_frozen,6,1
cells/covariance_frozen__random_static_6__r1.npz,spatial_transformer,0.36590909090909096,random_static_6,2.497747711742768,9a6926ea7df33bb3845f050952b2adf23a75590f7bf5cdc783e946f5420d72de,1,covariance_frozen,6,1
cells/covariance_frozen__random_static_6__r2.npz,spatial_transformer,0.3204545454545455,random_static_6,2.4636734969131804,991543c47535a67334841ae1f3dd8a6cc83fd2037bcbdd5c8c2a8fd64f6148a7,2,covariance_frozen,6,1
cells/covariance_frozen__random_static_6__r3.npz,spatial_transformer,0.3204545454545455,random_static_6,2.3776082453534064,131071854f634d4ff8ec67c1e57a2852709f6e4bd2723fdc651e6c11ac974ef2,3,covariance_frozen,6,1
cells/covariance_frozen__random_static_6__r4.npz,spatial_transformer,0.22954545454545452,random_static_6,2.430549288592957,f84f1b4248c42c6041dfeed7d5015bb900a79679c71502c080760101846f272c,4,covariance_frozen,6,1
cells/covariance_frozen__dynamic_random_6__r0.npz,spatial_transformer,0.29772727272727273,dynamic_random_6,2.389038158871906,205dab6e4097f6cd623b18a3725ae380707adcc16affb40a22bc458c509536c7,0,covariance_frozen,6,1
cells/covariance_frozen__dynamic_random_6__r1.npz,spatial_transformer,0.2522727272727273,dynamic_random_6,2.475219707156352,4b308b5f61d59a7319a4b4c2363ff97565c063f066c9cf108bd5ea5007f0f5eb,1,covariance_frozen,6,1
cells/covariance_frozen__dynamic_random_6__r2.npz,spatial_transformer,0.29772727272727273,dynamic_random_6,2.475861200918145,fd4a5e080c6a9058d79393d2112189b5fe1cfdee20d6088b8cda79b874ba7353,2,covariance_frozen,6,1
cells/covariance_frozen__dynamic_random_6__r3.npz,spatial_transformer,0.3204545454545455,dynamic_random_6,2.5454029176595476,7429fa0bbc53461df91610f7d8d8b4cad109657293e8f29715ff0545f9687413,3,covariance_frozen,6,1
cells/covariance_frozen__dynamic_random_6__r4.npz,spatial_transformer,0.22954545454545452,dynamic_random_6,2.4304446681358343,176d79538d1a313f1e9dfcba61788491f361d13c98cfb7ca5a4249cf92bf7080,4,covariance_frozen,6,1
cells/covariance_learned__full_22__r0.npz,spatial_transformer,0.41363636363636364,full_22,1.8252730826796626,259539ab7304adec001adfecb995115dee71ffb1fd8b99393228f1f67cc1e8b1,0,covariance_learned,6,1
cells/covariance_learned__random_static_16__r0.npz,spatial_transformer,0.36818181818181817,random_static_16,1.840528275592068,7f772da89b31ee95f477e1eaa3b0ccc3d9f02a2594c318264ac7885251e99684,0,covariance_learned,6,1
cells/covariance_learned__random_static_16__r1.npz,spatial_transformer,0.3227272727272727,random_static_16,1.9394058438151107,0b5c8f5f3da16b64e10289ff753f96151d5e8e8f184ffa6d976571e17c53d2ba,1,covariance_learned,6,1
cells/covariance_learned__random_static_16__r2.npz,spatial_transformer,0.3704545454545455,random_static_16,1.7927993548429697,5a1eedacebb63fc594666a9706b1e8fbba8d856498bd5eb573239c615062bcd2,2,covariance_learned,6,1
cells/covariance_learned__random_static_16__r3.npz,spatial_transformer,0.3909090909090909,random_static_16,1.9010821319524274,2cec8f488bc0624c175ee20c72aee6e3ca9b36668d29c7fe41f4ed6c539bc73b,3,covariance_learned,6,1
cells/covariance_learned__random_static_16__r4.npz,spatial_transformer,0.32272727272727275,random_static_16,1.9321038738559801,1363e08466b92342f775e59207e76d64b3aac12052b1c736bcd8cdca0d389cd3,4,covariance_learned,6,1
cells/covariance_learned__dynamic_random_16__r0.npz,spatial_transformer,0.36818181818181817,dynamic_random_16,1.834068041093492,258de1a22c9fa175e7161d97b5524d6f34c95c9cedb0fde96b7aaf2d82199e31,0,covariance_learned,6,1
cells/covariance_learned__dynamic_random_16__r1.npz,spatial_transformer,0.36818181818181817,dynamic_random_16,1.8909487055178222,517bfdcec65fc2b4f57aafb7cd28c672710582820ed1fe438580383cfe66ba25,1,covariance_learned,6,1
cells/covariance_learned__dynamic_random_16__r2.npz,spatial_transformer,0.4113636363636364,dynamic_random_16,1.837785849744061,180271532659e0266bba15fc9071296649fb8c0955adafc9e732556282c2c891,2,covariance_learned,6,1
cells/covariance_learned__dynamic_random_16__r3.npz,spatial_transformer,0.34545454545454546,dynamic_random_16,1.7587446333341974,e287599aa54a4fef2c62944ef7f611c6fa384e1a594eadc55a6b8b9abe2bee05,3,covariance_learned,6,1
cells/covariance_learned__dynamic_random_16__r4.npz,spatial_transformer,0.3909090909090909,dynamic_random_16,1.8444439824583656,b74f8aa050e7edf5287f04f0e91eb0b460d9961081457c7dc759c28cb4ee559c,4,covariance_learned,6,1
cells/covariance_learned__random_static_6__r0.npz,spatial_transformer,0.36818181818181817,random_static_6,2.053590452274818,f05e5aefbae7a782f30145f6d79337d9c2b4bff9012f61d9c2043fe768684960,0,covariance_learned,6,1
cells/covariance_learned__random_static_6__r1.npz,spatial_transformer,0.36818181818181817,random_static_6,2.1126301833056913,9a6926ea7df33bb3845f050952b2adf23a75590f7bf5cdc783e946f5420d72de,1,covariance_learned,6,1
cells/covariance_learned__random_static_6__r2.npz,spatial_transformer,0.35000000000000003,random_static_6,1.9737484399465566,991543c47535a67334841ae1f3dd8a6cc83fd2037bcbdd5c8c2a8fd64f6148a7,2,covariance_learned,6,1
cells/covariance_learned__random_static_6__r3.npz,spatial_transformer,0.3227272727272727,random_static_6,1.8536618506549436,131071854f634d4ff8ec67c1e57a2852709f6e4bd2723fdc651e6c11ac974ef2,3,covariance_learned,6,1
cells/covariance_learned__random_static_6__r4.npz,spatial_transformer,0.30227272727272725,random_static_6,1.8611789497371274,f84f1b4248c42c6041dfeed7d5015bb900a79679c71502c080760101846f272c,4,covariance_learned,6,1
cells/covariance_learned__dynamic_random_6__r0.npz,spatial_transformer,0.39090909090909093,dynamic_random_6,1.870311765465103,205dab6e4097f6cd623b18a3725ae380707adcc16affb40a22bc458c509536c7,0,covariance_learned,6,1
cells/covariance_learned__dynamic_random_6__r1.npz,spatial_transformer,0.3227272727272727,dynamic_random_6,1.9339362701652958,4b308b5f61d59a7319a4b4c2363ff97565c063f066c9cf108bd5ea5007f0f5eb,1,covariance_learned,6,1
cells/covariance_learned__dynamic_random_6__r2.npz,spatial_transformer,0.3909090909090909,dynamic_random_6,1.8225689847642699,fd4a5e080c6a9058d79393d2112189b5fe1cfdee20d6088b8cda79b874ba7353,2,covariance_learned,6,1
cells/covariance_learned__dynamic_random_6__r3.npz,spatial_transformer,0.3227272727272727,dynamic_random_6,2.130335786139523,7429fa0bbc53461df91610f7d8d8b4cad109657293e8f29715ff0545f9687413,3,covariance_learned,6,1
cells/covariance_learned__dynamic_random_6__r4.npz,spatial_transformer,0.2090909090909091,dynamic_random_6,1.9837354279118455,176d79538d1a313f1e9dfcba61788491f361d13c98cfb7ca5a4249cf92bf7080,4,covariance_learned,6,1
cells/tucker_frozen__full_22__r0.npz,spatial_transformer,0.41363636363636364,full_22,1.8252730826796626,259539ab7304adec001adfecb995115dee71ffb1fd8b99393228f1f67cc1e8b1,0,tucker_frozen,6,1
cells/tucker_frozen__random_static_16__r0.npz,spatial_transformer,0.4136363636363636,random_static_16,2.2594235760086905,7f772da89b31ee95f477e1eaa3b0ccc3d9f02a2594c318264ac7885251e99684,0,tucker_frozen,6,1
cells/tucker_frozen__random_static_16__r1.npz,spatial_transformer,0.32272727272727275,random_static_16,2.0606888674497656,0b5c8f5f3da16b64e10289ff753f96151d5e8e8f184ffa6d976571e17c53d2ba,1,tucker_frozen,6,1
cells/tucker_frozen__random_static_16__r2.npz,spatial_transformer,0.32045454545454544,random_static_16,2.1849970209116742,5a1eedacebb63fc594666a9706b1e8fbba8d856498bd5eb573239c615062bcd2,2,tucker_frozen,6,1
cells/tucker_frozen__random_static_16__r3.npz,spatial_transformer,0.4159090909090909,random_static_16,1.916332532270217,2cec8f488bc0624c175ee20c72aee6e3ca9b36668d29c7fe41f4ed6c539bc73b,3,tucker_frozen,6,1
cells/tucker_frozen__random_static_16__r4.npz,spatial_transformer,0.32272727272727275,random_static_16,2.3104651342036964,1363e08466b92342f775e59207e76d64b3aac12052b1c736bcd8cdca0d389cd3,4,tucker_frozen,6,1
cells/tucker_frozen__dynamic_random_16__r0.npz,spatial_transformer,0.3931818181818182,dynamic_random_16,1.8719800655330672,258de1a22c9fa175e7161d97b5524d6f34c95c9cedb0fde96b7aaf2d82199e31,0,tucker_frozen,6,1
cells/tucker_frozen__dynamic_random_16__r1.npz,spatial_transformer,0.29772727272727273,dynamic_random_16,2.1431840646943665,517bfdcec65fc2b4f57aafb7cd28c672710582820ed1fe438580383cfe66ba25,1,tucker_frozen,6,1
cells/tucker_frozen__dynamic_random_16__r2.npz,spatial_transformer,0.3477272727272727,dynamic_random_16,2.091141131623833,180271532659e0266bba15fc9071296649fb8c0955adafc9e732556282c2c891,2,tucker_frozen,6,1
cells/tucker_frozen__dynamic_random_16__r3.npz,spatial_transformer,0.3909090909090909,dynamic_random_16,1.9813273422059288,e287599aa54a4fef2c62944ef7f611c6fa384e1a594eadc55a6b8b9abe2bee05,3,tucker_frozen,6,1
cells/tucker_frozen__dynamic_random_16__r4.npz,spatial_transformer,0.3909090909090909,dynamic_random_16,1.9233288219962705,b74f8aa050e7edf5287f04f0e91eb0b460d9961081457c7dc759c28cb4ee559c,4,tucker_frozen,6,1
cells/tucker_frozen__random_static_6__r0.npz,spatial_transformer,0.2954545454545454,random_static_6,2.3243132060581937,f05e5aefbae7a782f30145f6d79337d9c2b4bff9012f61d9c2043fe768684960,0,tucker_frozen,6,1
cells/tucker_frozen__random_static_6__r1.npz,spatial_transformer,0.2954545454545454,random_static_6,2.128276343154554,9a6926ea7df33bb3845f050952b2adf23a75590f7bf5cdc783e946f5420d72de,1,tucker_frozen,6,1
cells/tucker_frozen__random_static_6__r2.npz,spatial_transformer,0.2954545454545454,random_static_6,2.452790956469242,991543c47535a67334841ae1f3dd8a6cc83fd2037bcbdd5c8c2a8fd64f6148a7,2,tucker_frozen,6,1
cells/tucker_frozen__random_static_6__r3.npz,spatial_transformer,0.22727272727272727,random_static_6,2.7357958897091907,131071854f634d4ff8ec67c1e57a2852709f6e4bd2723fdc651e6c11ac974ef2,3,tucker_frozen,6,1
cells/tucker_frozen__random_static_6__r4.npz,spatial_transformer,0.2727272727272727,random_static_6,2.503806180417486,f84f1b4248c42c6041dfeed7d5015bb900a79679c71502c080760101846f272c,4,tucker_frozen,6,1
cells/tucker_frozen__dynamic_random_6__r0.npz,spatial_transformer,0.22727272727272727,dynamic_random_6,2.4294998012722604,205dab6e4097f6cd623b18a3725ae380707adcc16affb40a22bc458c509536c7,0,tucker_frozen,6,1
cells/tucker_frozen__dynamic_random_6__r1.npz,spatial_transformer,0.18181818181818182,dynamic_random_6,2.288199966935953,4b308b5f61d59a7319a4b4c2363ff97565c063f066c9cf108bd5ea5007f0f5eb,1,tucker_frozen,6,1
cells/tucker_frozen__dynamic_random_6__r2.npz,spatial_transformer,0.22727272727272727,dynamic_random_6,2.279959568128261,fd4a5e080c6a9058d79393d2112189b5fe1cfdee20d6088b8cda79b874ba7353,2,tucker_frozen,6,1
cells/tucker_frozen__dynamic_random_6__r3.npz,spatial_transformer,0.25,dynamic_random_6,2.456994313398193,7429fa0bbc53461df91610f7d8d8b4cad109657293e8f29715ff0545f9687413,3,tucker_frozen,6,1
cells/tucker_frozen__dynamic_random_6__r4.npz,spatial_transformer,0.18181818181818182,dynamic_random_6,2.269681177399619,176d79538d1a313f1e9dfcba61788491f361d13c98cfb7ca5a4249cf92bf7080,4,tucker_frozen,6,1
cells/tucker_learned__full_22__r0.npz,spatial_transformer,0.41363636363636364,full_22,1.8252730826796626,259539ab7304adec001adfecb995115dee71ffb1fd8b99393228f1f67cc1e8b1,0,tucker_learned,6,1
cells/tucker_learned__random_static_16__r0.npz,spatial_transformer,0.4159090909090909,random_static_16,2.2354418913657246,7f772da89b31ee95f477e1eaa3b0ccc3d9f02a2594c318264ac7885251e99684,0,tucker_learned,6,1
cells/tucker_learned__random_static_16__r1.npz,spatial_transformer,0.34545454545454546,random_static_16,2.083196749983464,0b5c8f5f3da16b64e10289ff753f96151d5e8e8f184ffa6d976571e17c53d2ba,1,tucker_learned,6,1
cells/tucker_learned__random_static_16__r2.npz,spatial_transformer,0.36818181818181817,random_static_16,2.0374144510959034,5a1eedacebb63fc594666a9706b1e8fbba8d856498bd5eb573239c615062bcd2,2,tucker_learned,6,1
cells/tucker_learned__random_static_16__r3.npz,spatial_transformer,0.3704545454545455,random_static_16,1.945510439054353,2cec8f488bc0624c175ee20c72aee6e3ca9b36668d29c7fe41f4ed6c539bc73b,3,tucker_learned,6,1
cells/tucker_learned__random_static_16__r4.npz,spatial_transformer,0.27954545454545454,random_static_16,2.2589970309116505,1363e08466b92342f775e59207e76d64b3aac12052b1c736bcd8cdca0d389cd3,4,tucker_learned,6,1
cells/tucker_learned__dynamic_random_16__r0.npz,spatial_transformer,0.3931818181818182,dynamic_random_16,1.8495941541825525,258de1a22c9fa175e7161d97b5524d6f34c95c9cedb0fde96b7aaf2d82199e31,0,tucker_learned,6,1
cells/tucker_learned__dynamic_random_16__r1.npz,spatial_transformer,0.29772727272727273,dynamic_random_16,2.0817085737259258,517bfdcec65fc2b4f57aafb7cd28c672710582820ed1fe438580383cfe66ba25,1,tucker_learned,6,1
cells/tucker_learned__dynamic_random_16__r2.npz,spatial_transformer,0.39545454545454545,dynamic_random_16,2.070696670994549,180271532659e0266bba15fc9071296649fb8c0955adafc9e732556282c2c891,2,tucker_learned,6,1
cells/tucker_learned__dynamic_random_16__r3.npz,spatial_transformer,0.3909090909090909,dynamic_random_16,1.9661850372791645,e287599aa54a4fef2c62944ef7f611c6fa384e1a594eadc55a6b8b9abe2bee05,3,tucker_learned,6,1
cells/tucker_learned__dynamic_random_16__r4.npz,spatial_transformer,0.4613636363636363,dynamic_random_16,1.8721280318742424,b74f8aa050e7edf5287f04f0e91eb0b460d9961081457c7dc759c28cb4ee559c,4,tucker_learned,6,1
cells/tucker_learned__random_static_6__r0.npz,spatial_transformer,0.36363636363636365,random_static_6,2.1700408776036144,f05e5aefbae7a782f30145f6d79337d9c2b4bff9012f61d9c2043fe768684960,0,tucker_learned,6,1
cells/tucker_learned__random_static_6__r1.npz,spatial_transformer,0.2727272727272727,random_static_6,2.0263691339078043,9a6926ea7df33bb3845f050952b2adf23a75590f7bf5cdc783e946f5420d72de,1,tucker_learned,6,1
cells/tucker_learned__random_static_6__r2.npz,spatial_transformer,0.32045454545454544,random_static_6,2.3231496263861344,991543c47535a67334841ae1f3dd8a6cc83fd2037bcbdd5c8c2a8fd64f6148a7,2,tucker_learned,6,1
cells/tucker_learned__random_static_6__r3.npz,spatial_transformer,0.20454545454545456,random_static_6,2.625183444337478,131071854f634d4ff8ec67c1e57a2852709f6e4bd2723fdc651e6c11ac974ef2,3,tucker_learned,6,1
cells/tucker_learned__random_static_6__r4.npz,spatial_transformer,0.2727272727272727,random_static_6,2.3933879941659857,f84f1b4248c42c6041dfeed7d5015bb900a79679c71502c080760101846f272c,4,tucker_learned,6,1
cells/tucker_learned__dynamic_random_6__r0.npz,spatial_transformer,0.25,dynamic_random_6,2.316625907334074,205dab6e4097f6cd623b18a3725ae380707adcc16affb40a22bc458c509536c7,0,tucker_learned,6,1
cells/tucker_learned__dynamic_random_6__r1.npz,spatial_transformer,0.29545454545454547,dynamic_random_6,2.127495450196291,4b308b5f61d59a7319a4b4c2363ff97565c063f066c9cf108bd5ea5007f0f5eb,1,tucker_learned,6,1
cells/tucker_learned__dynamic_random_6__r2.npz,spatial_transformer,0.3181818181818182,dynamic_random_6,2.0482028258813596,fd4a5e080c6a9058d79393d2112189b5fe1cfdee20d6088b8cda79b874ba7353,2,tucker_learned,6,1
cells/tucker_learned__dynamic_random_6__r3.npz,spatial_transformer,0.2727272727272727,dynamic_random_6,2.250373555775838,7429fa0bbc53461df91610f7d8d8b4cad109657293e8f29715ff0545f9687413,3,tucker_learned,6,1
cells/tucker_learned__dynamic_random_6__r4.npz,spatial_transformer,0.2727272727272727,dynamic_random_6,1.9221314559615208,176d79538d1a313f1e9dfcba61788491f361d13c98cfb7ca5a4249cf92bf7080,4,tucker_learned,6,1
cells/zero__full_22__r0.npz,spatial_transformer,0.35227272727272724,full_22,1.4834402237499913,259539ab7304adec001adfecb995115dee71ffb1fd8b99393228f1f67cc1e8b1,0,zero,6,2
cells/zero__random_static_16__r0.npz,spatial_transformer,0.28409090909090906,random_static_16,1.5732281476242864,fdca54ec9a2e03169bdd1009eac4cd39aa7b257f8828202289913060bbe3464c,0,zero,6,2
cells/zero__random_static_16__r1.npz,spatial_transformer,0.21363636363636365,random_static_16,1.7166671793413537,4116d814efd527198bf1b2b4b4c0f2a19745031135491a17b4dfc450d63a09e8,1,zero,6,2
cells/zero__random_static_16__r2.npz,spatial_transformer,0.2590909090909091,random_static_16,1.6274698022876783,0a49c22e1505c2a016adb64bd9a69e3a5f2a6257d68710478ec571fdff4bf997,2,zero,6,2
cells/zero__random_static_16__r3.npz,spatial_transformer,0.2590909090909091,random_static_16,1.5596669819955948,270dfe845e307a740dfde384aca22d05ba53bfe3fe151fd42c59c6970db87c02,3,zero,6,2
cells/zero__random_static_16__r4.npz,spatial_transformer,0.32727272727272727,random_static_16,1.4973788563168797,55950cf5cfe398f07662858092c82293805d2edcea48173306a3849ac5ccdc3f,4,zero,6,2
cells/zero__dynamic_random_16__r0.npz,spatial_transformer,0.32954545454545453,dynamic_random_16,1.5082217549849366,03227eb87508d3bb47fefb86b45919b33030eaca0fd437a8aee8f603e093a4ce,0,zero,6,2
cells/zero__dynamic_random_16__r1.npz,spatial_transformer,0.23636363636363636,dynamic_random_16,1.5786904523914347,bd4fb2cfcce185a9ac2c79ca679067ea08c0cd00584e327a91cb89c9c615ce29,1,zero,6,2
cells/zero__dynamic_random_16__r2.npz,spatial_transformer,0.30454545454545456,dynamic_random_16,1.5288792472762678,618ab79a4d2740d47580d277522ba3c5547fc3973a6be1f98a6f85a1610ac88f,2,zero,6,2
cells/zero__dynamic_random_16__r3.npz,spatial_transformer,0.2590909090909091,dynamic_random_16,1.5719015219889412,a3ab70d7f1502a2063d4e5d435028777bb1e6b60243576d0a436658dc5d14068,3,zero,6,2
cells/zero__dynamic_random_16__r4.npz,spatial_transformer,0.28409090909090906,dynamic_random_16,1.5341236877122433,f5a5f7969e93b4f1d0f91966386287669226b3aa827010ee6692fdc965b8817d,4,zero,6,2
cells/zero__random_static_6__r0.npz,spatial_transformer,0.2727272727272727,random_static_6,1.813633279854371,7b54c073a4ca23a4215880e7e0ee5355b089dc09a9ee08573469f2c691e62472,0,zero,6,2
cells/zero__random_static_6__r1.npz,spatial_transformer,0.275,random_static_6,1.7093849037132647,ea575701403610fa5f37166e0a2faf6ebee0cdc36cf2e4aa71e6456a80b43a0a,1,zero,6,2
cells/zero__random_static_6__r2.npz,spatial_transformer,0.25,random_static_6,1.9028777044005571,c0f88b731ddcc51797b251af4cfbff903b7c0a580c2a66474d0cd2aee68c0519,2,zero,6,2
cells/zero__random_static_6__r3.npz,spatial_transformer,0.1590909090909091,random_static_6,1.8032173298643448,99f77c15deb04cf8528b1e777f6322c299085270cac3e99539eada8b0fa685cb,3,zero,6,2
cells/zero__random_static_6__r4.npz,spatial_transformer,0.2272727272727273,random_static_6,1.83760371514497,15aa8ea23e5edd69797a49513de855253c58113536818a5ed946b6a0b203f9b0,4,zero,6,2
cells/zero__dynamic_random_6__r0.npz,spatial_transformer,0.2522727272727273,dynamic_random_6,1.7808367007071375,294920ad48536d820150e29a97e9bb4b2cdf818e599e74f8870003d511cc5dad,0,zero,6,2
cells/zero__dynamic_random_6__r1.npz,spatial_transformer,0.2272727272727273,dynamic_random_6,1.7298680556285615,0b77f7ed22892f97d6b6bc42ddf0e1edaec2b719c0a233d6605ac3d7420db81f,1,zero,6,2
cells/zero__dynamic_random_6__r2.npz,spatial_transformer,0.2522727272727273,dynamic_random_6,1.7875795995334434,72969407f0f0e9a9bbab15db2ad546d08405b153ebb7d0d534d0fb1621073e7f,2,zero,6,2
cells/zero__dynamic_random_6__r3.npz,spatial_transformer,0.20454545454545456,dynamic_random_6,1.809119589186556,e0ec37997a60d413a395915b9cd388478cb35a366fea741514d14923fe8e72c1,3,zero,6,2
cells/zero__dynamic_random_6__r4.npz,spatial_transformer,0.2522727272727273,dynamic_random_6,1.756873426726226,c2765e2f41c90b49d2f076c5aef66a225e333196415ce0fcc510a4589300022f,4,zero,6,2
cells/covariance_frozen__full_22__r0.npz,spatial_transformer,0.35227272727272724,full_22,1.4834402237499913,259539ab7304adec001adfecb995115dee71ffb1fd8b99393228f1f67cc1e8b1,0,covariance_frozen,6,2
cells/covariance_frozen__random_static_16__r0.npz,spatial_transformer,0.23863636363636365,random_static_16,1.5418985946211659,fdca54ec9a2e03169bdd1009eac4cd39aa7b257f8828202289913060bbe3464c,0,covariance_frozen,6,2
cells/covariance_frozen__random_static_16__r1.npz,spatial_transformer,0.26136363636363635,random_static_16,1.5292439559566968,4116d814efd527198bf1b2b4b4c0f2a19745031135491a17b4dfc450d63a09e8,1,covariance_frozen,6,2
cells/covariance_frozen__random_static_16__r2.npz,spatial_transformer,0.26136363636363635,random_static_16,1.5623711116114385,0a49c22e1505c2a016adb64bd9a69e3a5f2a6257d68710478ec571fdff4bf997,2,covariance_frozen,6,2
cells/covariance_frozen__random_static_16__r3.npz,spatial_transformer,0.26136363636363635,random_static_16,1.4959129052367435,270dfe845e307a740dfde384aca22d05ba53bfe3fe151fd42c59c6970db87c02,3,covariance_frozen,6,2
cells/covariance_frozen__random_static_16__r4.npz,spatial_transformer,0.23863636363636365,random_static_16,1.499619276955174,55950cf5cfe398f07662858092c82293805d2edcea48173306a3849ac5ccdc3f,4,covariance_frozen,6,2
cells/covariance_frozen__dynamic_random_16__r0.npz,spatial_transformer,0.30681818181818177,dynamic_random_16,1.4846916330212343,03227eb87508d3bb47fefb86b45919b33030eaca0fd437a8aee8f603e093a4ce,0,covariance_frozen,6,2
cells/covariance_frozen__dynamic_random_16__r1.npz,spatial_transformer,0.2818181818181818,dynamic_random_16,1.583701216511723,bd4fb2cfcce185a9ac2c79ca679067ea08c0cd00584e327a91cb89c9c615ce29,1,covariance_frozen,6,2
cells/covariance_frozen__dynamic_random_16__r2.npz,spatial_transformer,0.28181818181818186,dynamic_random_16,1.4717393847930678,618ab79a4d2740d47580d277522ba3c5547fc3973a6be1f98a6f85a1610ac88f,2,covariance_frozen,6,2
cells/covariance_frozen__dynamic_random_16__r3.npz,spatial_transformer,0.32954545454545453,dynamic_random_16,1.5430033591661896,a3ab70d7f1502a2063d4e5d435028777bb1e6b60243576d0a436658dc5d14068,3,covariance_frozen,6,2
cells/covariance_frozen__dynamic_random_16__r4.npz,spatial_transformer,0.23636363636363636,dynamic_random_16,1.5136142840586126,f5a5f7969e93b4f1d0f91966386287669226b3aa827010ee6692fdc965b8817d,4,covariance_frozen,6,2
cells/covariance_frozen__random_static_6__r0.npz,spatial_transformer,0.1431818181818182,random_static_6,1.5252249510611553,7b54c073a4ca23a4215880e7e0ee5355b089dc09a9ee08573469f2c691e62472,0,covariance_frozen,6,2
cells/covariance_frozen__random_static_6__r1.npz,spatial_transformer,0.27954545454545454,random_static_6,1.5190942654226502,ea575701403610fa5f37166e0a2faf6ebee0cdc36cf2e4aa71e6456a80b43a0a,1,covariance_frozen,6,2
cells/covariance_frozen__random_static_6__r2.npz,spatial_transformer,0.30227272727272725,random_static_6,1.5479798249413694,c0f88b731ddcc51797b251af4cfbff903b7c0a580c2a66474d0cd2aee68c0519,2,covariance_frozen,6,2
cells/covariance_frozen__random_static_6__r3.npz,spatial_transformer,0.2340909090909091,random_static_6,1.5120512514811437,99f77c15deb04cf8528b1e777f6322c299085270cac3e99539eada8b0fa685cb,3,covariance_frozen,6,2
cells/covariance_frozen__random_static_6__r4.npz,spatial_transformer,0.23636363636363636,random_static_6,1.5423095759894838,15aa8ea23e5edd69797a49513de855253c58113536818a5ed946b6a0b203f9b0,4,covariance_frozen,6,2
cells/covariance_frozen__dynamic_random_6__r0.npz,spatial_transformer,0.30454545454545456,dynamic_random_6,1.5357293358288135,294920ad48536d820150e29a97e9bb4b2cdf818e599e74f8870003d511cc5dad,0,covariance_frozen,6,2
cells/covariance_frozen__dynamic_random_6__r1.npz,spatial_transformer,0.30454545454545456,dynamic_random_6,1.560017441352668,0b77f7ed22892f97d6b6bc42ddf0e1edaec2b719c0a233d6605ac3d7420db81f,1,covariance_frozen,6,2
cells/covariance_frozen__dynamic_random_6__r2.npz,spatial_transformer,0.2590909090909091,dynamic_random_6,1.5271176104058937,72969407f0f0e9a9bbab15db2ad546d08405b153ebb7d0d534d0fb1621073e7f,2,covariance_frozen,6,2
cells/covariance_frozen__dynamic_random_6__r3.npz,spatial_transformer,0.2568181818181818,dynamic_random_6,1.5490514289371822,e0ec37997a60d413a395915b9cd388478cb35a366fea741514d14923fe8e72c1,3,covariance_frozen,6,2
cells/covariance_frozen__dynamic_random_6__r4.npz,spatial_transformer,0.35000000000000003,dynamic_random_6,1.4699663763456603,c2765e2f41c90b49d2f076c5aef66a225e333196415ce0fcc510a4589300022f,4,covariance_frozen,6,2
cells/covariance_learned__full_22__r0.npz,spatial_transformer,0.35227272727272724,full_22,1.4834402237499913,259539ab7304adec001adfecb995115dee71ffb1fd8b99393228f1f67cc1e8b1,0,covariance_learned,6,2
cells/covariance_learned__random_static_16__r0.npz,spatial_transformer,0.23863636363636365,random_static_16,1.540318859275586,fdca54ec9a2e03169bdd1009eac4cd39aa7b257f8828202289913060bbe3464c,0,covariance_learned,6,2
cells/covariance_learned__random_static_16__r1.npz,spatial_transformer,0.26136363636363635,random_static_16,1.5278679560379582,4116d814efd527198bf1b2b4b4c0f2a19745031135491a17b4dfc450d63a09e8,1,covariance_learned,6,2
cells/covariance_learned__random_static_16__r2.npz,spatial_transformer,0.26136363636363635,random_static_16,1.5600272287020283,0a49c22e1505c2a016adb64bd9a69e3a5f2a6257d68710478ec571fdff4bf997,2,covariance_learned,6,2
cells/covariance_learned__random_static_16__r3.npz,spatial_transformer,0.26136363636363635,random_static_16,1.484840770580415,270dfe845e307a740dfde384aca22d05ba53bfe3fe151fd42c59c6970db87c02,3,covariance_learned,6,2
cells/covariance_learned__random_static_16__r4.npz,spatial_transformer,0.2840909090909091,random_static_16,1.5033570558061322,55950cf5cfe398f07662858092c82293805d2edcea48173306a3849ac5ccdc3f,4,covariance_learned,6,2
cells/covariance_learned__dynamic_random_16__r0.npz,spatial_transformer,0.30681818181818177,dynamic_random_16,1.4886946748629353,03227eb87508d3bb47fefb86b45919b33030eaca0fd437a8aee8f603e093a4ce,0,covariance_learned,6,2
cells/covariance_learned__dynamic_random_16__r1.npz,spatial_transformer,0.2818181818181818,dynamic_random_16,1.575299155662701,bd4fb2cfcce185a9ac2c79ca679067ea08c0cd00584e327a91cb89c9c615ce29,1,covariance_learned,6,2
cells/covariance_learned__dynamic_random_16__r2.npz,spatial_transformer,0.30681818181818177,dynamic_random_16,1.4657967713392215,618ab79a4d2740d47580d277522ba3c5547fc3973a6be1f98a6f85a1610ac88f,2,covariance_learned,6,2
cells/covariance_learned__dynamic_random_16__r3.npz,spatial_transformer,0.3068181818181818,dynamic_random_16,1.5353884712292318,a3ab70d7f1502a2063d4e5d435028777bb1e6b60243576d0a436658dc5d14068,3,covariance_learned,6,2
cells/covariance_learned__dynamic_random_16__r4.npz,spatial_transformer,0.32954545454545453,dynamic_random_16,1.5180720982268532,f5a5f7969e93b4f1d0f91966386287669226b3aa827010ee6692fdc965b8817d,4,covariance_learned,6,2
cells/covariance_learned__random_static_6__r0.npz,spatial_transformer,0.21363636363636362,random_static_6,1.5034234691069701,7b54c073a4ca23a4215880e7e0ee5355b089dc09a9ee08573469f2c691e62472,0,covariance_learned,6,2
cells/covariance_learned__random_static_6__r1.npz,spatial_transformer,0.35,random_static_6,1.505631230220682,ea575701403610fa5f37166e0a2faf6ebee0cdc36cf2e4aa71e6456a80b43a0a,1,covariance_learned,6,2
cells/covariance_learned__random_static_6__r2.npz,spatial_transformer,0.27954545454545454,random_static_6,1.5225271675863081,c0f88b731ddcc51797b251af4cfbff903b7c0a580c2a66474d0cd2aee68c0519,2,covariance_learned,6,2
cells/covariance_learned__random_static_6__r3.npz,spatial_transformer,0.28181818181818186,random_static_6,1.4828355392629797,99f77c15deb04cf8528b1e777f6322c299085270cac3e99539eada8b0fa685cb,3,covariance_learned,6,2
cells/covariance_learned__random_static_6__r4.npz,spatial_transformer,0.32954545454545453,random_static_6,1.4737114111664338,15aa8ea23e5edd69797a49513de855253c58113536818a5ed946b6a0b203f9b0,4,covariance_learned,6,2
cells/covariance_learned__dynamic_random_6__r0.npz,spatial_transformer,0.2818181818181818,dynamic_random_6,1.495745363853284,294920ad48536d820150e29a97e9bb4b2cdf818e599e74f8870003d511cc5dad,0,covariance_learned,6,2
cells/covariance_learned__dynamic_random_6__r1.npz,spatial_transformer,0.28181818181818186,dynamic_random_6,1.5146383338411644,0b77f7ed22892f97d6b6bc42ddf0e1edaec2b719c0a233d6605ac3d7420db81f,1,covariance_learned,6,2
cells/covariance_learned__dynamic_random_6__r2.npz,spatial_transformer,0.2863636363636363,dynamic_random_6,1.5002503622794292,72969407f0f0e9a9bbab15db2ad546d08405b153ebb7d0d534d0fb1621073e7f,2,covariance_learned,6,2
cells/covariance_learned__dynamic_random_6__r3.npz,spatial_transformer,0.21136363636363636,dynamic_random_6,1.5211643959524705,e0ec37997a60d413a395915b9cd388478cb35a366fea741514d14923fe8e72c1,3,covariance_learned,6,2
cells/covariance_learned__dynamic_random_6__r4.npz,spatial_transformer,0.30681818181818177,dynamic_random_6,1.4569086460608012,c2765e2f41c90b49d2f076c5aef66a225e333196415ce0fcc510a4589300022f,4,covariance_learned,6,2
cells/tucker_frozen__full_22__r0.npz,spatial_transformer,0.35227272727272724,full_22,1.4834402237499913,259539ab7304adec001adfecb995115dee71ffb1fd8b99393228f1f67cc1e8b1,0,tucker_frozen,6,2
cells/tucker_frozen__random_static_16__r0.npz,spatial_transformer,0.21136363636363636,random_static_16,1.6484475389949014,fdca54ec9a2e03169bdd1009eac4cd39aa7b257f8828202289913060bbe3464c,0,tucker_frozen,6,2
cells/tucker_frozen__random_static_16__r1.npz,spatial_transformer,0.23409090909090907,random_static_16,1.7076276008015554,4116d814efd527198bf1b2b4b4c0f2a19745031135491a17b4dfc450d63a09e8,1,tucker_frozen,6,2
cells/tucker_frozen__random_static_16__r2.npz,spatial_transformer,0.16136363636363638,random_static_16,1.652378378803215,0a49c22e1505c2a016adb64bd9a69e3a5f2a6257d68710478ec571fdff4bf997,2,tucker_frozen,6,2
cells/tucker_frozen__random_static_16__r3.npz,spatial_transformer,0.23181818181818184,random_static_16,1.6082478739319848,270dfe845e307a740dfde384aca22d05ba53bfe3fe151fd42c59c6970db87c02,3,tucker_frozen,6,2
cells/tucker_frozen__random_static_16__r4.npz,spatial_transformer,0.35,random_static_16,1.5511886978597254,55950cf5cfe398f07662858092c82293805d2edcea48173306a3849ac5ccdc3f,4,tucker_frozen,6,2
cells/tucker_frozen__dynamic_random_16__r0.npz,spatial_transformer,0.2818181818181818,dynamic_random_16,1.5459330680080845,03227eb87508d3bb47fefb86b45919b33030eaca0fd437a8aee8f603e093a4ce,0,tucker_frozen,6,2
cells/tucker_frozen__dynamic_random_16__r1.npz,spatial_transformer,0.16136363636363635,dynamic_random_16,1.6549898954100846,bd4fb2cfcce185a9ac2c79ca679067ea08c0cd00584e327a91cb89c9c615ce29,1,tucker_frozen,6,2
cells/tucker_frozen__dynamic_random_16__r2.npz,spatial_transformer,0.2772727272727273,dynamic_random_16,1.5769241285421365,618ab79a4d2740d47580d277522ba3c5547fc3973a6be1f98a6f85a1610ac88f,2,tucker_frozen,6,2
cells/tucker_frozen__dynamic_random_16__r3.npz,spatial_transformer,0.2545454545454545,dynamic_random_16,1.606798953800961,a3ab70d7f1502a2063d4e5d435028777bb1e6b60243576d0a436658dc5d14068,3,tucker_frozen,6,2
cells/tucker_frozen__dynamic_random_16__r4.npz,spatial_transformer,0.19090909090909092,dynamic_random_16,1.5626960342151728,f5a5f7969e93b4f1d0f91966386287669226b3aa827010ee6692fdc965b8817d,4,tucker_frozen,6,2
cells/tucker_frozen__random_static_6__r0.npz,spatial_transformer,0.22727272727272727,random_static_6,1.8702919277520793,7b54c073a4ca23a4215880e7e0ee5355b089dc09a9ee08573469f2c691e62472,0,tucker_frozen,6,2
cells/tucker_frozen__random_static_6__r1.npz,spatial_transformer,0.2522727272727273,random_static_6,1.8457916725033021,ea575701403610fa5f37166e0a2faf6ebee0cdc36cf2e4aa71e6456a80b43a0a,1,tucker_frozen,6,2
cells/tucker_frozen__random_static_6__r2.npz,spatial_transformer,0.20454545454545456,random_static_6,1.9626091458608061,c0f88b731ddcc51797b251af4cfbff903b7c0a580c2a66474d0cd2aee68c0519,2,tucker_frozen,6,2
cells/tucker_frozen__random_static_6__r3.npz,spatial_transformer,0.22727272727272727,random_static_6,1.8795829671778719,99f77c15deb04cf8528b1e777f6322c299085270cac3e99539eada8b0fa685cb,3,tucker_frozen,6,2
cells/tucker_frozen__random_static_6__r4.npz,spatial_transformer,0.25,random_static_6,1.9073790330072111,15aa8ea23e5edd69797a49513de855253c58113536818a5ed946b6a0b203f9b0,4,tucker_frozen,6,2
cells/tucker_frozen__dynamic_random_6__r0.npz,spatial_transformer,0.22727272727272727,dynamic_random_6,1.9047764724549239,294920ad48536d820150e29a97e9bb4b2cdf818e599e74f8870003d511cc5dad,0,tucker_frozen,6,2
cells/tucker_frozen__dynamic_random_6__r1.npz,spatial_transformer,0.22727272727272727,dynamic_random_6,1.905641220287764,0b77f7ed22892f97d6b6bc42ddf0e1edaec2b719c0a233d6605ac3d7420db81f,1,tucker_frozen,6,2
cells/tucker_frozen__dynamic_random_6__r2.npz,spatial_transformer,0.22727272727272727,dynamic_random_6,1.8675828897080289,72969407f0f0e9a9bbab15db2ad546d08405b153ebb7d0d534d0fb1621073e7f,2,tucker_frozen,6,2
cells/tucker_frozen__dynamic_random_6__r3.npz,spatial_transformer,0.20454545454545456,dynamic_random_6,1.8664780606510136,e0ec37997a60d413a395915b9cd388478cb35a366fea741514d14923fe8e72c1,3,tucker_frozen,6,2
cells/tucker_frozen__dynamic_random_6__r4.npz,spatial_transformer,0.25227272727272726,dynamic_random_6,1.8661356874084216,c2765e2f41c90b49d2f076c5aef66a225e333196415ce0fcc510a4589300022f,4,tucker_frozen,6,2
cells/tucker_learned__full_22__r0.npz,spatial_transformer,0.35227272727272724,full_22,1.4834402237499913,259539ab7304adec001adfecb995115dee71ffb1fd8b99393228f1f67cc1e8b1,0,tucker_learned,6,2
cells/tucker_learned__random_static_16__r0.npz,spatial_transformer,0.26136363636363635,random_static_16,1.5314120206690842,fdca54ec9a2e03169bdd1009eac4cd39aa7b257f8828202289913060bbe3464c,0,tucker_learned,6,2
cells/tucker_learned__random_static_16__r1.npz,spatial_transformer,0.21363636363636365,random_static_16,1.626256948640745,4116d814efd527198bf1b2b4b4c0f2a19745031135491a17b4dfc450d63a09e8,1,tucker_learned,6,2
cells/tucker_learned__random_static_16__r2.npz,spatial_transformer,0.26136363636363635,random_static_16,1.6054028314215827,0a49c22e1505c2a016adb64bd9a69e3a5f2a6257d68710478ec571fdff4bf997,2,tucker_learned,6,2
cells/tucker_learned__random_static_16__r3.npz,spatial_transformer,0.37727272727272726,random_static_16,1.4732370978959748,270dfe845e307a740dfde384aca22d05ba53bfe3fe151fd42c59c6970db87c02,3,tucker_learned,6,2
cells/tucker_learned__random_static_16__r4.npz,spatial_transformer,0.32727272727272727,random_static_16,1.484205312077513,55950cf5cfe398f07662858092c82293805d2edcea48173306a3849ac5ccdc3f,4,tucker_learned,6,2
cells/tucker_learned__dynamic_random_16__r0.npz,spatial_transformer,0.30454545454545456,dynamic_random_16,1.4765837520431908,03227eb87508d3bb47fefb86b45919b33030eaca0fd437a8aee8f603e093a4ce,0,tucker_learned,6,2
cells/tucker_learned__dynamic_random_16__r1.npz,spatial_transformer,0.2818181818181818,dynamic_random_16,1.5420378387182325,bd4fb2cfcce185a9ac2c79ca679067ea08c0cd00584e327a91cb89c9c615ce29,1,tucker_learned,6,2
cells/tucker_learned__dynamic_random_16__r2.npz,spatial_transformer,0.37727272727272726,dynamic_random_16,1.4870836076295366,618ab79a4d2740d47580d277522ba3c5547fc3973a6be1f98a6f85a1610ac88f,2,tucker_learned,6,2
cells/tucker_learned__dynamic_random_16__r3.npz,spatial_transformer,0.3795454545454545,dynamic_random_16,1.533028691240796,a3ab70d7f1502a2063d4e5d435028777bb1e6b60243576d0a436658dc5d14068,3,tucker_learned,6,2
cells/tucker_learned__dynamic_random_16__r4.npz,spatial_transformer,0.3318181818181818,dynamic_random_16,1.4955777691086085,f5a5f7969e93b4f1d0f91966386287669226b3aa827010ee6692fdc965b8817d,4,tucker_learned,6,2
cells/tucker_learned__random_static_6__r0.npz,spatial_transformer,0.2522727272727273,random_static_6,1.5672791329329785,7b54c073a4ca23a4215880e7e0ee5355b089dc09a9ee08573469f2c691e62472,0,tucker_learned,6,2
cells/tucker_learned__random_static_6__r1.npz,spatial_transformer,0.3477272727272727,random_static_6,1.5044762290441882,ea575701403610fa5f37166e0a2faf6ebee0cdc36cf2e4aa71e6456a80b43a0a,1,tucker_learned,6,2
cells/tucker_learned__random_static_6__r2.npz,spatial_transformer,0.3,random_static_6,1.6363654000396202,c0f88b731ddcc51797b251af4cfbff903b7c0a580c2a66474d0cd2aee68c0519,2,tucker_learned,6,2
cells/tucker_learned__random_static_6__r3.npz,spatial_transformer,0.2090909090909091,random_static_6,1.6062407365147593,99f77c15deb04cf8528b1e777f6322c299085270cac3e99539eada8b0fa685cb,3,tucker_learned,6,2
cells/tucker_learned__random_static_6__r4.npz,spatial_transformer,0.2090909090909091,random_static_6,1.6611178381165936,15aa8ea23e5edd69797a49513de855253c58113536818a5ed946b6a0b203f9b0,4,tucker_learned,6,2
cells/tucker_learned__dynamic_random_6__r0.npz,spatial_transformer,0.2272727272727273,dynamic_random_6,1.6261543556321256,294920ad48536d820150e29a97e9bb4b2cdf818e599e74f8870003d511cc5dad,0,tucker_learned,6,2
cells/tucker_learned__dynamic_random_6__r1.npz,spatial_transformer,0.3227272727272727,dynamic_random_6,1.6231998979128182,0b77f7ed22892f97d6b6bc42ddf0e1edaec2b719c0a233d6605ac3d7420db81f,1,tucker_learned,6,2
cells/tucker_learned__dynamic_random_6__r2.npz,spatial_transformer,0.2772727272727272,dynamic_random_6,1.6021350295798997,72969407f0f0e9a9bbab15db2ad546d08405b153ebb7d0d534d0fb1621073e7f,2,tucker_learned,6,2
cells/tucker_learned__dynamic_random_6__r3.npz,spatial_transformer,0.3,dynamic_random_6,1.5971489646947896,e0ec37997a60d413a395915b9cd388478cb35a366fea741514d14923fe8e72c1,3,tucker_learned,6,2
cells/tucker_learned__dynamic_random_6__r4.npz,spatial_transformer,0.2772727272727273,dynamic_random_6,1.5224883578047421,c2765e2f41c90b49d2f076c5aef66a225e333196415ce0fcc510a4589300022f,4,tucker_learned,6,2
cells/zero__full_22__r0.npz,spatial_transformer,0.6401098901098902,full_22,0.8332440117990473,cf52c514208e6f4e16a8e9d7df0acdc85299e90cb356c6d8b1cbb5a655fe8c1f,0,zero,7,0
cells/zero__random_static_16__r0.npz,spatial_transformer,0.23351648351648352,random_static_16,3.983002711343717,7490c4a89bf84a04def12f7f39aa4d104db6f4bca799256f74c8e1873b17c04e,0,zero,7,0
cells/zero__random_static_16__r1.npz,spatial_transformer,0.25137362637362637,random_static_16,4.048723898725829,b46a87a2d801fc71f859049e7651be66b0ef7aa915449ce65af3833c05d858bf,1,zero,7,0
cells/zero__random_static_16__r2.npz,spatial_transformer,0.25137362637362637,random_static_16,3.9623538833361667,646abef5d4ae37a6fde1b2e1d7b3e76cbc393ee67d8155cd77c5ed26ccf7bc86,2,zero,7,0
cells/zero__random_static_16__r3.npz,spatial_transformer,0.25137362637362637,random_static_16,3.897265274072406,8e3c30a664bfb1a3af982d7449edb0042946933c5a948069db32523adab6dbf9,3,zero,7,0
cells/zero__random_static_16__r4.npz,spatial_transformer,0.2692307692307692,random_static_16,4.083659447235728,c5690397b194342eeaf87623e2e575e9f509d112497076464507063fe96b9849,4,zero,7,0
cells/zero__dynamic_random_16__r0.npz,spatial_transformer,0.2692307692307692,dynamic_random_16,4.004594241905655,2ba2d0658e506ba524cde2a0c478c56b293a5829543ed62c13198aab2380a9c6,0,zero,7,0
cells/zero__dynamic_random_16__r1.npz,spatial_transformer,0.25,dynamic_random_16,3.94861698431709,5191ce03ce731a29e2cc6d358066b418a287191dbcb422404c005f1327029a7b,1,zero,7,0
cells/zero__dynamic_random_16__r2.npz,spatial_transformer,0.25,dynamic_random_16,3.8682986611312975,32e9a7eed84a3377a5cfb5a5c8c43262ff2108ca2fed499ba63ad38f07e1bc54,2,zero,7,0
cells/zero__dynamic_random_16__r3.npz,spatial_transformer,0.25,dynamic_random_16,3.9852999274567686,632c7696a9e18c844c87a2bf6658688dca7cb5a741fefca0f7b58dd5efdf44b6,3,zero,7,0
cells/zero__dynamic_random_16__r4.npz,spatial_transformer,0.25,dynamic_random_16,4.218246022029931,008d42079c945fcd232acd0bdbdaf3ff5e6368af96ae5c33ef647aa289b4e409,4,zero,7,0
cells/zero__random_static_6__r0.npz,spatial_transformer,0.2184065934065934,random_static_6,3.888122888182292,368c37c25327ea50f008540db1a8236e9080815c42e305a7f5748ce9b06b7b40,0,zero,7,0
cells/zero__random_static_6__r1.npz,spatial_transformer,0.31043956043956045,random_static_6,3.830673933849536,73303d12702ec3b89943835dbe9408041bebee008a56819e710858d4c12ca460,1,zero,7,0
cells/zero__random_static_6__r2.npz,spatial_transformer,0.33241758241758246,random_static_6,3.0801317194390845,817c0e5e82cdf32b606983e084d4615a89aa7a1dcbae37322202c562e27ed8ce,2,zero,7,0
cells/zero__random_static_6__r3.npz,spatial_transformer,0.2733516483516484,random_static_6,3.9278591115275345,ddd5f0664ae0737978e99205c1912989e1ef23062542dedf2127db7a05c02bdf,3,zero,7,0
cells/zero__random_static_6__r4.npz,spatial_transformer,0.27197802197802196,random_static_6,3.2035246291206523,0be43c6b0bfdcf1a5f2c67bb90d012111c1837558c00155e75ff95801d81d3c6,4,zero,7,0
cells/zero__dynamic_random_6__r0.npz,spatial_transformer,0.3090659340659341,dynamic_random_6,3.20372501228937,a07ad4ffda9b995dfe3bade95c565435d0f40603749f61fdf2f3cf8ddc584f81,0,zero,7,0
cells/zero__dynamic_random_6__r1.npz,spatial_transformer,0.27197802197802196,dynamic_random_6,3.6165023924510855,fafd284bd6d0a2ea845fbe36c7296ccba0f20db6a5808dfcb732b91d5f9e6433,1,zero,7,0
cells/zero__dynamic_random_6__r2.npz,spatial_transformer,0.3653846153846154,dynamic_random_6,2.894895635179068,af69b7d4cebae9da1507f437a109872d7183009cbd1aedf099ac9a99cf61ae72,2,zero,7,0
cells/zero__dynamic_random_6__r3.npz,spatial_transformer,0.3076923076923077,dynamic_random_6,3.4391589283996886,cc26ea7ce31b83be03e8a809a39d51f56ea17f782100f090dc3869fc5c11dc8f,3,zero,7,0
cells/zero__dynamic_random_6__r4.npz,spatial_transformer,0.28846153846153844,dynamic_random_6,3.6394626049305323,f31475d2a478eb134a7dc9e80884f141e2003b79e99f6ee252e2cc2e9c65560a,4,zero,7,0
cells/covariance_frozen__full_22__r0.npz,spatial_transformer,0.6401098901098902,full_22,0.8332440117990473,cf52c514208e6f4e16a8e9d7df0acdc85299e90cb356c6d8b1cbb5a655fe8c1f,0,covariance_frozen,7,0
cells/covariance_frozen__random_static_16__r0.npz,spatial_transformer,0.532967032967033,random_static_16,1.4711274056920407,7490c4a89bf84a04def12f7f39aa4d104db6f4bca799256f74c8e1873b17c04e,0,covariance_frozen,7,0
cells/covariance_frozen__random_static_16__r1.npz,spatial_transformer,0.49313186813186816,random_static_16,1.6584697602771528,b46a87a2d801fc71f859049e7651be66b0ef7aa915449ce65af3833c05d858bf,1,covariance_frozen,7,0
cells/covariance_frozen__random_static_16__r2.npz,spatial_transformer,0.4903846153846154,random_static_16,1.3578196963234392,646abef5d4ae37a6fde1b2e1d7b3e76cbc393ee67d8155cd77c5ed26ccf7bc86,2,covariance_frozen,7,0
cells/covariance_frozen__random_static_16__r3.npz,spatial_transformer,0.5315934065934066,random_static_16,1.632839949108786,8e3c30a664bfb1a3af982d7449edb0042946933c5a948069db32523adab6dbf9,3,covariance_frozen,7,0
cells/covariance_frozen__random_static_16__r4.npz,spatial_transformer,0.5137362637362638,random_static_16,1.4469598335324982,c5690397b194342eeaf87623e2e575e9f509d112497076464507063fe96b9849,4,covariance_frozen,7,0
cells/covariance_frozen__dynamic_random_16__r0.npz,spatial_transformer,0.5315934065934066,dynamic_random_16,1.3568080675650023,2ba2d0658e506ba524cde2a0c478c56b293a5829543ed62c13198aab2380a9c6,0,covariance_frozen,7,0
cells/covariance_frozen__dynamic_random_16__r1.npz,spatial_transformer,0.49313186813186816,dynamic_random_16,1.5454977896044788,5191ce03ce731a29e2cc6d358066b418a287191dbcb422404c005f1327029a7b,1,covariance_frozen,7,0
cells/covariance_frozen__dynamic_random_16__r2.npz,spatial_transformer,0.4903846153846154,dynamic_random_16,1.6137381610551398,32e9a7eed84a3377a5cfb5a5c8c43262ff2108ca2fed499ba63ad38f07e1bc54,2,covariance_frozen,7,0
cells/covariance_frozen__dynamic_random_16__r3.npz,spatial_transformer,0.6085164835164836,dynamic_random_16,1.2633611949437096,632c7696a9e18c844c87a2bf6658688dca7cb5a741fefca0f7b58dd5efdf44b6,3,covariance_frozen,7,0
cells/covariance_frozen__dynamic_random_16__r4.npz,spatial_transformer,0.4917582417582418,dynamic_random_16,1.285553941157902,008d42079c945fcd232acd0bdbdaf3ff5e6368af96ae5c33ef647aa289b4e409,4,covariance_frozen,7,0
cells/covariance_frozen__random_static_6__r0.npz,spatial_transformer,0.1923076923076923,random_static_6,3.547973995023768,368c37c25327ea50f008540db1a8236e9080815c42e305a7f5748ce9b06b7b40,0,covariance_frozen,7,0
cells/covariance_frozen__random_static_6__r1.npz,spatial_transformer,0.2692307692307692,random_static_6,3.5957314842897343,73303d12702ec3b89943835dbe9408041bebee008a56819e710858d4c12ca460,1,covariance_frozen,7,0
cells/covariance_frozen__random_static_6__r2.npz,spatial_transformer,0.28846153846153844,random_static_6,3.212890698408772,817c0e5e82cdf32b606983e084d4615a89aa7a1dcbae37322202c562e27ed8ce,2,covariance_frozen,7,0
cells/covariance_frozen__random_static_6__r3.npz,spatial_transformer,0.2884615384615385,random_static_6,3.5041477910094057,ddd5f0664ae0737978e99205c1912989e1ef23062542dedf2127db7a05c02bdf,3,covariance_frozen,7,0
cells/covariance_frozen__random_static_6__r4.npz,spatial_transformer,0.2692307692307693,random_static_6,3.5508586698442612,0be43c6b0bfdcf1a5f2c67bb90d012111c1837558c00155e75ff95801d81d3c6,4,covariance_frozen,7,0
cells/covariance_frozen__dynamic_random_6__r0.npz,spatial_transformer,0.25,dynamic_random_6,3.5499138642724564,a07ad4ffda9b995dfe3bade95c565435d0f40603749f61fdf2f3cf8ddc584f81,0,covariance_frozen,7,0
cells/covariance_frozen__dynamic_random_6__r1.npz,spatial_transformer,0.2692307692307692,dynamic_random_6,3.6613270281033143,fafd284bd6d0a2ea845fbe36c7296ccba0f20db6a5808dfcb732b91d5f9e6433,1,covariance_frozen,7,0
cells/covariance_frozen__dynamic_random_6__r2.npz,spatial_transformer,0.2692307692307693,dynamic_random_6,3.515075557657903,af69b7d4cebae9da1507f437a109872d7183009cbd1aedf099ac9a99cf61ae72,2,covariance_frozen,7,0
cells/covariance_frozen__dynamic_random_6__r3.npz,spatial_transformer,0.3269230769230769,dynamic_random_6,3.5387075546918925,cc26ea7ce31b83be03e8a809a39d51f56ea17f782100f090dc3869fc5c11dc8f,3,covariance_frozen,7,0
cells/covariance_frozen__dynamic_random_6__r4.npz,spatial_transformer,0.19230769230769232,dynamic_random_6,3.574606399736208,f31475d2a478eb134a7dc9e80884f141e2003b79e99f6ee252e2cc2e9c65560a,4,covariance_frozen,7,0
cells/covariance_learned__full_22__r0.npz,spatial_transformer,0.6401098901098902,full_22,0.8332440117990473,cf52c514208e6f4e16a8e9d7df0acdc85299e90cb356c6d8b1cbb5a655fe8c1f,0,covariance_learned,7,0
cells/covariance_learned__random_static_16__r0.npz,spatial_transformer,0.5824175824175825,random_static_16,0.8927025172827001,7490c4a89bf84a04def12f7f39aa4d104db6f4bca799256f74c8e1873b17c04e,0,covariance_learned,7,0
cells/covariance_learned__random_static_16__r1.npz,spatial_transformer,0.6016483516483517,random_static_16,0.9426647578305389,b46a87a2d801fc71f859049e7651be66b0ef7aa915449ce65af3833c05d858bf,1,covariance_learned,7,0
cells/covariance_learned__random_static_16__r2.npz,spatial_transformer,0.5810439560439561,random_static_16,0.9386856215546474,646abef5d4ae37a6fde1b2e1d7b3e76cbc393ee67d8155cd77c5ed26ccf7bc86,2,covariance_learned,7,0
cells/covariance_learned__random_static_16__r3.npz,spatial_transformer,0.5041208791208791,random_static_16,0.9617439066083932,8e3c30a664bfb1a3af982d7449edb0042946933c5a948069db32523adab6dbf9,3,covariance_learned,7,0
cells/covariance_learned__random_static_16__r4.npz,spatial_transformer,0.5631868131868132,random_static_16,0.9969185873421575,c5690397b194342eeaf87623e2e575e9f509d112497076464507063fe96b9849,4,covariance_learned,7,0
cells/covariance_learned__dynamic_random_16__r0.npz,spatial_transformer,0.5247252747252747,dynamic_random_16,0.921130797466425,2ba2d0658e506ba524cde2a0c478c56b293a5829543ed62c13198aab2380a9c6,0,covariance_learned,7,0
cells/covariance_learned__dynamic_random_16__r1.npz,spatial_transformer,0.5824175824175825,dynamic_random_16,0.9610919589277844,5191ce03ce731a29e2cc6d358066b418a287191dbcb422404c005f1327029a7b,1,covariance_learned,7,0
cells/covariance_learned__dynamic_random_16__r2.npz,spatial_transformer,0.6016483516483516,dynamic_random_16,0.9222250862633941,32e9a7eed84a3377a5cfb5a5c8c43262ff2108ca2fed499ba63ad38f07e1bc54,2,covariance_learned,7,0
cells/covariance_learned__dynamic_random_16__r3.npz,spatial_transformer,0.5837912087912087,dynamic_random_16,0.753547953398549,632c7696a9e18c844c87a2bf6658688dca7cb5a741fefca0f7b58dd5efdf44b6,3,covariance_learned,7,0
cells/covariance_learned__dynamic_random_16__r4.npz,spatial_transformer,0.5824175824175825,dynamic_random_16,0.88186448737128,008d42079c945fcd232acd0bdbdaf3ff5e6368af96ae5c33ef647aa289b4e409,4,covariance_learned,7,0
cells/covariance_learned__random_static_6__r0.npz,spatial_transformer,0.4862637362637363,random_static_6,1.527532631324436,368c37c25327ea50f008540db1a8236e9080815c42e305a7f5748ce9b06b7b40,0,covariance_learned,7,0
cells/covariance_learned__random_static_6__r1.npz,spatial_transformer,0.42994505494505497,random_static_6,1.8496482602739632,73303d12702ec3b89943835dbe9408041bebee008a56819e710858d4c12ca460,1,covariance_learned,7,0
cells/covariance_learned__random_static_6__r2.npz,spatial_transformer,0.5453296703296703,random_static_6,1.480647931875134,817c0e5e82cdf32b606983e084d4615a89aa7a1dcbae37322202c562e27ed8ce,2,covariance_learned,7,0
cells/covariance_learned__random_static_6__r3.npz,spatial_transformer,0.4107142857142857,random_static_6,1.7332254523671595,ddd5f0664ae0737978e99205c1912989e1ef23062542dedf2127db7a05c02bdf,3,covariance_learned,7,0
cells/covariance_learned__random_static_6__r4.npz,spatial_transformer,0.4313186813186813,random_static_6,1.5427245805928578,0be43c6b0bfdcf1a5f2c67bb90d012111c1837558c00155e75ff95801d81d3c6,4,covariance_learned,7,0
cells/covariance_learned__dynamic_random_6__r0.npz,spatial_transformer,0.4684065934065934,dynamic_random_6,1.5032229121790304,a07ad4ffda9b995dfe3bade95c565435d0f40603749f61fdf2f3cf8ddc584f81,0,covariance_learned,7,0
cells/covariance_learned__dynamic_random_6__r1.npz,spatial_transformer,0.5068681318681318,dynamic_random_6,1.6185135761998293,fafd284bd6d0a2ea845fbe36c7296ccba0f20db6a5808dfcb732b91d5f9e6433,1,covariance_learned,7,0
cells/covariance_learned__dynamic_random_6__r2.npz,spatial_transformer,0.5645604395604396,dynamic_random_6,1.3490953184161552,af69b7d4cebae9da1507f437a109872d7183009cbd1aedf099ac9a99cf61ae72,2,covariance_learned,7,0
cells/covariance_learned__dynamic_random_6__r3.npz,spatial_transformer,0.5467032967032968,dynamic_random_6,1.4950487238296954,cc26ea7ce31b83be03e8a809a39d51f56ea17f782100f090dc3869fc5c11dc8f,3,covariance_learned,7,0
cells/covariance_learned__dynamic_random_6__r4.npz,spatial_transformer,0.5082417582417582,dynamic_random_6,1.50036271674618,f31475d2a478eb134a7dc9e80884f141e2003b79e99f6ee252e2cc2e9c65560a,4,covariance_learned,7,0
cells/tucker_frozen__full_22__r0.npz,spatial_transformer,0.6401098901098902,full_22,0.8332440117990473,cf52c514208e6f4e16a8e9d7df0acdc85299e90cb356c6d8b1cbb5a655fe8c1f,0,tucker_frozen,7,0
cells/tucker_frozen__random_static_16__r0.npz,spatial_transformer,0.23351648351648352,random_static_16,3.945712593091075,7490c4a89bf84a04def12f7f39aa4d104db6f4bca799256f74c8e1873b17c04e,0,tucker_frozen,7,0
cells/tucker_frozen__random_static_16__r1.npz,spatial_transformer,0.25137362637362637,random_static_16,3.9905987558029863,b46a87a2d801fc71f859049e7651be66b0ef7aa915449ce65af3833c05d858bf,1,tucker_frozen,7,0
cells/tucker_frozen__random_static_16__r2.npz,spatial_transformer,0.25137362637362637,random_static_16,3.8962165017500276,646abef5d4ae37a6fde1b2e1d7b3e76cbc393ee67d8155cd77c5ed26ccf7bc86,2,tucker_frozen,7,0
cells/tucker_frozen__random_static_16__r3.npz,spatial_transformer,0.25137362637362637,random_static_16,3.821999677629405,8e3c30a664bfb1a3af982d7449edb0042946933c5a948069db32523adab6dbf9,3,tucker_frozen,7,0
cells/tucker_frozen__random_static_16__r4.npz,spatial_transformer,0.2692307692307692,random_static_16,4.018468128517631,c5690397b194342eeaf87623e2e575e9f509d112497076464507063fe96b9849,4,tucker_frozen,7,0
cells/tucker_frozen__dynamic_random_16__r0.npz,spatial_transformer,0.2692307692307692,dynamic_random_16,3.9056985137688858,2ba2d0658e506ba524cde2a0c478c56b293a5829543ed62c13198aab2380a9c6,0,tucker_frozen,7,0
cells/tucker_frozen__dynamic_random_16__r1.npz,spatial_transformer,0.25,dynamic_random_16,3.847761286836177,5191ce03ce731a29e2cc6d358066b418a287191dbcb422404c005f1327029a7b,1,tucker_frozen,7,0
cells/tucker_frozen__dynamic_random_16__r2.npz,spatial_transformer,0.25,dynamic_random_16,3.78142536663887,32e9a7eed84a3377a5cfb5a5c8c43262ff2108ca2fed499ba63ad38f07e1bc54,2,tucker_frozen,7,0
cells/tucker_frozen__dynamic_random_16__r3.npz,spatial_transformer,0.25,dynamic_random_16,3.886049534656671,632c7696a9e18c844c87a2bf6658688dca7cb5a741fefca0f7b58dd5efdf44b6,3,tucker_frozen,7,0
cells/tucker_frozen__dynamic_random_16__r4.npz,spatial_transformer,0.25,dynamic_random_16,4.149965261378923,008d42079c945fcd232acd0bdbdaf3ff5e6368af96ae5c33ef647aa289b4e409,4,tucker_frozen,7,0
cells/tucker_frozen__random_static_6__r0.npz,spatial_transformer,0.23763736263736265,random_static_6,3.7798065728576127,368c37c25327ea50f008540db1a8236e9080815c42e305a7f5748ce9b06b7b40,0,tucker_frozen,7,0
cells/tucker_frozen__random_static_6__r1.npz,spatial_transformer,0.3118131868131868,random_static_6,3.816614060058806,73303d12702ec3b89943835dbe9408041bebee008a56819e710858d4c12ca460,1,tucker_frozen,7,0
cells/tucker_frozen__random_static_6__r2.npz,spatial_transformer,0.31456043956043955,random_static_6,3.0623466477960544,817c0e5e82cdf32b606983e084d4615a89aa7a1dcbae37322202c562e27ed8ce,2,tucker_frozen,7,0
cells/tucker_frozen__random_static_6__r3.npz,spatial_transformer,0.2925824175824176,random_static_6,3.868355524045107,ddd5f0664ae0737978e99205c1912989e1ef23062542dedf2127db7a05c02bdf,3,tucker_frozen,7,0
cells/tucker_frozen__random_static_6__r4.npz,spatial_transformer,0.27197802197802196,random_static_6,3.1001719828278373,0be43c6b0bfdcf1a5f2c67bb90d012111c1837558c00155e75ff95801d81d3c6,4,tucker_frozen,7,0
cells/tucker_frozen__dynamic_random_6__r0.npz,spatial_transformer,0.2912087912087912,dynamic_random_6,3.0615488913199673,a07ad4ffda9b995dfe3bade95c565435d0f40603749f61fdf2f3cf8ddc584f81,0,tucker_frozen,7,0
cells/tucker_frozen__dynamic_random_6__r1.npz,spatial_transformer,0.2925824175824176,dynamic_random_6,3.513390560400085,fafd284bd6d0a2ea845fbe36c7296ccba0f20db6a5808dfcb732b91d5f9e6433,1,tucker_frozen,7,0
cells/tucker_frozen__dynamic_random_6__r2.npz,spatial_transformer,0.3475274725274725,dynamic_random_6,2.7434393539239896,af69b7d4cebae9da1507f437a109872d7183009cbd1aedf099ac9a99cf61ae72,2,tucker_frozen,7,0
cells/tucker_frozen__dynamic_random_6__r3.npz,spatial_transformer,0.3076923076923077,dynamic_random_6,3.2817323095018747,cc26ea7ce31b83be03e8a809a39d51f56ea17f782100f090dc3869fc5c11dc8f,3,tucker_frozen,7,0
cells/tucker_frozen__dynamic_random_6__r4.npz,spatial_transformer,0.27060439560439564,dynamic_random_6,3.5207019735411462,f31475d2a478eb134a7dc9e80884f141e2003b79e99f6ee252e2cc2e9c65560a,4,tucker_frozen,7,0
cells/tucker_learned__full_22__r0.npz,spatial_transformer,0.6401098901098902,full_22,0.8332440117990473,cf52c514208e6f4e16a8e9d7df0acdc85299e90cb356c6d8b1cbb5a655fe8c1f,0,tucker_learned,7,0
cells/tucker_learned__random_static_16__r0.npz,spatial_transformer,0.27197802197802196,random_static_16,3.849196655958027,7490c4a89bf84a04def12f7f39aa4d104db6f4bca799256f74c8e1873b17c04e,0,tucker_learned,7,0
cells/tucker_learned__random_static_16__r1.npz,spatial_transformer,0.21565934065934067,random_static_16,3.8382155257536237,b46a87a2d801fc71f859049e7651be66b0ef7aa915449ce65af3833c05d858bf,1,tucker_learned,7,0
cells/tucker_learned__random_static_16__r2.npz,spatial_transformer,0.27060439560439564,random_static_16,3.720515221765822,646abef5d4ae37a6fde1b2e1d7b3e76cbc393ee67d8155cd77c5ed26ccf7bc86,2,tucker_learned,7,0
cells/tucker_learned__random_static_16__r3.npz,spatial_transformer,0.27060439560439564,random_static_16,3.6231719544706085,8e3c30a664bfb1a3af982d7449edb0042946933c5a948069db32523adab6dbf9,3,tucker_learned,7,0
cells/tucker_learned__random_static_16__r4.npz,spatial_transformer,0.28846153846153844,random_static_16,3.868023104161086,c5690397b194342eeaf87623e2e575e9f509d112497076464507063fe96b9849,4,tucker_learned,7,0
cells/tucker_learned__dynamic_random_16__r0.npz,spatial_transformer,0.25,dynamic_random_16,3.7703356597840316,2ba2d0658e506ba524cde2a0c478c56b293a5829543ed62c13198aab2380a9c6,0,tucker_learned,7,0
cells/tucker_learned__dynamic_random_16__r1.npz,spatial_transformer,0.25,dynamic_random_16,3.73268667809587,5191ce03ce731a29e2cc6d358066b418a287191dbcb422404c005f1327029a7b,1,tucker_learned,7,0
cells/tucker_learned__dynamic_random_16__r2.npz,spatial_transformer,0.2692307692307692,dynamic_random_16,3.652589364728443,32e9a7eed84a3377a5cfb5a5c8c43262ff2108ca2fed499ba63ad38f07e1bc54,2,tucker_learned,7,0
cells/tucker_learned__dynamic_random_16__r3.npz,spatial_transformer,0.25,dynamic_random_16,3.7228552458581996,632c7696a9e18c844c87a2bf6658688dca7cb5a741fefca0f7b58dd5efdf44b6,3,tucker_learned,7,0
cells/tucker_learned__dynamic_random_16__r4.npz,spatial_transformer,0.25,dynamic_random_16,4.030516663854279,008d42079c945fcd232acd0bdbdaf3ff5e6368af96ae5c33ef647aa289b4e409,4,tucker_learned,7,0
cells/tucker_learned__random_static_6__r0.npz,spatial_transformer,0.2760989010989011,random_static_6,3.5486103807724976,368c37c25327ea50f008540db1a8236e9080815c42e305a7f5748ce9b06b7b40,0,tucker_learned,7,0
cells/tucker_learned__random_static_6__r1.npz,spatial_transformer,0.2925824175824176,random_static_6,3.7085680289066,73303d12702ec3b89943835dbe9408041bebee008a56819e710858d4c12ca460,1,tucker_learned,7,0
cells/tucker_learned__random_static_6__r2.npz,spatial_transformer,0.3337912087912088,random_static_6,2.9750812009797944,817c0e5e82cdf32b606983e084d4615a89aa7a1dcbae37322202c562e27ed8ce,2,tucker_learned,7,0
cells/tucker_learned__random_static_6__r3.npz,spatial_transformer,0.3118131868131868,random_static_6,3.709094448578135,ddd5f0664ae0737978e99205c1912989e1ef23062542dedf2127db7a05c02bdf,3,tucker_learned,7,0
cells/tucker_learned__random_static_6__r4.npz,spatial_transformer,0.36813186813186816,random_static_6,2.734411628915575,0be43c6b0bfdcf1a5f2c67bb90d012111c1837558c00155e75ff95801d81d3c6,4,tucker_learned,7,0
cells/tucker_learned__dynamic_random_6__r0.npz,spatial_transformer,0.2733516483516484,dynamic_random_6,2.837996067472077,a07ad4ffda9b995dfe3bade95c565435d0f40603749f61fdf2f3cf8ddc584f81,0,tucker_learned,7,0
cells/tucker_learned__dynamic_random_6__r1.npz,spatial_transformer,0.2774725274725275,dynamic_random_6,3.274155817053216,fafd284bd6d0a2ea845fbe36c7296ccba0f20db6a5808dfcb732b91d5f9e6433,1,tucker_learned,7,0
cells/tucker_learned__dynamic_random_6__r2.npz,spatial_transformer,0.40796703296703296,dynamic_random_6,2.59646139863547,af69b7d4cebae9da1507f437a109872d7183009cbd1aedf099ac9a99cf61ae72,2,tucker_learned,7,0
cells/tucker_learned__dynamic_random_6__r3.npz,spatial_transformer,0.3489010989010989,dynamic_random_6,2.901636442824146,cc26ea7ce31b83be03e8a809a39d51f56ea17f782100f090dc3869fc5c11dc8f,3,tucker_learned,7,0
cells/tucker_learned__dynamic_random_6__r4.npz,spatial_transformer,0.3090659340659341,dynamic_random_6,3.0329492385051107,f31475d2a478eb134a7dc9e80884f141e2003b79e99f6ee252e2cc2e9c65560a,4,tucker_learned,7,0
cells/zero__full_22__r0.npz,spatial_transformer,0.75,full_22,0.5298506474459301,cf52c514208e6f4e16a8e9d7df0acdc85299e90cb356c6d8b1cbb5a655fe8c1f,0,zero,7,1
cells/zero__random_static_16__r0.npz,spatial_transformer,0.28846153846153844,random_static_16,4.2028380881424265,c702edcb5cf5357829e681cda17197ca96879bea1b582b83a41aa14557dd3fb1,0,zero,7,1
cells/zero__random_static_16__r1.npz,spatial_transformer,0.3076923076923077,random_static_16,3.9460909181754915,28fe8ea83042682be991bea89e5c9c1000b27b2866f1f70d80a06a0b8ca66415,1,zero,7,1
cells/zero__random_static_16__r2.npz,spatial_transformer,0.3269230769230769,random_static_16,4.0055586050997505,1e79dbb3b7590d9957d110e2ee8c3e732aefba3aa4af8cc40b2256a7aa02b8d3,2,zero,7,1
cells/zero__random_static_16__r3.npz,spatial_transformer,0.25274725274725274,random_static_16,4.050748067270929,29569b97006db72837a5e8b9026ba5829257788464bff9f0f85ef5e62fd8f00e,3,zero,7,1
cells/zero__random_static_16__r4.npz,spatial_transformer,0.3076923076923077,random_static_16,4.240465300692251,855f398215e4b684c3b6eb24c89bbc44730a7a4fae1bee9c5b845bdade2c3857,4,zero,7,1
cells/zero__dynamic_random_16__r0.npz,spatial_transformer,0.28846153846153844,dynamic_random_16,4.022360713280405,2817522f6b81f9f7c137bc8489d209157b8c709f5d369870993a06541ae77d92,0,zero,7,1
cells/zero__dynamic_random_16__r1.npz,spatial_transformer,0.25,dynamic_random_16,4.5732603370480565,592eff4397e3b993cb779d828ebc7bcd006c321ac3861083ed491704d18f4ab2,1,zero,7,1
cells/zero__dynamic_random_16__r2.npz,spatial_transformer,0.3269230769230769,dynamic_random_16,4.261476997750447,6c40b98c462b4b9696858af731853616ff8fd83cb53953a5a6d5766fd7b194e5,2,zero,7,1
cells/zero__dynamic_random_16__r3.npz,spatial_transformer,0.25,dynamic_random_16,4.586875117257299,e5c5d8593b8813357121cd3fdc68d4fcd716f7a0b5387aec9cee9e6b75fc9006,3,zero,7,1
cells/zero__dynamic_random_16__r4.npz,spatial_transformer,0.2692307692307692,dynamic_random_16,4.5425272843896405,7cd8ba0ca8b4270daceb63b72735eedada3a32b7d9224d0af1497f97cfe67588,4,zero,7,1
cells/zero__random_static_6__r0.npz,spatial_transformer,0.2733516483516484,random_static_6,3.8957734857766875,3266263a1a0eb78bb0d365c86cad97c22ab182d6de919b4ee2e115cf82556199,0,zero,7,1
cells/zero__random_static_6__r1.npz,spatial_transformer,0.27060439560439564,random_static_6,3.8518248184701367,2463f759a01dc6eb1df4c79b2c252fc0a588d422e4730850632b389542688b50,1,zero,7,1
cells/zero__random_static_6__r2.npz,spatial_transformer,0.28983516483516486,random_static_6,3.653905158252585,4b8f48ceb0266aa451e31edca13581716f225a9538d3dfabe8ccdf0c3a14a371,2,zero,7,1
cells/zero__random_static_6__r3.npz,spatial_transformer,0.33241758241758246,random_static_6,3.6809956059856526,a1ddc561f7989268b02cf8fabb65fa51e9c732c1a93db74a9de97764ba9e700d,3,zero,7,1
cells/zero__random_static_6__r4.npz,spatial_transformer,0.27197802197802196,random_static_6,4.05681377251557,047165a6f21c3c062a7b9b3c0d85d1a685fc84fb5d688bb676bc8c1cd093b6ae,4,zero,7,1
cells/zero__dynamic_random_6__r0.npz,spatial_transformer,0.23351648351648352,dynamic_random_6,4.095953732231999,566d261104b56c272960fa1d76443a9168e9cf2dc22ce726efae7cc7c0b05800,0,zero,7,1
cells/zero__dynamic_random_6__r1.npz,spatial_transformer,0.28983516483516486,dynamic_random_6,3.9737875081927045,92aaeb7751a4553829fbcbe2983fdbf14742cdc60ec8f16aca0e93d2017ed1e8,1,zero,7,1
cells/zero__dynamic_random_6__r2.npz,spatial_transformer,0.28983516483516486,dynamic_random_6,4.168001704759064,437f98eeefe4900ceeb433213f5f8dbf8cb7b3094c9041e488b866737728ca9c,2,zero,7,1
cells/zero__dynamic_random_6__r3.npz,spatial_transformer,0.3282967032967033,dynamic_random_6,3.4036113939569277,bce581ecc078f3107870f722a413b0b55ebd30702586b0ccfd95960a791cb137,3,zero,7,1
cells/zero__dynamic_random_6__r4.npz,spatial_transformer,0.17857142857142858,dynamic_random_6,4.416397826555517,9e4801e87cb3e88e5ebe5d444df044f37c23a4f1a146029d69a0a7dc99b7d238,4,zero,7,1
cells/covariance_frozen__full_22__r0.npz,spatial_transformer,0.75,full_22,0.5298506474459301,cf52c514208e6f4e16a8e9d7df0acdc85299e90cb356c6d8b1cbb5a655fe8c1f,0,covariance_frozen,7,1
cells/covariance_frozen__random_static_16__r0.npz,spatial_transformer,0.5645604395604396,random_static_16,0.8983910289019457,c702edcb5cf5357829e681cda17197ca96879bea1b582b83a41aa14557dd3fb1,0,covariance_frozen,7,1
cells/covariance_frozen__random_static_16__r1.npz,spatial_transformer,0.5837912087912088,random_static_16,1.1506263131628143,28fe8ea83042682be991bea89e5c9c1000b27b2866f1f70d80a06a0b8ca66415,1,covariance_frozen,7,1
cells/covariance_frozen__random_static_16__r2.npz,spatial_transformer,0.6208791208791209,random_static_16,0.9731187108615239,1e79dbb3b7590d9957d110e2ee8c3e732aefba3aa4af8cc40b2256a7aa02b8d3,2,covariance_frozen,7,1
cells/covariance_frozen__random_static_16__r3.npz,spatial_transformer,0.6016483516483516,random_static_16,1.2552519836908855,29569b97006db72837a5e8b9026ba5829257788464bff9f0f85ef5e62fd8f00e,3,covariance_frozen,7,1
cells/covariance_frozen__random_static_16__r4.npz,spatial_transformer,0.5082417582417582,random_static_16,1.2329265433017789,855f398215e4b684c3b6eb24c89bbc44730a7a4fae1bee9c5b845bdade2c3857,4,covariance_frozen,7,1
cells/covariance_frozen__dynamic_random_16__r0.npz,spatial_transformer,0.603021978021978,dynamic_random_16,0.9365502559020956,2817522f6b81f9f7c137bc8489d209157b8c709f5d369870993a06541ae77d92,0,covariance_frozen,7,1
cells/covariance_frozen__dynamic_random_16__r1.npz,spatial_transformer,0.5631868131868132,dynamic_random_16,0.964975538372847,592eff4397e3b993cb779d828ebc7bcd006c321ac3861083ed491704d18f4ab2,1,covariance_frozen,7,1
cells/covariance_frozen__dynamic_random_16__r2.npz,spatial_transformer,0.5260989010989011,dynamic_random_16,1.0218334949803864,6c40b98c462b4b9696858af731853616ff8fd83cb53953a5a6d5766fd7b194e5,2,covariance_frozen,7,1
cells/covariance_frozen__dynamic_random_16__r3.npz,spatial_transformer,0.6401098901098902,dynamic_random_16,1.1549467774756075,e5c5d8593b8813357121cd3fdc68d4fcd716f7a0b5387aec9cee9e6b75fc9006,3,covariance_frozen,7,1
cells/covariance_frozen__dynamic_random_16__r4.npz,spatial_transformer,0.6565934065934066,dynamic_random_16,0.8607783522468648,7cd8ba0ca8b4270daceb63b72735eedada3a32b7d9224d0af1497f97cfe67588,4,covariance_frozen,7,1
cells/covariance_frozen__random_static_6__r0.npz,spatial_transformer,0.28708791208791207,random_static_6,3.51829903798772,3266263a1a0eb78bb0d365c86cad97c22ab182d6de919b4ee2e115cf82556199,0,covariance_frozen,7,1
cells/covariance_frozen__random_static_6__r1.npz,spatial_transformer,0.3049450549450549,random_static_6,3.3582739472223184,2463f759a01dc6eb1df4c79b2c252fc0a588d422e4730850632b389542688b50,1,covariance_frozen,7,1
cells/covariance_frozen__random_static_6__r2.npz,spatial_transformer,0.2692307692307692,random_static_6,3.508623520224726,4b8f48ceb0266aa451e31edca13581716f225a9538d3dfabe8ccdf0c3a14a371,2,covariance_frozen,7,1
cells/covariance_frozen__random_static_6__r3.npz,spatial_transformer,0.3447802197802197,random_static_6,3.2344740622807664,a1ddc561f7989268b02cf8fabb65fa51e9c732c1a93db74a9de97764ba9e700d,3,covariance_frozen,7,1
cells/covariance_frozen__random_static_6__r4.npz,spatial_transformer,0.28708791208791207,random_static_6,3.5930369306247623,047165a6f21c3c062a7b9b3c0d85d1a685fc84fb5d688bb676bc8c1cd093b6ae,4,covariance_frozen,7,1
cells/covariance_frozen__dynamic_random_6__r0.npz,spatial_transformer,0.3063186813186813,dynamic_random_6,3.2253031071543523,566d261104b56c272960fa1d76443a9168e9cf2dc22ce726efae7cc7c0b05800,0,covariance_frozen,7,1
cells/covariance_frozen__dynamic_random_6__r1.npz,spatial_transformer,0.2692307692307692,dynamic_random_6,3.5276985323840755,92aaeb7751a4553829fbcbe2983fdbf14742cdc60ec8f16aca0e93d2017ed1e8,1,covariance_frozen,7,1
cells/covariance_frozen__dynamic_random_6__r2.npz,spatial_transformer,0.2692307692307692,dynamic_random_6,3.5735153048979256,437f98eeefe4900ceeb433213f5f8dbf8cb7b3094c9041e488b866737728ca9c,2,covariance_frozen,7,1
cells/covariance_frozen__dynamic_random_6__r3.npz,spatial_transformer,0.30631868131868134,dynamic_random_6,3.291150002015745,bce581ecc078f3107870f722a413b0b55ebd30702586b0ccfd95960a791cb137,3,covariance_frozen,7,1
cells/covariance_frozen__dynamic_random_6__r4.npz,spatial_transformer,0.25,dynamic_random_6,3.647351022509384,9e4801e87cb3e88e5ebe5d444df044f37c23a4f1a146029d69a0a7dc99b7d238,4,covariance_frozen,7,1
cells/covariance_learned__full_22__r0.npz,spatial_transformer,0.75,full_22,0.5298506474459301,cf52c514208e6f4e16a8e9d7df0acdc85299e90cb356c6d8b1cbb5a655fe8c1f,0,covariance_learned,7,1
cells/covariance_learned__random_static_16__r0.npz,spatial_transformer,0.7513736263736264,random_static_16,0.5182459245872262,c702edcb5cf5357829e681cda17197ca96879bea1b582b83a41aa14557dd3fb1,0,covariance_learned,7,1
cells/covariance_learned__random_static_16__r1.npz,spatial_transformer,0.7129120879120878,random_static_16,0.6337728415543746,28fe8ea83042682be991bea89e5c9c1000b27b2866f1f70d80a06a0b8ca66415,1,covariance_learned,7,1
cells/covariance_learned__random_static_16__r2.npz,spatial_transformer,0.7884615384615384,random_static_16,0.498654448666864,1e79dbb3b7590d9957d110e2ee8c3e732aefba3aa4af8cc40b2256a7aa02b8d3,2,covariance_learned,7,1
cells/covariance_learned__random_static_16__r3.npz,spatial_transformer,0.7115384615384616,random_static_16,0.6279331536031738,29569b97006db72837a5e8b9026ba5829257788464bff9f0f85ef5e62fd8f00e,3,covariance_learned,7,1
cells/covariance_learned__random_static_16__r4.npz,spatial_transformer,0.6923076923076923,random_static_16,0.7210714255469197,855f398215e4b684c3b6eb24c89bbc44730a7a4fae1bee9c5b845bdade2c3857,4,covariance_learned,7,1
cells/covariance_learned__dynamic_random_16__r0.npz,spatial_transformer,0.7115384615384615,dynamic_random_16,0.6808713301947562,2817522f6b81f9f7c137bc8489d209157b8c709f5d369870993a06541ae77d92,0,covariance_learned,7,1
cells/covariance_learned__dynamic_random_16__r1.npz,spatial_transformer,0.6923076923076923,dynamic_random_16,0.5963861841566841,592eff4397e3b993cb779d828ebc7bcd006c321ac3861083ed491704d18f4ab2,1,covariance_learned,7,1
cells/covariance_learned__dynamic_random_16__r2.npz,spatial_transformer,0.6923076923076923,dynamic_random_16,0.6518491874123113,6c40b98c462b4b9696858af731853616ff8fd83cb53953a5a6d5766fd7b194e5,2,covariance_learned,7,1
cells/covariance_learned__dynamic_random_16__r3.npz,spatial_transformer,0.6552197802197801,dynamic_random_16,0.701369744877583,e5c5d8593b8813357121cd3fdc68d4fcd716f7a0b5387aec9cee9e6b75fc9006,3,covariance_learned,7,1
cells/covariance_learned__dynamic_random_16__r4.npz,spatial_transformer,0.7321428571428572,dynamic_random_16,0.5668082548049294,7cd8ba0ca8b4270daceb63b72735eedada3a32b7d9224d0af1497f97cfe67588,4,covariance_learned,7,1
cells/covariance_learned__random_static_6__r0.npz,spatial_transformer,0.5096153846153846,random_static_6,1.3741951022292405,3266263a1a0eb78bb0d365c86cad97c22ab182d6de919b4ee2e115cf82556199,0,covariance_learned,7,1
cells/covariance_learned__random_static_6__r1.npz,spatial_transformer,0.5453296703296703,random_static_6,1.4737169998263935,2463f759a01dc6eb1df4c79b2c252fc0a588d422e4730850632b389542688b50,1,covariance_learned,7,1
cells/covariance_learned__random_static_6__r2.npz,spatial_transformer,0.5659340659340659,random_static_6,1.182358798494524,4b8f48ceb0266aa451e31edca13581716f225a9538d3dfabe8ccdf0c3a14a371,2,covariance_learned,7,1
cells/covariance_learned__random_static_6__r3.npz,spatial_transformer,0.5082417582417582,random_static_6,1.4411320029630719,a1ddc561f7989268b02cf8fabb65fa51e9c732c1a93db74a9de97764ba9e700d,3,covariance_learned,7,1
cells/covariance_learned__random_static_6__r4.npz,spatial_transformer,0.4697802197802198,random_static_6,1.3057331958110803,047165a6f21c3c062a7b9b3c0d85d1a685fc84fb5d688bb676bc8c1cd093b6ae,4,covariance_learned,7,1
cells/covariance_learned__dynamic_random_6__r0.npz,spatial_transformer,0.6208791208791209,dynamic_random_6,1.2297380924687258,566d261104b56c272960fa1d76443a9168e9cf2dc22ce726efae7cc7c0b05800,0,covariance_learned,7,1
cells/covariance_learned__dynamic_random_6__r1.npz,spatial_transformer,0.5288461538461539,dynamic_random_6,1.4985574204723995,92aaeb7751a4553829fbcbe2983fdbf14742cdc60ec8f16aca0e93d2017ed1e8,1,covariance_learned,7,1
cells/covariance_learned__dynamic_random_6__r2.npz,spatial_transformer,0.45054945054945056,dynamic_random_6,1.6310079688515604,437f98eeefe4900ceeb433213f5f8dbf8cb7b3094c9041e488b866737728ca9c,2,covariance_learned,7,1
cells/covariance_learned__dynamic_random_6__r3.npz,spatial_transformer,0.5631868131868132,dynamic_random_6,1.5277594916384138,bce581ecc078f3107870f722a413b0b55ebd30702586b0ccfd95960a791cb137,3,covariance_learned,7,1
cells/covariance_learned__dynamic_random_6__r4.npz,spatial_transformer,0.543956043956044,dynamic_random_6,1.323912510933242,9e4801e87cb3e88e5ebe5d444df044f37c23a4f1a146029d69a0a7dc99b7d238,4,covariance_learned,7,1
cells/tucker_frozen__full_22__r0.npz,spatial_transformer,0.75,full_22,0.5298506474459301,cf52c514208e6f4e16a8e9d7df0acdc85299e90cb356c6d8b1cbb5a655fe8c1f,0,tucker_frozen,7,1
cells/tucker_frozen__random_static_16__r0.npz,spatial_transformer,0.27060439560439564,random_static_16,4.169804429681172,c702edcb5cf5357829e681cda17197ca96879bea1b582b83a41aa14557dd3fb1,0,tucker_frozen,7,1
cells/tucker_frozen__random_static_16__r1.npz,spatial_transformer,0.3076923076923077,random_static_16,3.8606518829802603,28fe8ea83042682be991bea89e5c9c1000b27b2866f1f70d80a06a0b8ca66415,1,tucker_frozen,7,1
cells/tucker_frozen__random_static_16__r2.npz,spatial_transformer,0.3076923076923077,random_static_16,3.9492200475112864,1e79dbb3b7590d9957d110e2ee8c3e732aefba3aa4af8cc40b2256a7aa02b8d3,2,tucker_frozen,7,1
cells/tucker_frozen__random_static_16__r3.npz,spatial_transformer,0.25274725274725274,random_static_16,3.974677618968695,29569b97006db72837a5e8b9026ba5829257788464bff9f0f85ef5e62fd8f00e,3,tucker_frozen,7,1
cells/tucker_frozen__random_static_16__r4.npz,spatial_transformer,0.28846153846153844,random_static_16,4.153642574483556,855f398215e4b684c3b6eb24c89bbc44730a7a4fae1bee9c5b845bdade2c3857,4,tucker_frozen,7,1
cells/tucker_frozen__dynamic_random_16__r0.npz,spatial_transformer,0.3076923076923077,dynamic_random_16,3.9612895473583642,2817522f6b81f9f7c137bc8489d209157b8c709f5d369870993a06541ae77d92,0,tucker_frozen,7,1
cells/tucker_frozen__dynamic_random_16__r1.npz,spatial_transformer,0.23214285714285715,dynamic_random_16,4.492391059104827,592eff4397e3b993cb779d828ebc7bcd006c321ac3861083ed491704d18f4ab2,1,tucker_frozen,7,1
cells/tucker_frozen__dynamic_random_16__r2.npz,spatial_transformer,0.3269230769230769,dynamic_random_16,4.175546436102649,6c40b98c462b4b9696858af731853616ff8fd83cb53953a5a6d5766fd7b194e5,2,tucker_frozen,7,1
cells/tucker_frozen__dynamic_random_16__r3.npz,spatial_transformer,0.25,dynamic_random_16,4.545614606769687,e5c5d8593b8813357121cd3fdc68d4fcd716f7a0b5387aec9cee9e6b75fc9006,3,tucker_frozen,7,1
cells/tucker_frozen__dynamic_random_16__r4.npz,spatial_transformer,0.2692307692307692,dynamic_random_16,4.468381208226846,7cd8ba0ca8b4270daceb63b72735eedada3a32b7d9224d0af1497f97cfe67588,4,tucker_frozen,7,1
cells/tucker_frozen__random_static_6__r0.npz,spatial_transformer,0.2733516483516484,random_static_6,3.785389823808305,3266263a1a0eb78bb0d365c86cad97c22ab182d6de919b4ee2e115cf82556199,0,tucker_frozen,7,1
cells/tucker_frozen__random_static_6__r1.npz,spatial_transformer,0.27060439560439564,random_static_6,3.744430499766914,2463f759a01dc6eb1df4c79b2c252fc0a588d422e4730850632b389542688b50,1,tucker_frozen,7,1
cells/tucker_frozen__random_static_6__r2.npz,spatial_transformer,0.2912087912087912,random_static_6,3.533133134563689,4b8f48ceb0266aa451e31edca13581716f225a9538d3dfabe8ccdf0c3a14a371,2,tucker_frozen,7,1
cells/tucker_frozen__random_static_6__r3.npz,spatial_transformer,0.2953296703296704,random_static_6,3.685843134631134,a1ddc561f7989268b02cf8fabb65fa51e9c732c1a93db74a9de97764ba9e700d,3,tucker_frozen,7,1
cells/tucker_frozen__random_static_6__r4.npz,spatial_transformer,0.2733516483516484,random_static_6,4.009978913399872,047165a6f21c3c062a7b9b3c0d85d1a685fc84fb5d688bb676bc8c1cd093b6ae,4,tucker_frozen,7,1
cells/tucker_frozen__dynamic_random_6__r0.npz,spatial_transformer,0.28983516483516486,dynamic_random_6,3.9609475092668793,566d261104b56c272960fa1d76443a9168e9cf2dc22ce726efae7cc7c0b05800,0,tucker_frozen,7,1
cells/tucker_frozen__dynamic_random_6__r1.npz,spatial_transformer,0.27060439560439564,dynamic_random_6,3.8911079533301316,92aaeb7751a4553829fbcbe2983fdbf14742cdc60ec8f16aca0e93d2017ed1e8,1,tucker_frozen,7,1
cells/tucker_frozen__dynamic_random_6__r2.npz,spatial_transformer,0.25274725274725274,dynamic_random_6,4.0646029218249575,437f98eeefe4900ceeb433213f5f8dbf8cb7b3094c9041e488b866737728ca9c,2,tucker_frozen,7,1
cells/tucker_frozen__dynamic_random_6__r3.npz,spatial_transformer,0.3667582417582418,dynamic_random_6,3.2980190229327087,bce581ecc078f3107870f722a413b0b55ebd30702586b0ccfd95960a791cb137,3,tucker_frozen,7,1
cells/tucker_frozen__dynamic_random_6__r4.npz,spatial_transformer,0.19780219780219782,dynamic_random_6,4.358704568303475,9e4801e87cb3e88e5ebe5d444df044f37c23a4f1a146029d69a0a7dc99b7d238,4,tucker_frozen,7,1
cells/tucker_learned__full_22__r0.npz,spatial_transformer,0.75,full_22,0.5298506474459301,cf52c514208e6f4e16a8e9d7df0acdc85299e90cb356c6d8b1cbb5a655fe8c1f,0,tucker_learned,7,1
cells/tucker_learned__random_static_16__r0.npz,spatial_transformer,0.3282967032967033,random_static_16,3.9836327263706255,c702edcb5cf5357829e681cda17197ca96879bea1b582b83a41aa14557dd3fb1,0,tucker_learned,7,1
cells/tucker_learned__random_static_16__r1.npz,spatial_transformer,0.3653846153846154,random_static_16,3.506974164804114,28fe8ea83042682be991bea89e5c9c1000b27b2866f1f70d80a06a0b8ca66415,1,tucker_learned,7,1
cells/tucker_learned__random_static_16__r2.npz,spatial_transformer,0.38461538461538464,random_static_16,3.6794793268610073,1e79dbb3b7590d9957d110e2ee8c3e732aefba3aa4af8cc40b2256a7aa02b8d3,2,tucker_learned,7,1
cells/tucker_learned__random_static_16__r3.npz,spatial_transformer,0.2554945054945055,random_static_16,3.707636950058679,29569b97006db72837a5e8b9026ba5829257788464bff9f0f85ef5e62fd8f00e,3,tucker_learned,7,1
cells/tucker_learned__random_static_16__r4.npz,spatial_transformer,0.3269230769230769,random_static_16,3.9254452051447055,855f398215e4b684c3b6eb24c89bbc44730a7a4fae1bee9c5b845bdade2c3857,4,tucker_learned,7,1
cells/tucker_learned__dynamic_random_16__r0.npz,spatial_transformer,0.3269230769230769,dynamic_random_16,3.6580298376106652,2817522f6b81f9f7c137bc8489d209157b8c709f5d369870993a06541ae77d92,0,tucker_learned,7,1
cells/tucker_learned__dynamic_random_16__r1.npz,spatial_transformer,0.27060439560439564,dynamic_random_16,4.087616701815923,592eff4397e3b993cb779d828ebc7bcd006c321ac3861083ed491704d18f4ab2,1,tucker_learned,7,1
cells/tucker_learned__dynamic_random_16__r2.npz,spatial_transformer,0.3090659340659341,dynamic_random_16,3.9551487566095425,6c40b98c462b4b9696858af731853616ff8fd83cb53953a5a6d5766fd7b194e5,2,tucker_learned,7,1
cells/tucker_learned__dynamic_random_16__r3.npz,spatial_transformer,0.28846153846153844,dynamic_random_16,4.267637363802926,e5c5d8593b8813357121cd3fdc68d4fcd716f7a0b5387aec9cee9e6b75fc9006,3,tucker_learned,7,1
cells/tucker_learned__dynamic_random_16__r4.npz,spatial_transformer,0.28846153846153844,dynamic_random_16,4.194956440747017,7cd8ba0ca8b4270daceb63b72735eedada3a32b7d9224d0af1497f97cfe67588,4,tucker_learned,7,1
cells/tucker_learned__random_static_6__r0.npz,spatial_transformer,0.29395604395604397,random_static_6,3.5455469028139017,3266263a1a0eb78bb0d365c86cad97c22ab182d6de919b4ee2e115cf82556199,0,tucker_learned,7,1
cells/tucker_learned__random_static_6__r1.npz,spatial_transformer,0.2912087912087912,random_static_6,3.396459823126667,2463f759a01dc6eb1df4c79b2c252fc0a588d422e4730850632b389542688b50,1,tucker_learned,7,1
cells/tucker_learned__random_static_6__r2.npz,spatial_transformer,0.3131868131868132,random_static_6,3.0840990138238245,4b8f48ceb0266aa451e31edca13581716f225a9538d3dfabe8ccdf0c3a14a371,2,tucker_learned,7,1
cells/tucker_learned__random_static_6__r3.npz,spatial_transformer,0.3337912087912088,random_static_6,3.5274589792247406,a1ddc561f7989268b02cf8fabb65fa51e9c732c1a93db74a9de97764ba9e700d,3,tucker_learned,7,1
cells/tucker_learned__random_static_6__r4.npz,spatial_transformer,0.2733516483516484,random_static_6,4.002733736073688,047165a6f21c3c062a7b9b3c0d85d1a685fc84fb5d688bb676bc8c1cd093b6ae,4,tucker_learned,7,1
cells/tucker_learned__dynamic_random_6__r0.npz,spatial_transformer,0.3118131868131868,dynamic_random_6,3.467389372568069,566d261104b56c272960fa1d76443a9168e9cf2dc22ce726efae7cc7c0b05800,0,tucker_learned,7,1
cells/tucker_learned__dynamic_random_6__r1.npz,spatial_transformer,0.36813186813186816,dynamic_random_6,3.3948841621451886,92aaeb7751a4553829fbcbe2983fdbf14742cdc60ec8f16aca0e93d2017ed1e8,1,tucker_learned,7,1
cells/tucker_learned__dynamic_random_6__r2.npz,spatial_transformer,0.2554945054945055,dynamic_random_6,3.702014563294715,437f98eeefe4900ceeb433213f5f8dbf8cb7b3094c9041e488b866737728ca9c,2,tucker_learned,7,1
cells/tucker_learned__dynamic_random_6__r3.npz,spatial_transformer,0.38873626373626374,dynamic_random_6,2.8146460224150363,bce581ecc078f3107870f722a413b0b55ebd30702586b0ccfd95960a791cb137,3,tucker_learned,7,1
cells/tucker_learned__dynamic_random_6__r4.npz,spatial_transformer,0.20192307692307693,dynamic_random_6,3.937520024056473,9e4801e87cb3e88e5ebe5d444df044f37c23a4f1a146029d69a0a7dc99b7d238,4,tucker_learned,7,1
cells/zero__full_22__r0.npz,spatial_transformer,0.635989010989011,full_22,0.7056554450494366,cf52c514208e6f4e16a8e9d7df0acdc85299e90cb356c6d8b1cbb5a655fe8c1f,0,zero,7,2
cells/zero__random_static_16__r0.npz,spatial_transformer,0.2554945054945055,random_static_16,2.7567649803167025,9fad46041d203cf746f5e5a571a894363a511010da7c7999bd41aae574029b32,0,zero,7,2
cells/zero__random_static_16__r1.npz,spatial_transformer,0.29395604395604397,random_static_16,2.476332904974127,6259c24b2a82861d8a30d502a10ec2845bb04118f8ad06381dea40e281df3802,1,zero,7,2
cells/zero__random_static_16__r2.npz,spatial_transformer,0.3310439560439561,random_static_16,2.650378526517606,13d1a8cbcc33f85bf5680bf0ac39fd88630e77b6d199fe097912ce95ff5bf59a,2,zero,7,2
cells/zero__random_static_16__r3.npz,spatial_transformer,0.27197802197802196,random_static_16,2.5829369927687447,41e906d25d75e2ca5ad19fee70817530a2595feed56db0c00a72e070c87ed91c,3,zero,7,2
cells/zero__random_static_16__r4.npz,spatial_transformer,0.3090659340659341,random_static_16,2.6727733654730477,2f4e3a8865a4504f059adc51b869cfbf3b9a5c20483b9d7678ac5fd3ad7dccc5,4,zero,7,2
cells/zero__dynamic_random_16__r0.npz,spatial_transformer,0.29395604395604397,dynamic_random_16,2.79182195312175,fbfc7ecd35fab1bc139e17b49666f88f52390eb79b84edb69b0e197f0fa35386,0,zero,7,2
cells/zero__dynamic_random_16__r1.npz,spatial_transformer,0.28983516483516486,dynamic_random_16,2.8224592258874726,a0bed9308bda007d1e27ac4bc14a2aa0222219a04dfb60043e33caa2a5d19ce3,1,zero,7,2
cells/zero__dynamic_random_16__r2.npz,spatial_transformer,0.2912087912087912,dynamic_random_16,2.644386286524001,2eeb09923dfde4a4c15ee4c2fc2c6c8ee5e6356e9937a507dec63d96fa97b74b,2,zero,7,2
cells/zero__dynamic_random_16__r3.npz,spatial_transformer,0.2348901098901099,dynamic_random_16,2.9615111705621064,e1134e7a43036af1850b0a709ac0de3e07238988799ea7d13d187690cf585eaf,3,zero,7,2
cells/zero__dynamic_random_16__r4.npz,spatial_transformer,0.19780219780219782,dynamic_random_16,2.627392409964397,88c36f6d6f70566701f81571b4330efface8e536e07ec7cb5286005236208260,4,zero,7,2
cells/zero__random_static_6__r0.npz,spatial_transformer,0.3337912087912088,random_static_6,2.6297019249319655,68cd79620f6f1f06b1f6cd78c25bf4720fd9bea73cd7268fd935fce9f7795368,0,zero,7,2
cells/zero__random_static_6__r1.npz,spatial_transformer,0.2032967032967033,random_static_6,2.715126696289044,77d9903a016f6ab44712947aa3f7c3b704cd88f00f5e8e85842ff37ad967d1fe,1,zero,7,2
cells/zero__random_static_6__r2.npz,spatial_transformer,0.31456043956043955,random_static_6,2.3942880396073174,233c17adcdb6072aa64c1d85a54ef6a5800cde2c1b9aeee5a8e955d9078776cf,2,zero,7,2
cells/zero__random_static_6__r3.npz,spatial_transformer,0.33241758241758246,random_static_6,2.568784657095543,eae4a6cc7e5d42e31b5d9565e03989e53c601a39b1d23fe2bf258ec56d0824ae,3,zero,7,2
cells/zero__random_static_6__r4.npz,spatial_transformer,0.2568681318681319,random_static_6,2.7696810786482557,de5f1ab03e30f12812ede20fdb2612298e445da0a867bdc5dc5f3a3176b930f9,4,zero,7,2
cells/zero__dynamic_random_6__r0.npz,spatial_transformer,0.2912087912087912,dynamic_random_6,2.600313303842515,536630d0a2bdd5703668c5dec33c31f089c1a32bae4c7ac960a78f018c547c23,0,zero,7,2
cells/zero__dynamic_random_6__r1.npz,spatial_transformer,0.2760989010989011,dynamic_random_6,2.6307939604523725,ae7c7fec1aa582f67e760c6e59fca8c587242a2a9deeaaec432e9295f4fd26d6,1,zero,7,2
cells/zero__dynamic_random_6__r2.npz,spatial_transformer,0.3090659340659341,dynamic_random_6,2.746871588270926,2233feebb5e9373ddf11ed84902493b761caacf7449fe10dca1c3caf45e00532,2,zero,7,2
cells/zero__dynamic_random_6__r3.npz,spatial_transformer,0.2953296703296704,dynamic_random_6,2.5088074008927004,faee1922e0af431a6f49a477c545615d500089d12a7a23762659d65ad7d74a5c,3,zero,7,2
cells/zero__dynamic_random_6__r4.npz,spatial_transformer,0.23763736263736265,dynamic_random_6,2.864786189950138,91bdb43e1beb38cfd4b579d675811bb05d13821ff04284e981bae06969b74370,4,zero,7,2
cells/covariance_frozen__full_22__r0.npz,spatial_transformer,0.635989010989011,full_22,0.7056554450494366,cf52c514208e6f4e16a8e9d7df0acdc85299e90cb356c6d8b1cbb5a655fe8c1f,0,covariance_frozen,7,2
cells/covariance_frozen__random_static_16__r0.npz,spatial_transformer,0.3585164835164836,random_static_16,1.2849008499080004,9fad46041d203cf746f5e5a571a894363a511010da7c7999bd41aae574029b32,0,covariance_frozen,7,2
cells/covariance_frozen__random_static_16__r1.npz,spatial_transformer,0.3791208791208791,random_static_16,1.1619676504196519,6259c24b2a82861d8a30d502a10ec2845bb04118f8ad06381dea40e281df3802,1,covariance_frozen,7,2
cells/covariance_frozen__random_static_16__r2.npz,spatial_transformer,0.5673076923076923,random_static_16,1.3075174814260053,13d1a8cbcc33f85bf5680bf0ac39fd88630e77b6d199fe097912ce95ff5bf59a,2,covariance_frozen,7,2
cells/covariance_frozen__random_static_16__r3.npz,spatial_transformer,0.5288461538461539,random_static_16,0.9684188154166125,41e906d25d75e2ca5ad19fee70817530a2595feed56db0c00a72e070c87ed91c,3,covariance_frozen,7,2
cells/covariance_frozen__random_static_16__r4.npz,spatial_transformer,0.41620879120879123,random_static_16,1.3782507278212925,2f4e3a8865a4504f059adc51b869cfbf3b9a5c20483b9d7678ac5fd3ad7dccc5,4,covariance_frozen,7,2
cells/covariance_frozen__dynamic_random_16__r0.npz,spatial_transformer,0.47252747252747257,dynamic_random_16,1.3101149294852454,fbfc7ecd35fab1bc139e17b49666f88f52390eb79b84edb69b0e197f0fa35386,0,covariance_frozen,7,2
cells/covariance_frozen__dynamic_random_16__r1.npz,spatial_transformer,0.543956043956044,dynamic_random_16,0.913893246559347,a0bed9308bda007d1e27ac4bc14a2aa0222219a04dfb60043e33caa2a5d19ce3,1,covariance_frozen,7,2
cells/covariance_frozen__dynamic_random_16__r2.npz,spatial_transformer,0.5467032967032968,dynamic_random_16,1.0472101608162099,2eeb09923dfde4a4c15ee4c2fc2c6c8ee5e6356e9937a507dec63d96fa97b74b,2,covariance_frozen,7,2
cells/covariance_frozen__dynamic_random_16__r3.npz,spatial_transformer,0.3200549450549451,dynamic_random_16,1.3022885905729071,e1134e7a43036af1850b0a709ac0de3e07238988799ea7d13d187690cf585eaf,3,covariance_frozen,7,2
cells/covariance_frozen__dynamic_random_16__r4.npz,spatial_transformer,0.5096153846153846,dynamic_random_16,1.0684199784707824,88c36f6d6f70566701f81571b4330efface8e536e07ec7cb5286005236208260,4,covariance_frozen,7,2
cells/covariance_frozen__random_static_6__r0.npz,spatial_transformer,0.32554945054945056,random_static_6,2.792641977173377,68cd79620f6f1f06b1f6cd78c25bf4720fd9bea73cd7268fd935fce9f7795368,0,covariance_frozen,7,2
cells/covariance_frozen__random_static_6__r1.npz,spatial_transformer,0.26785714285714285,random_static_6,2.6756438991019293,77d9903a016f6ab44712947aa3f7c3b704cd88f00f5e8e85842ff37ad967d1fe,1,covariance_frozen,7,2
cells/covariance_frozen__random_static_6__r2.npz,spatial_transformer,0.24862637362637363,random_static_6,2.7264665138557125,233c17adcdb6072aa64c1d85a54ef6a5800cde2c1b9aeee5a8e955d9078776cf,2,covariance_frozen,7,2
cells/covariance_frozen__random_static_6__r3.npz,spatial_transformer,0.28846153846153844,random_static_6,2.774891661954109,eae4a6cc7e5d42e31b5d9565e03989e53c601a39b1d23fe2bf258ec56d0824ae,3,covariance_frozen,7,2
cells/covariance_frozen__random_static_6__r4.npz,spatial_transformer,0.25,random_static_6,2.7268322919759207,de5f1ab03e30f12812ede20fdb2612298e445da0a867bdc5dc5f3a3176b930f9,4,covariance_frozen,7,2
cells/covariance_frozen__dynamic_random_6__r0.npz,spatial_transformer,0.23076923076923078,dynamic_random_6,2.614496238118249,536630d0a2bdd5703668c5dec33c31f089c1a32bae4c7ac960a78f018c547c23,0,covariance_frozen,7,2
cells/covariance_frozen__dynamic_random_6__r1.npz,spatial_transformer,0.25,dynamic_random_6,2.8041990487438193,ae7c7fec1aa582f67e760c6e59fca8c587242a2a9deeaaec432e9295f4fd26d6,1,covariance_frozen,7,2
cells/covariance_frozen__dynamic_random_6__r2.npz,spatial_transformer,0.21153846153846154,dynamic_random_6,2.7348635504179644,2233feebb5e9373ddf11ed84902493b761caacf7449fe10dca1c3caf45e00532,2,covariance_frozen,7,2
cells/covariance_frozen__dynamic_random_6__r3.npz,spatial_transformer,0.15384615384615385,dynamic_random_6,2.8588772648365834,faee1922e0af431a6f49a477c545615d500089d12a7a23762659d65ad7d74a5c,3,covariance_frozen,7,2
cells/covariance_frozen__dynamic_random_6__r4.npz,spatial_transformer,0.3076923076923077,dynamic_random_6,2.7310762126773103,91bdb43e1beb38cfd4b579d675811bb05d13821ff04284e981bae06969b74370,4,covariance_frozen,7,2
cells/covariance_learned__full_22__r0.npz,spatial_transformer,0.635989010989011,full_22,0.7056554450494366,cf52c514208e6f4e16a8e9d7df0acdc85299e90cb356c6d8b1cbb5a655fe8c1f,0,covariance_learned,7,2
cells/covariance_learned__random_static_16__r0.npz,spatial_transformer,0.4532967032967033,random_static_16,0.8153837874902287,9fad46041d203cf746f5e5a571a894363a511010da7c7999bd41aae574029b32,0,covariance_learned,7,2
cells/covariance_learned__random_static_16__r1.npz,spatial_transformer,0.543956043956044,random_static_16,0.8285788843777943,6259c24b2a82861d8a30d502a10ec2845bb04118f8ad06381dea40e281df3802,1,covariance_learned,7,2
cells/covariance_learned__random_static_16__r2.npz,spatial_transformer,0.6414835164835164,random_static_16,0.7726404819573732,13d1a8cbcc33f85bf5680bf0ac39fd88630e77b6d199fe097912ce95ff5bf59a,2,covariance_learned,7,2
cells/covariance_learned__random_static_16__r3.npz,spatial_transformer,0.5453296703296703,random_static_16,0.8225529750447418,41e906d25d75e2ca5ad19fee70817530a2595feed56db0c00a72e070c87ed91c,3,covariance_learned,7,2
cells/covariance_learned__random_static_16__r4.npz,spatial_transformer,0.5288461538461539,random_static_16,0.747484081256485,2f4e3a8865a4504f059adc51b869cfbf3b9a5c20483b9d7678ac5fd3ad7dccc5,4,covariance_learned,7,2
cells/covariance_learned__dynamic_random_16__r0.npz,spatial_transformer,0.5851648351648351,dynamic_random_16,0.8297522395506582,fbfc7ecd35fab1bc139e17b49666f88f52390eb79b84edb69b0e197f0fa35386,0,covariance_learned,7,2
cells/covariance_learned__dynamic_random_16__r1.npz,spatial_transformer,0.5989010989010989,dynamic_random_16,0.7644565156498927,a0bed9308bda007d1e27ac4bc14a2aa0222219a04dfb60043e33caa2a5d19ce3,1,covariance_learned,7,2
cells/covariance_learned__dynamic_random_16__r2.npz,spatial_transformer,0.6208791208791209,dynamic_random_16,0.8613889303466558,2eeb09923dfde4a4c15ee4c2fc2c6c8ee5e6356e9937a507dec63d96fa97b74b,2,covariance_learned,7,2
cells/covariance_learned__dynamic_random_16__r3.npz,spatial_transformer,0.35302197802197804,dynamic_random_16,0.9997829321659489,e1134e7a43036af1850b0a709ac0de3e07238988799ea7d13d187690cf585eaf,3,covariance_learned,7,2
cells/covariance_learned__dynamic_random_16__r4.npz,spatial_transformer,0.5453296703296704,dynamic_random_16,0.8554008836273134,88c36f6d6f70566701f81571b4330efface8e536e07ec7cb5286005236208260,4,covariance_learned,7,2
cells/covariance_learned__random_static_6__r0.npz,spatial_transformer,0.4326923076923077,random_static_6,1.5891437515283353,68cd79620f6f1f06b1f6cd78c25bf4720fd9bea73cd7268fd935fce9f7795368,0,covariance_learned,7,2
cells/covariance_learned__random_static_6__r1.npz,spatial_transformer,0.3585164835164836,random_static_6,1.619187567131573,77d9903a016f6ab44712947aa3f7c3b704cd88f00f5e8e85842ff37ad967d1fe,1,covariance_learned,7,2
cells/covariance_learned__random_static_6__r2.npz,spatial_transformer,0.43131868131868134,random_static_6,1.303562139042379,233c17adcdb6072aa64c1d85a54ef6a5800cde2c1b9aeee5a8e955d9078776cf,2,covariance_learned,7,2
cells/covariance_learned__random_static_6__r3.npz,spatial_transformer,0.5425824175824175,random_static_6,1.3352995837311599,eae4a6cc7e5d42e31b5d9565e03989e53c601a39b1d23fe2bf258ec56d0824ae,3,covariance_learned,7,2
cells/covariance_learned__random_static_6__r4.npz,spatial_transformer,0.4697802197802198,random_static_6,1.5436184183466244,de5f1ab03e30f12812ede20fdb2612298e445da0a867bdc5dc5f3a3176b930f9,4,covariance_learned,7,2
cells/covariance_learned__dynamic_random_6__r0.npz,spatial_transformer,0.4697802197802198,dynamic_random_6,1.344691881926956,536630d0a2bdd5703668c5dec33c31f089c1a32bae4c7ac960a78f018c547c23,0,covariance_learned,7,2
cells/covariance_learned__dynamic_random_6__r1.npz,spatial_transformer,0.39560439560439564,dynamic_random_6,1.452588470451789,ae7c7fec1aa582f67e760c6e59fca8c587242a2a9deeaaec432e9295f4fd26d6,1,covariance_learned,7,2
cells/covariance_learned__dynamic_random_6__r2.npz,spatial_transformer,0.4120879120879121,dynamic_random_6,1.3725850834789544,2233feebb5e9373ddf11ed84902493b761caacf7449fe10dca1c3caf45e00532,2,covariance_learned,7,2
cells/covariance_learned__dynamic_random_6__r3.npz,spatial_transformer,0.3159340659340659,dynamic_random_6,1.5703109685635221,faee1922e0af431a6f49a477c545615d500089d12a7a23762659d65ad7d74a5c,3,covariance_learned,7,2
cells/covariance_learned__dynamic_random_6__r4.npz,spatial_transformer,0.4120879120879121,dynamic_random_6,1.3227576005631763,91bdb43e1beb38cfd4b579d675811bb05d13821ff04284e981bae06969b74370,4,covariance_learned,7,2
cells/tucker_frozen__full_22__r0.npz,spatial_transformer,0.635989010989011,full_22,0.7056554450494366,cf52c514208e6f4e16a8e9d7df0acdc85299e90cb356c6d8b1cbb5a655fe8c1f,0,tucker_frozen,7,2
cells/tucker_frozen__random_static_16__r0.npz,spatial_transformer,0.27472527472527475,random_static_16,2.7323744441200386,9fad46041d203cf746f5e5a571a894363a511010da7c7999bd41aae574029b32,0,tucker_frozen,7,2
cells/tucker_frozen__random_static_16__r1.npz,spatial_transformer,0.29395604395604397,random_static_16,2.431129371085553,6259c24b2a82861d8a30d502a10ec2845bb04118f8ad06381dea40e281df3802,1,tucker_frozen,7,2
cells/tucker_frozen__random_static_16__r2.npz,spatial_transformer,0.3118131868131868,random_static_16,2.663676554939103,13d1a8cbcc33f85bf5680bf0ac39fd88630e77b6d199fe097912ce95ff5bf59a,2,tucker_frozen,7,2
cells/tucker_frozen__random_static_16__r3.npz,spatial_transformer,0.31043956043956045,random_static_16,2.4624354929047043,41e906d25d75e2ca5ad19fee70817530a2595feed56db0c00a72e070c87ed91c,3,tucker_frozen,7,2
cells/tucker_frozen__random_static_16__r4.npz,spatial_transformer,0.2912087912087912,random_static_16,2.6814627729156424,2f4e3a8865a4504f059adc51b869cfbf3b9a5c20483b9d7678ac5fd3ad7dccc5,4,tucker_frozen,7,2
cells/tucker_frozen__dynamic_random_16__r0.npz,spatial_transformer,0.29395604395604397,dynamic_random_16,2.7125119855392845,fbfc7ecd35fab1bc139e17b49666f88f52390eb79b84edb69b0e197f0fa35386,0,tucker_frozen,7,2
cells/tucker_frozen__dynamic_random_16__r1.npz,spatial_transformer,0.28983516483516486,dynamic_random_16,2.766232659573318,a0bed9308bda007d1e27ac4bc14a2aa0222219a04dfb60043e33caa2a5d19ce3,1,tucker_frozen,7,2
cells/tucker_frozen__dynamic_random_16__r2.npz,spatial_transformer,0.31043956043956045,dynamic_random_16,2.567317735031266,2eeb09923dfde4a4c15ee4c2fc2c6c8ee5e6356e9937a507dec63d96fa97b74b,2,tucker_frozen,7,2
cells/tucker_frozen__dynamic_random_16__r3.npz,spatial_transformer,0.2348901098901099,dynamic_random_16,2.9070121430876537,e1134e7a43036af1850b0a709ac0de3e07238988799ea7d13d187690cf585eaf,3,tucker_frozen,7,2
cells/tucker_frozen__dynamic_random_16__r4.npz,spatial_transformer,0.21703296703296704,dynamic_random_16,2.6043750363659997,88c36f6d6f70566701f81571b4330efface8e536e07ec7cb5286005236208260,4,tucker_frozen,7,2
cells/tucker_frozen__random_static_6__r0.npz,spatial_transformer,0.3159340659340659,random_static_6,2.626515978771945,68cd79620f6f1f06b1f6cd78c25bf4720fd9bea73cd7268fd935fce9f7795368,0,tucker_frozen,7,2
cells/tucker_frozen__random_static_6__r1.npz,spatial_transformer,0.22252747252747251,random_static_6,2.7281451373971004,77d9903a016f6ab44712947aa3f7c3b704cd88f00f5e8e85842ff37ad967d1fe,1,tucker_frozen,7,2
cells/tucker_frozen__random_static_6__r2.npz,spatial_transformer,0.31456043956043955,random_static_6,2.36342518431047,233c17adcdb6072aa64c1d85a54ef6a5800cde2c1b9aeee5a8e955d9078776cf,2,tucker_frozen,7,2
cells/tucker_frozen__random_static_6__r3.npz,spatial_transformer,0.33241758241758246,random_static_6,2.462327073951126,eae4a6cc7e5d42e31b5d9565e03989e53c601a39b1d23fe2bf258ec56d0824ae,3,tucker_frozen,7,2
cells/tucker_frozen__random_static_6__r4.npz,spatial_transformer,0.27472527472527475,random_static_6,2.6510358951682784,de5f1ab03e30f12812ede20fdb2612298e445da0a867bdc5dc5f3a3176b930f9,4,tucker_frozen,7,2
cells/tucker_frozen__dynamic_random_6__r0.npz,spatial_transformer,0.2925824175824176,dynamic_random_6,2.6018141750473265,536630d0a2bdd5703668c5dec33c31f089c1a32bae4c7ac960a78f018c547c23,0,tucker_frozen,7,2
cells/tucker_frozen__dynamic_random_6__r1.npz,spatial_transformer,0.2760989010989011,dynamic_random_6,2.589133452822182,ae7c7fec1aa582f67e760c6e59fca8c587242a2a9deeaaec432e9295f4fd26d6,1,tucker_frozen,7,2
cells/tucker_frozen__dynamic_random_6__r2.npz,spatial_transformer,0.3118131868131868,dynamic_random_6,2.6165761477648797,2233feebb5e9373ddf11ed84902493b761caacf7449fe10dca1c3caf45e00532,2,tucker_frozen,7,2
cells/tucker_frozen__dynamic_random_6__r3.npz,spatial_transformer,0.2774725274725275,dynamic_random_6,2.373455252202032,faee1922e0af431a6f49a477c545615d500089d12a7a23762659d65ad7d74a5c,3,tucker_frozen,7,2
cells/tucker_frozen__dynamic_random_6__r4.npz,spatial_transformer,0.23763736263736265,dynamic_random_6,2.802224984021339,91bdb43e1beb38cfd4b579d675811bb05d13821ff04284e981bae06969b74370,4,tucker_frozen,7,2
cells/tucker_learned__full_22__r0.npz,spatial_transformer,0.635989010989011,full_22,0.7056554450494366,cf52c514208e6f4e16a8e9d7df0acdc85299e90cb356c6d8b1cbb5a655fe8c1f,0,tucker_learned,7,2
cells/tucker_learned__random_static_16__r0.npz,spatial_transformer,0.27472527472527475,random_static_16,2.7323744441200386,9fad46041d203cf746f5e5a571a894363a511010da7c7999bd41aae574029b32,0,tucker_learned,7,2
cells/tucker_learned__random_static_16__r1.npz,spatial_transformer,0.29395604395604397,random_static_16,2.431129371085553,6259c24b2a82861d8a30d502a10ec2845bb04118f8ad06381dea40e281df3802,1,tucker_learned,7,2
cells/tucker_learned__random_static_16__r2.npz,spatial_transformer,0.3118131868131868,random_static_16,2.663676554939103,13d1a8cbcc33f85bf5680bf0ac39fd88630e77b6d199fe097912ce95ff5bf59a,2,tucker_learned,7,2
cells/tucker_learned__random_static_16__r3.npz,spatial_transformer,0.31043956043956045,random_static_16,2.4624354929047043,41e906d25d75e2ca5ad19fee70817530a2595feed56db0c00a72e070c87ed91c,3,tucker_learned,7,2
cells/tucker_learned__random_static_16__r4.npz,spatial_transformer,0.2912087912087912,random_static_16,2.6814627729156424,2f4e3a8865a4504f059adc51b869cfbf3b9a5c20483b9d7678ac5fd3ad7dccc5,4,tucker_learned,7,2
cells/tucker_learned__dynamic_random_16__r0.npz,spatial_transformer,0.29395604395604397,dynamic_random_16,2.7125119855392845,fbfc7ecd35fab1bc139e17b49666f88f52390eb79b84edb69b0e197f0fa35386,0,tucker_learned,7,2
cells/tucker_learned__dynamic_random_16__r1.npz,spatial_transformer,0.28983516483516486,dynamic_random_16,2.766232659573318,a0bed9308bda007d1e27ac4bc14a2aa0222219a04dfb60043e33caa2a5d19ce3,1,tucker_learned,7,2
cells/tucker_learned__dynamic_random_16__r2.npz,spatial_transformer,0.31043956043956045,dynamic_random_16,2.567317735031266,2eeb09923dfde4a4c15ee4c2fc2c6c8ee5e6356e9937a507dec63d96fa97b74b,2,tucker_learned,7,2
cells/tucker_learned__dynamic_random_16__r3.npz,spatial_transformer,0.2348901098901099,dynamic_random_16,2.9070121430876537,e1134e7a43036af1850b0a709ac0de3e07238988799ea7d13d187690cf585eaf,3,tucker_learned,7,2
cells/tucker_learned__dynamic_random_16__r4.npz,spatial_transformer,0.21703296703296704,dynamic_random_16,2.6043750363659997,88c36f6d6f70566701f81571b4330efface8e536e07ec7cb5286005236208260,4,tucker_learned,7,2
cells/tucker_learned__random_static_6__r0.npz,spatial_transformer,0.3159340659340659,random_static_6,2.626515978771945,68cd79620f6f1f06b1f6cd78c25bf4720fd9bea73cd7268fd935fce9f7795368,0,tucker_learned,7,2
cells/tucker_learned__random_static_6__r1.npz,spatial_transformer,0.22252747252747251,random_static_6,2.7281451373971004,77d9903a016f6ab44712947aa3f7c3b704cd88f00f5e8e85842ff37ad967d1fe,1,tucker_learned,7,2
cells/tucker_learned__random_static_6__r2.npz,spatial_transformer,0.31456043956043955,random_static_6,2.36342518431047,233c17adcdb6072aa64c1d85a54ef6a5800cde2c1b9aeee5a8e955d9078776cf,2,tucker_learned,7,2
cells/tucker_learned__random_static_6__r3.npz,spatial_transformer,0.33241758241758246,random_static_6,2.462327073951126,eae4a6cc7e5d42e31b5d9565e03989e53c601a39b1d23fe2bf258ec56d0824ae,3,tucker_learned,7,2
cells/tucker_learned__random_static_6__r4.npz,spatial_transformer,0.27472527472527475,random_static_6,2.6510358951682784,de5f1ab03e30f12812ede20fdb2612298e445da0a867bdc5dc5f3a3176b930f9,4,tucker_learned,7,2
cells/tucker_learned__dynamic_random_6__r0.npz,spatial_transformer,0.2925824175824176,dynamic_random_6,2.6018141750473265,536630d0a2bdd5703668c5dec33c31f089c1a32bae4c7ac960a78f018c547c23,0,tucker_learned,7,2
cells/tucker_learned__dynamic_random_6__r1.npz,spatial_transformer,0.2760989010989011,dynamic_random_6,2.589133452822182,ae7c7fec1aa582f67e760c6e59fca8c587242a2a9deeaaec432e9295f4fd26d6,1,tucker_learned,7,2
cells/tucker_learned__dynamic_random_6__r2.npz,spatial_transformer,0.3118131868131868,dynamic_random_6,2.6165761477648797,2233feebb5e9373ddf11ed84902493b761caacf7449fe10dca1c3caf45e00532,2,tucker_learned,7,2
cells/tucker_learned__dynamic_random_6__r3.npz,spatial_transformer,0.2774725274725275,dynamic_random_6,2.373455252202032,faee1922e0af431a6f49a477c545615d500089d12a7a23762659d65ad7d74a5c,3,tucker_learned,7,2
cells/tucker_learned__dynamic_random_6__r4.npz,spatial_transformer,0.23763736263736265,dynamic_random_6,2.802224984021339,91bdb43e1beb38cfd4b579d675811bb05d13821ff04284e981bae06969b74370,4,tucker_learned,7,2
cells/zero__full_22__r0.npz,spatial_transformer,0.7953296703296703,full_22,0.6806375702575489,cf52c514208e6f4e16a8e9d7df0acdc85299e90cb356c6d8b1cbb5a655fe8c1f,0,zero,8,0
cells/zero__random_static_16__r0.npz,spatial_transformer,0.44368131868131866,random_static_16,2.0533243740944527,6ad7898261246c6caa9815b454d3e80e8f52baf94da57427351395be8480996b,0,zero,8,0
cells/zero__random_static_16__r1.npz,spatial_transformer,0.3667582417582418,random_static_16,2.2179104504714693,0fd73d7efebc61be7a25f502881140ac4a7568160998e2d766d3b3c452f533b9,1,zero,8,0
cells/zero__random_static_16__r2.npz,spatial_transformer,0.4052197802197802,random_static_16,2.270968522151467,643191908796aed7b17cf88c4737fd80928c4f2fa6f3856294574f235dde6a6c,2,zero,8,0
cells/zero__random_static_16__r3.npz,spatial_transformer,0.40796703296703296,random_static_16,2.3160141620556622,b12d2a97eecc192c5cc9c003cc273043a68d9a61bcbc1ed736b87ec90e5ab448,3,zero,8,0
cells/zero__random_static_16__r4.npz,spatial_transformer,0.3667582417582418,random_static_16,2.071986756435212,bc21aee438c704fdf1d9a60d33a8f2de32a1c814fa56cbf0b9eb4caa440cc772,4,zero,8,0
cells/zero__dynamic_random_16__r0.npz,spatial_transformer,0.3667582417582418,dynamic_random_16,2.168851778249777,81956306dcdefada9ff728efabb0720f965e2c702224bed7f1043ef613ffc8be,0,zero,8,0
cells/zero__dynamic_random_16__r1.npz,spatial_transformer,0.3475274725274725,dynamic_random_16,2.500441166983703,424739f712b4516cbfb56d7f73082be10bd02c8212505bcc7fd7936b82078bac,1,zero,8,0
cells/zero__dynamic_random_16__r2.npz,spatial_transformer,0.31043956043956045,dynamic_random_16,2.811081324149867,b9f3505f8cc117b194c4824ba9dc2b52abbfe30c7559d3f1d7d1d2b06e308cb6,2,zero,8,0
cells/zero__dynamic_random_16__r3.npz,spatial_transformer,0.3667582417582418,dynamic_random_16,2.3529115101289686,28f4bc6d2d422a7d3da1f1759abae953e6e2c27369f3d4e1480b4da02c068c21,3,zero,8,0
cells/zero__dynamic_random_16__r4.npz,spatial_transformer,0.36813186813186816,dynamic_random_16,2.4886305434732794,981ec201edca7023d742e7a6d4bb5ec2dd2e5b9ab1094164c92c8d0079cd3dd0,4,zero,8,0
cells/zero__random_static_6__r0.npz,spatial_transformer,0.27884615384615385,random_static_6,2.9139597121764904,de8432ddc356c6de6baf1ab93729c951b66a7f7025946702eea8a87c785e40f3,0,zero,8,0
cells/zero__random_static_6__r1.npz,spatial_transformer,0.33791208791208793,random_static_6,2.535875946677131,d2a6464de2f2d5f37060cf29a03208c1c1114bb934edaf512c98be980d51ff7e,1,zero,8,0
cells/zero__random_static_6__r2.npz,spatial_transformer,0.44780219780219777,random_static_6,2.304360390647573,3c21e35add677fd2d57ac66fe40b47dbf12ed8f35d24eaf585c57c13945f6d9d,2,zero,8,0
cells/zero__random_static_6__r3.npz,spatial_transformer,0.2953296703296704,random_static_6,2.335915980195442,36d008ab8bbe034e681c1e7e1885ff92a21ccb94720e03633e0f8e53d2f48c8b,3,zero,8,0
cells/zero__random_static_6__r4.npz,spatial_transformer,0.3695054945054945,random_static_6,2.3285977854372057,28721d47a882222728666344d9ade5494eeb1caadf5beb8e16b7c6859beb8ff4,4,zero,8,0
cells/zero__dynamic_random_6__r0.npz,spatial_transformer,0.31868131868131866,dynamic_random_6,2.10600577075443,25159f1eb6ec154e2da537084611c1efd0a01661cd05ae11ca075b5ec4f15839,0,zero,8,0
cells/zero__dynamic_random_6__r1.npz,spatial_transformer,0.39148351648351654,dynamic_random_6,2.1201169755794713,74f967eb5a071fff8d4f946ae438337b6df54f55b39735118e5e45406b0d759a,1,zero,8,0
cells/zero__dynamic_random_6__r2.npz,spatial_transformer,0.29395604395604397,dynamic_random_6,2.399807131736785,0f490e50821aed297128113e81748faf661fae44a2727ce47a7b8bf6069de92a,2,zero,8,0
cells/zero__dynamic_random_6__r3.npz,spatial_transformer,0.40934065934065933,dynamic_random_6,2.2642087423093638,bd67f91df1018404d21ab41f3682b13d5b5d6a1cdd4e264466a1248641af97da,3,zero,8,0
cells/zero__dynamic_random_6__r4.npz,spatial_transformer,0.42719780219780223,dynamic_random_6,1.8918724776472904,b761afbb7382f6b72b2191bd7e03eb27d0565987d833ffdcc4144d0a8495368b,4,zero,8,0
cells/covariance_frozen__full_22__r0.npz,spatial_transformer,0.7953296703296703,full_22,0.6806375702575489,cf52c514208e6f4e16a8e9d7df0acdc85299e90cb356c6d8b1cbb5a655fe8c1f,0,covariance_frozen,8,0
cells/covariance_frozen__random_static_16__r0.npz,spatial_transformer,0.7568681318681318,random_static_16,0.6853630400188223,6ad7898261246c6caa9815b454d3e80e8f52baf94da57427351395be8480996b,0,covariance_frozen,8,0
cells/covariance_frozen__random_static_16__r1.npz,spatial_transformer,0.7953296703296703,random_static_16,0.6913444020438854,0fd73d7efebc61be7a25f502881140ac4a7568160998e2d766d3b3c452f533b9,1,covariance_frozen,8,0
cells/covariance_frozen__random_static_16__r2.npz,spatial_transformer,0.7376373626373627,random_static_16,0.7694145387347918,643191908796aed7b17cf88c4737fd80928c4f2fa6f3856294574f235dde6a6c,2,covariance_frozen,8,0
cells/covariance_frozen__random_static_16__r3.npz,spatial_transformer,0.7184065934065934,random_static_16,0.746510492298644,b12d2a97eecc192c5cc9c003cc273043a68d9a61bcbc1ed736b87ec90e5ab448,3,covariance_frozen,8,0
cells/covariance_frozen__random_static_16__r4.npz,spatial_transformer,0.7184065934065934,random_static_16,0.7584915020705578,bc21aee438c704fdf1d9a60d33a8f2de32a1c814fa56cbf0b9eb4caa440cc772,4,covariance_frozen,8,0
cells/covariance_frozen__dynamic_random_16__r0.npz,spatial_transformer,0.7760989010989011,dynamic_random_16,0.7005936923040024,81956306dcdefada9ff728efabb0720f965e2c702224bed7f1043ef613ffc8be,0,covariance_frozen,8,0
cells/covariance_frozen__dynamic_random_16__r1.npz,spatial_transformer,0.7568681318681318,dynamic_random_16,0.7542124296578826,424739f712b4516cbfb56d7f73082be10bd02c8212505bcc7fd7936b82078bac,1,covariance_frozen,8,0
cells/covariance_frozen__dynamic_random_16__r2.npz,spatial_transformer,0.7953296703296703,dynamic_random_16,0.7027478120279617,b9f3505f8cc117b194c4824ba9dc2b52abbfe30c7559d3f1d7d1d2b06e308cb6,2,covariance_frozen,8,0
cells/covariance_frozen__dynamic_random_16__r3.npz,spatial_transformer,0.7568681318681318,dynamic_random_16,0.7101424011141135,28f4bc6d2d422a7d3da1f1759abae953e6e2c27369f3d4e1480b4da02c068c21,3,covariance_frozen,8,0
cells/covariance_frozen__dynamic_random_16__r4.npz,spatial_transformer,0.7760989010989011,dynamic_random_16,0.713949529822073,981ec201edca7023d742e7a6d4bb5ec2dd2e5b9ab1094164c92c8d0079cd3dd0,4,covariance_frozen,8,0
cells/covariance_frozen__random_static_6__r0.npz,spatial_transformer,0.532967032967033,random_static_6,1.264884739658949,de8432ddc356c6de6baf1ab93729c951b66a7f7025946702eea8a87c785e40f3,0,covariance_frozen,8,0
cells/covariance_frozen__random_static_6__r1.npz,spatial_transformer,0.5151098901098902,random_static_6,1.591085985755529,d2a6464de2f2d5f37060cf29a03208c1c1114bb934edaf512c98be980d51ff7e,1,covariance_frozen,8,0
cells/covariance_frozen__random_static_6__r2.npz,spatial_transformer,0.47527472527472525,random_static_6,1.4031323055223943,3c21e35add677fd2d57ac66fe40b47dbf12ed8f35d24eaf585c57c13945f6d9d,2,covariance_frozen,8,0
cells/covariance_frozen__random_static_6__r3.npz,spatial_transformer,0.456043956043956,random_static_6,1.475289430214575,36d008ab8bbe034e681c1e7e1885ff92a21ccb94720e03633e0f8e53d2f48c8b,3,covariance_frozen,8,0
cells/covariance_frozen__random_static_6__r4.npz,spatial_transformer,0.47390109890109894,random_static_6,1.3771715917408578,28721d47a882222728666344d9ade5494eeb1caadf5beb8e16b7c6859beb8ff4,4,covariance_frozen,8,0
cells/covariance_frozen__dynamic_random_6__r0.npz,spatial_transformer,0.6085164835164836,dynamic_random_6,1.2946327742871804,25159f1eb6ec154e2da537084611c1efd0a01661cd05ae11ca075b5ec4f15839,0,covariance_frozen,8,0
cells/covariance_frozen__dynamic_random_6__r1.npz,spatial_transformer,0.3997252747252747,dynamic_random_6,1.4408264626368334,74f967eb5a071fff8d4f946ae438337b6df54f55b39735118e5e45406b0d759a,1,covariance_frozen,8,0
cells/covariance_frozen__dynamic_random_6__r2.npz,spatial_transformer,0.570054945054945,dynamic_random_6,1.34989781977836,0f490e50821aed297128113e81748faf661fae44a2727ce47a7b8bf6069de92a,2,covariance_frozen,8,0
cells/covariance_frozen__dynamic_random_6__r3.npz,spatial_transformer,0.38324175824175827,dynamic_random_6,1.5903480036135247,bd67f91df1018404d21ab41f3682b13d5b5d6a1cdd4e264466a1248641af97da,3,covariance_frozen,8,0
cells/covariance_frozen__dynamic_random_6__r4.npz,spatial_transformer,0.5151098901098902,dynamic_random_6,1.3610448472770957,b761afbb7382f6b72b2191bd7e03eb27d0565987d833ffdcc4144d0a8495368b,4,covariance_frozen,8,0
cells/covariance_learned__full_22__r0.npz,spatial_transformer,0.7953296703296703,full_22,0.6806375702575489,cf52c514208e6f4e16a8e9d7df0acdc85299e90cb356c6d8b1cbb5a655fe8c1f,0,covariance_learned,8,0
cells/covariance_learned__random_static_16__r0.npz,spatial_transformer,0.7747252747252747,random_static_16,0.6215345888536029,6ad7898261246c6caa9815b454d3e80e8f52baf94da57427351395be8480996b,0,covariance_learned,8,0
cells/covariance_learned__random_static_16__r1.npz,spatial_transformer,0.793956043956044,random_static_16,0.6865248935156686,0fd73d7efebc61be7a25f502881140ac4a7568160998e2d766d3b3c452f533b9,1,covariance_learned,8,0
cells/covariance_learned__random_static_16__r2.npz,spatial_transformer,0.8118131868131868,random_static_16,0.6394678838454397,643191908796aed7b17cf88c4737fd80928c4f2fa6f3856294574f235dde6a6c,2,covariance_learned,8,0
cells/covariance_learned__random_static_16__r3.npz,spatial_transformer,0.7912087912087913,random_static_16,0.6375058973705213,b12d2a97eecc192c5cc9c003cc273043a68d9a61bcbc1ed736b87ec90e5ab448,3,covariance_learned,8,0
cells/covariance_learned__random_static_16__r4.npz,spatial_transformer,0.7554945054945056,random_static_16,0.6669069641933179,bc21aee438c704fdf1d9a60d33a8f2de32a1c814fa56cbf0b9eb4caa440cc772,4,covariance_learned,8,0
cells/covariance_learned__dynamic_random_16__r0.npz,spatial_transformer,0.7554945054945056,dynamic_random_16,0.674312370939336,81956306dcdefada9ff728efabb0720f965e2c702224bed7f1043ef613ffc8be,0,covariance_learned,8,0
cells/covariance_learned__dynamic_random_16__r1.npz,spatial_transformer,0.793956043956044,dynamic_random_16,0.7269922519383692,424739f712b4516cbfb56d7f73082be10bd02c8212505bcc7fd7936b82078bac,1,covariance_learned,8,0
cells/covariance_learned__dynamic_random_16__r2.npz,spatial_transformer,0.7554945054945056,dynamic_random_16,0.6661213722539999,b9f3505f8cc117b194c4824ba9dc2b52abbfe30c7559d3f1d7d1d2b06e308cb6,2,covariance_learned,8,0
cells/covariance_learned__dynamic_random_16__r3.npz,spatial_transformer,0.7554945054945056,dynamic_random_16,0.6584916040032317,28f4bc6d2d422a7d3da1f1759abae953e6e2c27369f3d4e1480b4da02c068c21,3,covariance_learned,8,0
cells/covariance_learned__dynamic_random_16__r4.npz,spatial_transformer,0.793956043956044,dynamic_random_16,0.6742284764122214,981ec201edca7023d742e7a6d4bb5ec2dd2e5b9ab1094164c92c8d0079cd3dd0,4,covariance_learned,8,0
cells/covariance_learned__random_static_6__r0.npz,spatial_transformer,0.6016483516483516,random_static_6,0.961912493885597,de8432ddc356c6de6baf1ab93729c951b66a7f7025946702eea8a87c785e40f3,0,covariance_learned,8,0
cells/covariance_learned__random_static_6__r1.npz,spatial_transformer,0.6401098901098902,random_static_6,1.0573275633442079,d2a6464de2f2d5f37060cf29a03208c1c1114bb934edaf512c98be980d51ff7e,1,covariance_learned,8,0
cells/covariance_learned__random_static_6__r2.npz,spatial_transformer,0.6373626373626374,random_static_6,0.8221754204660513,3c21e35add677fd2d57ac66fe40b47dbf12ed8f35d24eaf585c57c13945f6d9d,2,covariance_learned,8,0
cells/covariance_learned__random_static_6__r3.npz,spatial_transformer,0.6016483516483517,random_static_6,0.9646848069933969,36d008ab8bbe034e681c1e7e1885ff92a21ccb94720e03633e0f8e53d2f48c8b,3,covariance_learned,8,0
cells/covariance_learned__random_static_6__r4.npz,spatial_transformer,0.6030219780219781,random_static_6,1.1343355959708903,28721d47a882222728666344d9ade5494eeb1caadf5beb8e16b7c6859beb8ff4,4,covariance_learned,8,0
cells/covariance_learned__dynamic_random_6__r0.npz,spatial_transformer,0.6964285714285714,dynamic_random_6,0.7374945471682126,25159f1eb6ec154e2da537084611c1efd0a01661cd05ae11ca075b5ec4f15839,0,covariance_learned,8,0
cells/covariance_learned__dynamic_random_6__r1.npz,spatial_transformer,0.5989010989010989,dynamic_random_6,0.9275453875603211,74f967eb5a071fff8d4f946ae438337b6df54f55b39735118e5e45406b0d759a,1,covariance_learned,8,0
cells/covariance_learned__dynamic_random_6__r2.npz,spatial_transformer,0.6401098901098902,dynamic_random_6,0.7967828319119236,0f490e50821aed297128113e81748faf661fae44a2727ce47a7b8bf6069de92a,2,covariance_learned,8,0
cells/covariance_learned__dynamic_random_6__r3.npz,spatial_transformer,0.603021978021978,dynamic_random_6,1.0365787149780814,bd67f91df1018404d21ab41f3682b13d5b5d6a1cdd4e264466a1248641af97da,3,covariance_learned,8,0
cells/covariance_learned__dynamic_random_6__r4.npz,spatial_transformer,0.6387362637362637,dynamic_random_6,0.9167530120358052,b761afbb7382f6b72b2191bd7e03eb27d0565987d833ffdcc4144d0a8495368b,4,covariance_learned,8,0
cells/tucker_frozen__full_22__r0.npz,spatial_transformer,0.7953296703296703,full_22,0.6806375702575489,cf52c514208e6f4e16a8e9d7df0acdc85299e90cb356c6d8b1cbb5a655fe8c1f,0,tucker_frozen,8,0
cells/tucker_frozen__random_static_16__r0.npz,spatial_transformer,0.4862637362637363,random_static_16,1.4640707142108047,6ad7898261246c6caa9815b454d3e80e8f52baf94da57427351395be8480996b,0,tucker_frozen,8,0
cells/tucker_frozen__random_static_16__r1.npz,spatial_transformer,0.4107142857142857,random_static_16,1.5690837216176192,0fd73d7efebc61be7a25f502881140ac4a7568160998e2d766d3b3c452f533b9,1,tucker_frozen,8,0
cells/tucker_frozen__random_static_16__r2.npz,spatial_transformer,0.5027472527472527,random_static_16,1.787104279843454,643191908796aed7b17cf88c4737fd80928c4f2fa6f3856294574f235dde6a6c,2,tucker_frozen,8,0
cells/tucker_frozen__random_static_16__r3.npz,spatial_transformer,0.37225274725274726,random_static_16,1.8049946045512228,b12d2a97eecc192c5cc9c003cc273043a68d9a61bcbc1ed736b87ec90e5ab448,3,tucker_frozen,8,0
cells/tucker_frozen__random_static_16__r4.npz,spatial_transformer,0.5618131868131868,random_static_16,1.589273772063752,bc21aee438c704fdf1d9a60d33a8f2de32a1c814fa56cbf0b9eb4caa440cc772,4,tucker_frozen,8,0
cells/tucker_frozen__dynamic_random_16__r0.npz,spatial_transformer,0.48489010989010994,dynamic_random_16,1.2628606002930034,81956306dcdefada9ff728efabb0720f965e2c702224bed7f1043ef613ffc8be,0,tucker_frozen,8,0
cells/tucker_frozen__dynamic_random_16__r1.npz,spatial_transformer,0.4065934065934066,dynamic_random_16,1.674962248476628,424739f712b4516cbfb56d7f73082be10bd02c8212505bcc7fd7936b82078bac,1,tucker_frozen,8,0
cells/tucker_frozen__dynamic_random_16__r2.npz,spatial_transformer,0.42719780219780223,dynamic_random_16,1.9697959817622543,b9f3505f8cc117b194c4824ba9dc2b52abbfe30c7559d3f1d7d1d2b06e308cb6,2,tucker_frozen,8,0
cells/tucker_frozen__dynamic_random_16__r3.npz,spatial_transformer,0.5013736263736264,dynamic_random_16,1.5324095550018615,28f4bc6d2d422a7d3da1f1759abae953e6e2c27369f3d4e1480b4da02c068c21,3,tucker_frozen,8,0
cells/tucker_frozen__dynamic_random_16__r4.npz,spatial_transformer,0.4285714285714286,dynamic_random_16,2.0075048032327607,981ec201edca7023d742e7a6d4bb5ec2dd2e5b9ab1094164c92c8d0079cd3dd0,4,tucker_frozen,8,0
cells/tucker_frozen__random_static_6__r0.npz,spatial_transformer,0.34065934065934067,random_static_6,2.6063535140177923,de8432ddc356c6de6baf1ab93729c951b66a7f7025946702eea8a87c785e40f3,0,tucker_frozen,8,0
cells/tucker_frozen__random_static_6__r1.npz,spatial_transformer,0.3049450549450549,random_static_6,2.5855885154280807,d2a6464de2f2d5f37060cf29a03208c1c1114bb934edaf512c98be980d51ff7e,1,tucker_frozen,8,0
cells/tucker_frozen__random_static_6__r2.npz,spatial_transformer,0.396978021978022,random_static_6,2.211166975448453,3c21e35add677fd2d57ac66fe40b47dbf12ed8f35d24eaf585c57c13945f6d9d,2,tucker_frozen,8,0
cells/tucker_frozen__random_static_6__r3.npz,spatial_transformer,0.3214285714285714,random_static_6,2.12613145685743,36d008ab8bbe034e681c1e7e1885ff92a21ccb94720e03633e0f8e53d2f48c8b,3,tucker_frozen,8,0
cells/tucker_frozen__random_static_6__r4.npz,spatial_transformer,0.37362637362637363,random_static_6,2.0884683729729114,28721d47a882222728666344d9ade5494eeb1caadf5beb8e16b7c6859beb8ff4,4,tucker_frozen,8,0
cells/tucker_frozen__dynamic_random_6__r0.npz,spatial_transformer,0.36126373626373626,dynamic_random_6,2.076638293531144,25159f1eb6ec154e2da537084611c1efd0a01661cd05ae11ca075b5ec4f15839,0,tucker_frozen,8,0
cells/tucker_frozen__dynamic_random_6__r1.npz,spatial_transformer,0.41346153846153844,dynamic_random_6,1.9028386139445128,74f967eb5a071fff8d4f946ae438337b6df54f55b39735118e5e45406b0d759a,1,tucker_frozen,8,0
cells/tucker_frozen__dynamic_random_6__r2.npz,spatial_transformer,0.28296703296703296,dynamic_random_6,2.2751959452721953,0f490e50821aed297128113e81748faf661fae44a2727ce47a7b8bf6069de92a,2,tucker_frozen,8,0
cells/tucker_frozen__dynamic_random_6__r3.npz,spatial_transformer,0.3557692307692308,dynamic_random_6,1.9412364626768757,bd67f91df1018404d21ab41f3682b13d5b5d6a1cdd4e264466a1248641af97da,3,tucker_frozen,8,0
cells/tucker_frozen__dynamic_random_6__r4.npz,spatial_transformer,0.4546703296703297,dynamic_random_6,1.6834521253170998,b761afbb7382f6b72b2191bd7e03eb27d0565987d833ffdcc4144d0a8495368b,4,tucker_frozen,8,0
cells/tucker_learned__full_22__r0.npz,spatial_transformer,0.7953296703296703,full_22,0.6806375702575489,cf52c514208e6f4e16a8e9d7df0acdc85299e90cb356c6d8b1cbb5a655fe8c1f,0,tucker_learned,8,0
cells/tucker_learned__random_static_16__r0.npz,spatial_transformer,0.5041208791208791,random_static_16,1.4342635628904299,6ad7898261246c6caa9815b454d3e80e8f52baf94da57427351395be8480996b,0,tucker_learned,8,0
cells/tucker_learned__random_static_16__r1.npz,spatial_transformer,0.42994505494505497,random_static_16,1.5468449102108235,0fd73d7efebc61be7a25f502881140ac4a7568160998e2d766d3b3c452f533b9,1,tucker_learned,8,0
cells/tucker_learned__random_static_16__r2.npz,spatial_transformer,0.5219780219780219,random_static_16,1.755612967763713,643191908796aed7b17cf88c4737fd80928c4f2fa6f3856294574f235dde6a6c,2,tucker_learned,8,0
cells/tucker_learned__random_static_16__r3.npz,spatial_transformer,0.44917582417582413,random_static_16,1.6667673090145796,b12d2a97eecc192c5cc9c003cc273043a68d9a61bcbc1ed736b87ec90e5ab448,3,tucker_learned,8,0
cells/tucker_learned__random_static_16__r4.npz,spatial_transformer,0.5618131868131868,random_static_16,1.5400052541420093,bc21aee438c704fdf1d9a60d33a8f2de32a1c814fa56cbf0b9eb4caa440cc772,4,tucker_learned,8,0
cells/tucker_learned__dynamic_random_16__r0.npz,spatial_transformer,0.5027472527472527,dynamic_random_16,1.24555689825562,81956306dcdefada9ff728efabb0720f965e2c702224bed7f1043ef613ffc8be,0,tucker_learned,8,0
cells/tucker_learned__dynamic_random_16__r1.npz,spatial_transformer,0.44505494505494503,dynamic_random_16,1.5614941825406652,424739f712b4516cbfb56d7f73082be10bd02c8212505bcc7fd7936b82078bac,1,tucker_learned,8,0
cells/tucker_learned__dynamic_random_16__r2.npz,spatial_transformer,0.3887362637362637,dynamic_random_16,1.8872172980667143,b9f3505f8cc117b194c4824ba9dc2b52abbfe30c7559d3f1d7d1d2b06e308cb6,2,tucker_learned,8,0
cells/tucker_learned__dynamic_random_16__r3.npz,spatial_transformer,0.5590659340659341,dynamic_random_16,1.4927278769291368,28f4bc6d2d422a7d3da1f1759abae953e6e2c27369f3d4e1480b4da02c068c21,3,tucker_learned,8,0
cells/tucker_learned__dynamic_random_16__r4.npz,spatial_transformer,0.4285714285714286,dynamic_random_16,1.9078578623604805,981ec201edca7023d742e7a6d4bb5ec2dd2e5b9ab1094164c92c8d0079cd3dd0,4,tucker_learned,8,0
cells/tucker_learned__random_static_6__r0.npz,spatial_transformer,0.28296703296703296,random_static_6,2.5997434795817647,de8432ddc356c6de6baf1ab93729c951b66a7f7025946702eea8a87c785e40f3,0,tucker_learned,8,0
cells/tucker_learned__random_static_6__r1.npz,spatial_transformer,0.2857142857142857,random_static_6,2.6849413724123368,d2a6464de2f2d5f37060cf29a03208c1c1114bb934edaf512c98be980d51ff7e,1,tucker_learned,8,0
cells/tucker_learned__random_static_6__r2.npz,spatial_transformer,0.3777472527472528,random_static_6,2.1143851078441784,3c21e35add677fd2d57ac66fe40b47dbf12ed8f35d24eaf585c57c13945f6d9d,2,tucker_learned,8,0
cells/tucker_learned__random_static_6__r3.npz,spatial_transformer,0.3585164835164835,random_static_6,2.1173149468020123,36d008ab8bbe034e681c1e7e1885ff92a21ccb94720e03633e0f8e53d2f48c8b,3,tucker_learned,8,0
cells/tucker_learned__random_static_6__r4.npz,spatial_transformer,0.37362637362637363,random_static_6,2.0273967705464777,28721d47a882222728666344d9ade5494eeb1caadf5beb8e16b7c6859beb8ff4,4,tucker_learned,8,0
cells/tucker_learned__dynamic_random_6__r0.npz,spatial_transformer,0.38186813186813184,dynamic_random_6,2.0547591919580976,25159f1eb6ec154e2da537084611c1efd0a01661cd05ae11ca075b5ec4f15839,0,tucker_learned,8,0
cells/tucker_learned__dynamic_random_6__r1.npz,spatial_transformer,0.4326923076923077,dynamic_random_6,1.8950254110574303,74f967eb5a071fff8d4f946ae438337b6df54f55b39735118e5e45406b0d759a,1,tucker_learned,8,0
cells/tucker_learned__dynamic_random_6__r2.npz,spatial_transformer,0.28159340659340665,dynamic_random_6,2.1550776474559097,0f490e50821aed297128113e81748faf661fae44a2727ce47a7b8bf6069de92a,2,tucker_learned,8,0
cells/tucker_learned__dynamic_random_6__r3.npz,spatial_transformer,0.3942307692307693,dynamic_random_6,1.93991982114825,bd67f91df1018404d21ab41f3682b13d5b5d6a1cdd4e264466a1248641af97da,3,tucker_learned,8,0
cells/tucker_learned__dynamic_random_6__r4.npz,spatial_transformer,0.5096153846153846,dynamic_random_6,1.532548594082301,b761afbb7382f6b72b2191bd7e03eb27d0565987d833ffdcc4144d0a8495368b,4,tucker_learned,8,0
cells/zero__full_22__r0.npz,spatial_transformer,0.7692307692307693,full_22,0.812656144528571,cf52c514208e6f4e16a8e9d7df0acdc85299e90cb356c6d8b1cbb5a655fe8c1f,0,zero,8,1
cells/zero__random_static_16__r0.npz,spatial_transformer,0.3282967032967033,random_static_16,2.9358457783351533,8cc7d42b0aea30e86233baaef4c541d72f2fabbdc58f8fa3449f6cc50d1bed98,0,zero,8,1
cells/zero__random_static_16__r1.npz,spatial_transformer,0.385989010989011,random_static_16,2.8575970382058355,bb7f6ae14c7f11f3ea751dd91169193951de6452acca6bcd8fac0b10b81ec784,1,zero,8,1
cells/zero__random_static_16__r2.npz,spatial_transformer,0.3667582417582418,random_static_16,2.711876563525795,c8dd451f256ff25fe2f2564e88df41f9e2a6ee1b44284c75cb1b98b21419b6da,2,zero,8,1
cells/zero__random_static_16__r3.npz,spatial_transformer,0.3282967032967033,random_static_16,3.18090515626922,7ba98be29465929ce7405cbd1743c77ced2b2f78ffc29304f90ef7803665c729,3,zero,8,1
cells/zero__random_static_16__r4.npz,spatial_transformer,0.3873626373626373,random_static_16,3.3423752818044123,8c5228f6e3f75c285808c91a5af76ca399f8ecd66d5c00da1948ceac51c10193,4,zero,8,1
cells/zero__dynamic_random_16__r0.npz,spatial_transformer,0.3475274725274725,dynamic_random_16,3.0908490116528284,ee64d5b67c26c7c86b7827ba2407363bffdae0d2564be4652d0ac4f8f238e7ca,0,zero,8,1
cells/zero__dynamic_random_16__r1.npz,spatial_transformer,0.3653846153846154,dynamic_random_16,3.1875003932843673,e6f62f6cf1a7c5a47c52e83cee2593db49219379658b197cc55eeb1ff0f50fb4,1,zero,8,1
cells/zero__dynamic_random_16__r2.npz,spatial_transformer,0.3653846153846154,dynamic_random_16,3.057416345385768,4c00bd8090bf4fca7a49c276313056d975201fd3b40ab2744286e43ce83f2928,2,zero,8,1
cells/zero__dynamic_random_16__r3.npz,spatial_transformer,0.34615384615384615,dynamic_random_16,3.3246890454428004,5115017dac817e143131f0277cf5ae45c0aabdffc1e78ff9c55f01129f579e03,3,zero,8,1
cells/zero__dynamic_random_16__r4.npz,spatial_transformer,0.4244505494505495,dynamic_random_16,2.5113259165060704,473f41f619493d3c34db0a662898a85e154feb777c2bd7e78491d69a8a723f40,4,zero,8,1
cells/zero__random_static_6__r0.npz,spatial_transformer,0.260989010989011,random_static_6,3.321737004532175,0f6232c7091fe6bc7885f6e43d95e9ad3d668803101fe2bc95f53fd808fa5a5a,0,zero,8,1
cells/zero__random_static_6__r1.npz,spatial_transformer,0.2925824175824176,random_static_6,2.800307221413238,985ee1d016178ab708e810b8e8e298a8092b33e513bdd2902e964e74fdf9d7c6,1,zero,8,1
cells/zero__random_static_6__r2.npz,spatial_transformer,0.31456043956043955,random_static_6,3.325913971957359,fd6caa195162a86786be2d94e4f492f7c9b484154783c76a3ed9d591ebb292aa,2,zero,8,1
cells/zero__random_static_6__r3.npz,spatial_transformer,0.3557692307692308,random_static_6,3.1443732265487987,c287314cf07e3ec7eae173dd0066e96be392e9f340c1a03df3bc3241527ae634,3,zero,8,1
cells/zero__random_static_6__r4.npz,spatial_transformer,0.31456043956043955,random_static_6,3.2508385173501924,7daf9842615e04c8e2276734cb8ebde876570c8a757f68d18bc9cbd9abae9a9a,4,zero,8,1
cells/zero__dynamic_random_6__r0.npz,spatial_transformer,0.3708791208791209,dynamic_random_6,2.9625142353536096,8d649d384590e9d1c89571818ffdf6bc37b60560288889ddf6056884ef24f2eb,0,zero,8,1
cells/zero__dynamic_random_6__r1.npz,spatial_transformer,0.37362637362637363,dynamic_random_6,3.1115016051873665,12c801a5ed8be436b06798f468a35665dd515af7b804111a7aa31a59ecd68421,1,zero,8,1
cells/zero__dynamic_random_6__r2.npz,spatial_transformer,0.35302197802197804,dynamic_random_6,2.655157141579651,e89dc2ccbde97d9a166e5e2bc2284faa592cc7d961e35d154a8ac0d6aa9d2c8b,2,zero,8,1
cells/zero__dynamic_random_6__r3.npz,spatial_transformer,0.4065934065934066,dynamic_random_6,2.521921665095813,95ab75c0c077daeee4e03293159a54d70f4e1a2fe26285564a02e98bf9359de3,3,zero,8,1
cells/zero__dynamic_random_6__r4.npz,spatial_transformer,0.3337912087912088,dynamic_random_6,2.915498977117817,51b98020bfc47bf99bbc33ba4bc4639aa41ffac14f62bd64a179eaada1e4530e,4,zero,8,1
cells/covariance_frozen__full_22__r0.npz,spatial_transformer,0.7692307692307693,full_22,0.812656144528571,cf52c514208e6f4e16a8e9d7df0acdc85299e90cb356c6d8b1cbb5a655fe8c1f,0,covariance_frozen,8,1
cells/covariance_frozen__random_static_16__r0.npz,spatial_transformer,0.7115384615384615,random_static_16,0.8267895531740151,8cc7d42b0aea30e86233baaef4c541d72f2fabbdc58f8fa3449f6cc50d1bed98,0,covariance_frozen,8,1
cells/covariance_frozen__random_static_16__r1.npz,spatial_transformer,0.75,random_static_16,0.8301008239551702,bb7f6ae14c7f11f3ea751dd91169193951de6452acca6bcd8fac0b10b81ec784,1,covariance_frozen,8,1
cells/covariance_frozen__random_static_16__r2.npz,spatial_transformer,0.7513736263736264,random_static_16,0.8254806697279458,c8dd451f256ff25fe2f2564e88df41f9e2a6ee1b44284c75cb1b98b21419b6da,2,covariance_frozen,8,1
cells/covariance_frozen__random_static_16__r3.npz,spatial_transformer,0.75,random_static_16,0.845918160979105,7ba98be29465929ce7405cbd1743c77ced2b2f78ffc29304f90ef7803665c729,3,covariance_frozen,8,1
cells/covariance_frozen__random_static_16__r4.npz,spatial_transformer,0.8076923076923077,random_static_16,0.8344807215812552,8c5228f6e3f75c285808c91a5af76ca399f8ecd66d5c00da1948ceac51c10193,4,covariance_frozen,8,1
cells/covariance_frozen__dynamic_random_16__r0.npz,spatial_transformer,0.7142857142857143,dynamic_random_16,0.8862279553677587,ee64d5b67c26c7c86b7827ba2407363bffdae0d2564be4652d0ac4f8f238e7ca,0,covariance_frozen,8,1
cells/covariance_frozen__dynamic_random_16__r1.npz,spatial_transformer,0.7692307692307693,dynamic_random_16,0.8642576005657201,e6f62f6cf1a7c5a47c52e83cee2593db49219379658b197cc55eeb1ff0f50fb4,1,covariance_frozen,8,1
cells/covariance_frozen__dynamic_random_16__r2.npz,spatial_transformer,0.7129120879120878,dynamic_random_16,0.8064561941117669,4c00bd8090bf4fca7a49c276313056d975201fd3b40ab2744286e43ce83f2928,2,covariance_frozen,8,1
cells/covariance_frozen__dynamic_random_16__r3.npz,spatial_transformer,0.7513736263736264,dynamic_random_16,0.8756408797126625,5115017dac817e143131f0277cf5ae45c0aabdffc1e78ff9c55f01129f579e03,3,covariance_frozen,8,1
cells/covariance_frozen__dynamic_random_16__r4.npz,spatial_transformer,0.7513736263736264,dynamic_random_16,0.8587285063501324,473f41f619493d3c34db0a662898a85e154feb777c2bd7e78491d69a8a723f40,4,covariance_frozen,8,1
cells/covariance_frozen__random_static_6__r0.npz,spatial_transformer,0.5178571428571429,random_static_6,2.048662461182188,0f6232c7091fe6bc7885f6e43d95e9ad3d668803101fe2bc95f53fd808fa5a5a,0,covariance_frozen,8,1
cells/covariance_frozen__random_static_6__r1.npz,spatial_transformer,0.46016483516483514,random_static_6,1.9604459768659268,985ee1d016178ab708e810b8e8e298a8092b33e513bdd2902e964e74fdf9d7c6,1,covariance_frozen,8,1
cells/covariance_frozen__random_static_6__r2.npz,spatial_transformer,0.38186813186813184,random_static_6,2.166791931079453,fd6caa195162a86786be2d94e4f492f7c9b484154783c76a3ed9d591ebb292aa,2,covariance_frozen,8,1
cells/covariance_frozen__random_static_6__r3.npz,spatial_transformer,0.43818681318681313,random_static_6,2.2141664038862543,c287314cf07e3ec7eae173dd0066e96be392e9f340c1a03df3bc3241527ae634,3,covariance_frozen,8,1
cells/covariance_frozen__random_static_6__r4.npz,spatial_transformer,0.6085164835164836,random_static_6,1.6895752609254655,7daf9842615e04c8e2276734cb8ebde876570c8a757f68d18bc9cbd9abae9a9a,4,covariance_frozen,8,1
cells/covariance_frozen__dynamic_random_6__r0.npz,spatial_transformer,0.38186813186813184,dynamic_random_6,2.4465486471618063,8d649d384590e9d1c89571818ffdf6bc37b60560288889ddf6056884ef24f2eb,0,covariance_frozen,8,1
cells/covariance_frozen__dynamic_random_6__r1.npz,spatial_transformer,0.47527472527472525,dynamic_random_6,1.9678365316032178,12c801a5ed8be436b06798f468a35665dd515af7b804111a7aa31a59ecd68421,1,covariance_frozen,8,1
cells/covariance_frozen__dynamic_random_6__r2.npz,spatial_transformer,0.4766483516483517,dynamic_random_6,1.747770101720132,e89dc2ccbde97d9a166e5e2bc2284faa592cc7d961e35d154a8ac0d6aa9d2c8b,2,covariance_frozen,8,1
cells/covariance_frozen__dynamic_random_6__r3.npz,spatial_transformer,0.41895604395604397,dynamic_random_6,2.0622849186490093,95ab75c0c077daeee4e03293159a54d70f4e1a2fe26285564a02e98bf9359de3,3,covariance_frozen,8,1
cells/covariance_frozen__dynamic_random_6__r4.npz,spatial_transformer,0.3997252747252747,dynamic_random_6,1.8382782964722726,51b98020bfc47bf99bbc33ba4bc4639aa41ffac14f62bd64a179eaada1e4530e,4,covariance_frozen,8,1
cells/covariance_learned__full_22__r0.npz,spatial_transformer,0.7692307692307693,full_22,0.812656144528571,cf52c514208e6f4e16a8e9d7df0acdc85299e90cb356c6d8b1cbb5a655fe8c1f,0,covariance_learned,8,1
cells/covariance_learned__random_static_16__r0.npz,spatial_transformer,0.7307692307692308,random_static_16,0.8737382460331397,8cc7d42b0aea30e86233baaef4c541d72f2fabbdc58f8fa3449f6cc50d1bed98,0,covariance_learned,8,1
cells/covariance_learned__random_static_16__r1.npz,spatial_transformer,0.7307692307692307,random_static_16,0.901944651312496,bb7f6ae14c7f11f3ea751dd91169193951de6452acca6bcd8fac0b10b81ec784,1,covariance_learned,8,1
cells/covariance_learned__random_static_16__r2.npz,spatial_transformer,0.75,random_static_16,0.8464106800319426,c8dd451f256ff25fe2f2564e88df41f9e2a6ee1b44284c75cb1b98b21419b6da,2,covariance_learned,8,1
cells/covariance_learned__random_static_16__r3.npz,spatial_transformer,0.75,random_static_16,0.8998293258739318,7ba98be29465929ce7405cbd1743c77ced2b2f78ffc29304f90ef7803665c729,3,covariance_learned,8,1
cells/covariance_learned__random_static_16__r4.npz,spatial_transformer,0.75,random_static_16,0.8820017299743762,8c5228f6e3f75c285808c91a5af76ca399f8ecd66d5c00da1948ceac51c10193,4,covariance_learned,8,1
cells/covariance_learned__dynamic_random_16__r0.npz,spatial_transformer,0.7307692307692307,dynamic_random_16,0.9378180264485797,ee64d5b67c26c7c86b7827ba2407363bffdae0d2564be4652d0ac4f8f238e7ca,0,covariance_learned,8,1
cells/covariance_learned__dynamic_random_16__r1.npz,spatial_transformer,0.7307692307692307,dynamic_random_16,0.9317818110528416,e6f62f6cf1a7c5a47c52e83cee2593db49219379658b197cc55eeb1ff0f50fb4,1,covariance_learned,8,1
cells/covariance_learned__dynamic_random_16__r2.npz,spatial_transformer,0.7307692307692307,dynamic_random_16,0.8273222349258647,4c00bd8090bf4fca7a49c276313056d975201fd3b40ab2744286e43ce83f2928,2,covariance_learned,8,1
cells/covariance_learned__dynamic_random_16__r3.npz,spatial_transformer,0.7692307692307692,dynamic_random_16,1.006772311604391,5115017dac817e143131f0277cf5ae45c0aabdffc1e78ff9c55f01129f579e03,3,covariance_learned,8,1
cells/covariance_learned__dynamic_random_16__r4.npz,spatial_transformer,0.7307692307692308,dynamic_random_16,0.8438505982448576,473f41f619493d3c34db0a662898a85e154feb777c2bd7e78491d69a8a723f40,4,covariance_learned,8,1
cells/covariance_learned__random_static_6__r0.npz,spatial_transformer,0.5796703296703297,random_static_6,1.3105681019716153,0f6232c7091fe6bc7885f6e43d95e9ad3d668803101fe2bc95f53fd808fa5a5a,0,covariance_learned,8,1
cells/covariance_learned__random_static_6__r1.npz,spatial_transformer,0.5412087912087913,random_static_6,1.3159834835652975,985ee1d016178ab708e810b8e8e298a8092b33e513bdd2902e964e74fdf9d7c6,1,covariance_learned,8,1
cells/covariance_learned__random_static_6__r2.npz,spatial_transformer,0.543956043956044,random_static_6,1.5441313280386715,fd6caa195162a86786be2d94e4f492f7c9b484154783c76a3ed9d591ebb292aa,2,covariance_learned,8,1
cells/covariance_learned__random_static_6__r3.npz,spatial_transformer,0.5453296703296703,random_static_6,1.6099210024516446,c287314cf07e3ec7eae173dd0066e96be392e9f340c1a03df3bc3241527ae634,3,covariance_learned,8,1
cells/covariance_learned__random_static_6__r4.npz,spatial_transformer,0.6401098901098902,random_static_6,1.2491593998161024,7daf9842615e04c8e2276734cb8ebde876570c8a757f68d18bc9cbd9abae9a9a,4,covariance_learned,8,1
cells/covariance_learned__dynamic_random_6__r0.npz,spatial_transformer,0.44917582417582413,dynamic_random_6,1.5223505971579299,8d649d384590e9d1c89571818ffdf6bc37b60560288889ddf6056884ef24f2eb,0,covariance_learned,8,1
cells/covariance_learned__dynamic_random_6__r1.npz,spatial_transformer,0.5576923076923077,dynamic_random_6,1.3787529292408802,12c801a5ed8be436b06798f468a35665dd515af7b804111a7aa31a59ecd68421,1,covariance_learned,8,1
cells/covariance_learned__dynamic_random_6__r2.npz,spatial_transformer,0.657967032967033,dynamic_random_6,1.0945759959375259,e89dc2ccbde97d9a166e5e2bc2284faa592cc7d961e35d154a8ac0d6aa9d2c8b,2,covariance_learned,8,1
cells/covariance_learned__dynamic_random_6__r3.npz,spatial_transformer,0.5054945054945056,dynamic_random_6,1.3646276902656078,95ab75c0c077daeee4e03293159a54d70f4e1a2fe26285564a02e98bf9359de3,3,covariance_learned,8,1
cells/covariance_learned__dynamic_random_6__r4.npz,spatial_transformer,0.5618131868131868,dynamic_random_6,1.3281093251347382,51b98020bfc47bf99bbc33ba4bc4639aa41ffac14f62bd64a179eaada1e4530e,4,covariance_learned,8,1
cells/tucker_frozen__full_22__r0.npz,spatial_transformer,0.7692307692307693,full_22,0.812656144528571,cf52c514208e6f4e16a8e9d7df0acdc85299e90cb356c6d8b1cbb5a655fe8c1f,0,tucker_frozen,8,1
cells/tucker_frozen__random_static_16__r0.npz,spatial_transformer,0.4478021978021979,random_static_16,2.1372720765665183,8cc7d42b0aea30e86233baaef4c541d72f2fabbdc58f8fa3449f6cc50d1bed98,0,tucker_frozen,8,1
cells/tucker_frozen__random_static_16__r1.npz,spatial_transformer,0.5233516483516484,random_static_16,2.202564624035045,bb7f6ae14c7f11f3ea751dd91169193951de6452acca6bcd8fac0b10b81ec784,1,tucker_frozen,8,1
cells/tucker_frozen__random_static_16__r2.npz,spatial_transformer,0.5206043956043955,random_static_16,1.8023908739456558,c8dd451f256ff25fe2f2564e88df41f9e2a6ee1b44284c75cb1b98b21419b6da,2,tucker_frozen,8,1
cells/tucker_frozen__random_static_16__r3.npz,spatial_transformer,0.48214285714285715,random_static_16,2.3634771429686343,7ba98be29465929ce7405cbd1743c77ced2b2f78ffc29304f90ef7803665c729,3,tucker_frozen,8,1
cells/tucker_frozen__random_static_16__r4.npz,spatial_transformer,0.42719780219780223,random_static_16,2.9246319660894255,8c5228f6e3f75c285808c91a5af76ca399f8ecd66d5c00da1948ceac51c10193,4,tucker_frozen,8,1
cells/tucker_frozen__dynamic_random_16__r0.npz,spatial_transformer,0.44505494505494503,dynamic_random_16,2.26550186891528,ee64d5b67c26c7c86b7827ba2407363bffdae0d2564be4652d0ac4f8f238e7ca,0,tucker_frozen,8,1
cells/tucker_frozen__dynamic_random_16__r1.npz,spatial_transformer,0.4807692307692308,dynamic_random_16,2.1467884732590585,e6f62f6cf1a7c5a47c52e83cee2593db49219379658b197cc55eeb1ff0f50fb4,1,tucker_frozen,8,1
cells/tucker_frozen__dynamic_random_16__r2.npz,spatial_transformer,0.4807692307692308,dynamic_random_16,2.223020229713654,4c00bd8090bf4fca7a49c276313056d975201fd3b40ab2744286e43ce83f2928,2,tucker_frozen,8,1
cells/tucker_frozen__dynamic_random_16__r3.npz,spatial_transformer,0.5,dynamic_random_16,2.52762079079529,5115017dac817e143131f0277cf5ae45c0aabdffc1e78ff9c55f01129f579e03,3,tucker_frozen,8,1
cells/tucker_frozen__dynamic_random_16__r4.npz,spatial_transformer,0.5013736263736264,dynamic_random_16,2.121497997412665,473f41f619493d3c34db0a662898a85e154feb777c2bd7e78491d69a8a723f40,4,tucker_frozen,8,1
cells/tucker_frozen__random_static_6__r0.npz,spatial_transformer,0.3585164835164836,random_static_6,2.726670496167388,0f6232c7091fe6bc7885f6e43d95e9ad3d668803101fe2bc95f53fd808fa5a5a,0,tucker_frozen,8,1
cells/tucker_frozen__random_static_6__r1.npz,spatial_transformer,0.3942307692307693,random_static_6,2.4011158334583476,985ee1d016178ab708e810b8e8e298a8092b33e513bdd2902e964e74fdf9d7c6,1,tucker_frozen,8,1
cells/tucker_frozen__random_static_6__r2.npz,spatial_transformer,0.37637362637362637,random_static_6,2.6617346481260564,fd6caa195162a86786be2d94e4f492f7c9b484154783c76a3ed9d591ebb292aa,2,tucker_frozen,8,1
cells/tucker_frozen__random_static_6__r3.npz,spatial_transformer,0.3777472527472528,random_static_6,3.024466957725584,c287314cf07e3ec7eae173dd0066e96be392e9f340c1a03df3bc3241527ae634,3,tucker_frozen,8,1
cells/tucker_frozen__random_static_6__r4.npz,spatial_transformer,0.2637362637362638,random_static_6,3.217238998040127,7daf9842615e04c8e2276734cb8ebde876570c8a757f68d18bc9cbd9abae9a9a,4,tucker_frozen,8,1
cells/tucker_frozen__dynamic_random_6__r0.npz,spatial_transformer,0.41346153846153844,dynamic_random_6,2.7977176186383077,8d649d384590e9d1c89571818ffdf6bc37b60560288889ddf6056884ef24f2eb,0,tucker_frozen,8,1
cells/tucker_frozen__dynamic_random_6__r1.npz,spatial_transformer,0.4532967032967033,dynamic_random_6,2.2811742811700753,12c801a5ed8be436b06798f468a35665dd515af7b804111a7aa31a59ecd68421,1,tucker_frozen,8,1
cells/tucker_frozen__dynamic_random_6__r2.npz,spatial_transformer,0.3228021978021978,dynamic_random_6,2.5383850575690423,e89dc2ccbde97d9a166e5e2bc2284faa592cc7d961e35d154a8ac0d6aa9d2c8b,2,tucker_frozen,8,1
cells/tucker_frozen__dynamic_random_6__r3.npz,spatial_transformer,0.44917582417582413,dynamic_random_6,1.9431145866290793,95ab75c0c077daeee4e03293159a54d70f4e1a2fe26285564a02e98bf9359de3,3,tucker_frozen,8,1
cells/tucker_frozen__dynamic_random_6__r4.npz,spatial_transformer,0.4134615384615385,dynamic_random_6,2.2696627391351147,51b98020bfc47bf99bbc33ba4bc4639aa41ffac14f62bd64a179eaada1e4530e,4,tucker_frozen,8,1
cells/tucker_learned__full_22__r0.npz,spatial_transformer,0.7692307692307693,full_22,0.812656144528571,cf52c514208e6f4e16a8e9d7df0acdc85299e90cb356c6d8b1cbb5a655fe8c1f,0,tucker_learned,8,1
cells/tucker_learned__random_static_16__r0.npz,spatial_transformer,0.4107142857142857,random_static_16,2.143318830049172,8cc7d42b0aea30e86233baaef4c541d72f2fabbdc58f8fa3449f6cc50d1bed98,0,tucker_learned,8,1
cells/tucker_learned__random_static_16__r1.npz,spatial_transformer,0.5041208791208791,random_static_16,2.2625206964666167,bb7f6ae14c7f11f3ea751dd91169193951de6452acca6bcd8fac0b10b81ec784,1,tucker_learned,8,1
cells/tucker_learned__random_static_16__r2.npz,spatial_transformer,0.521978021978022,random_static_16,1.8149047240478675,c8dd451f256ff25fe2f2564e88df41f9e2a6ee1b44284c75cb1b98b21419b6da,2,tucker_learned,8,1
cells/tucker_learned__random_static_16__r3.npz,spatial_transformer,0.48214285714285715,random_static_16,2.3334276641362104,7ba98be29465929ce7405cbd1743c77ced2b2f78ffc29304f90ef7803665c729,3,tucker_learned,8,1
cells/tucker_learned__random_static_16__r4.npz,spatial_transformer,0.42719780219780223,random_static_16,2.9504524489882855,8c5228f6e3f75c285808c91a5af76ca399f8ecd66d5c00da1948ceac51c10193,4,tucker_learned,8,1
cells/tucker_learned__dynamic_random_16__r0.npz,spatial_transformer,0.44505494505494503,dynamic_random_16,2.26288498742371,ee64d5b67c26c7c86b7827ba2407363bffdae0d2564be4652d0ac4f8f238e7ca,0,tucker_learned,8,1
cells/tucker_learned__dynamic_random_16__r1.npz,spatial_transformer,0.5192307692307692,dynamic_random_16,2.1188081349847097,e6f62f6cf1a7c5a47c52e83cee2593db49219379658b197cc55eeb1ff0f50fb4,1,tucker_learned,8,1
cells/tucker_learned__dynamic_random_16__r2.npz,spatial_transformer,0.4807692307692308,dynamic_random_16,2.254388919279305,4c00bd8090bf4fca7a49c276313056d975201fd3b40ab2744286e43ce83f2928,2,tucker_learned,8,1
cells/tucker_learned__dynamic_random_16__r3.npz,spatial_transformer,0.4436813186813187,dynamic_random_16,2.516131983638421,5115017dac817e143131f0277cf5ae45c0aabdffc1e78ff9c55f01129f579e03,3,tucker_learned,8,1
cells/tucker_learned__dynamic_random_16__r4.npz,spatial_transformer,0.5206043956043955,dynamic_random_16,2.149059764025746,473f41f619493d3c34db0a662898a85e154feb777c2bd7e78491d69a8a723f40,4,tucker_learned,8,1
cells/tucker_learned__random_static_6__r0.npz,spatial_transformer,0.30082417582417587,random_static_6,2.734091274455096,0f6232c7091fe6bc7885f6e43d95e9ad3d668803101fe2bc95f53fd808fa5a5a,0,tucker_learned,8,1
cells/tucker_learned__random_static_6__r1.npz,spatial_transformer,0.4519230769230769,random_static_6,2.3773436787674265,985ee1d016178ab708e810b8e8e298a8092b33e513bdd2902e964e74fdf9d7c6,1,tucker_learned,8,1
cells/tucker_learned__random_static_6__r2.npz,spatial_transformer,0.4519230769230769,random_static_6,2.604629627567081,fd6caa195162a86786be2d94e4f492f7c9b484154783c76a3ed9d591ebb292aa,2,tucker_learned,8,1
cells/tucker_learned__random_static_6__r3.npz,spatial_transformer,0.39560439560439564,random_static_6,3.0667213596273424,c287314cf07e3ec7eae173dd0066e96be392e9f340c1a03df3bc3241527ae634,3,tucker_learned,8,1
cells/tucker_learned__random_static_6__r4.npz,spatial_transformer,0.3214285714285714,random_static_6,3.1655764306714786,7daf9842615e04c8e2276734cb8ebde876570c8a757f68d18bc9cbd9abae9a9a,4,tucker_learned,8,1
cells/tucker_learned__dynamic_random_6__r0.npz,spatial_transformer,0.39285714285714285,dynamic_random_6,2.86121362367864,8d649d384590e9d1c89571818ffdf6bc37b60560288889ddf6056884ef24f2eb,0,tucker_learned,8,1
cells/tucker_learned__dynamic_random_6__r1.npz,spatial_transformer,0.510989010989011,dynamic_random_6,2.321380683746021,12c801a5ed8be436b06798f468a35665dd515af7b804111a7aa31a59ecd68421,1,tucker_learned,8,1
cells/tucker_learned__dynamic_random_6__r2.npz,spatial_transformer,0.3434065934065934,dynamic_random_6,2.694020717812033,e89dc2ccbde97d9a166e5e2bc2284faa592cc7d961e35d154a8ac0d6aa9d2c8b,2,tucker_learned,8,1
cells/tucker_learned__dynamic_random_6__r3.npz,spatial_transformer,0.44917582417582413,dynamic_random_6,1.9231805624004632,95ab75c0c077daeee4e03293159a54d70f4e1a2fe26285564a02e98bf9359de3,3,tucker_learned,8,1
cells/tucker_learned__dynamic_random_6__r4.npz,spatial_transformer,0.3942307692307693,dynamic_random_6,2.359643621053551,51b98020bfc47bf99bbc33ba4bc4639aa41ffac14f62bd64a179eaada1e4530e,4,tucker_learned,8,1
cells/zero__full_22__r0.npz,spatial_transformer,0.8296703296703297,full_22,0.5673136280708962,cf52c514208e6f4e16a8e9d7df0acdc85299e90cb356c6d8b1cbb5a655fe8c1f,0,zero,8,2
cells/zero__random_static_16__r0.npz,spatial_transformer,0.2912087912087912,random_static_16,3.1631256222705773,ac44e608c713e15df7a2d7303aaec960f28077bdf4642df9d750ec65701e273c,0,zero,8,2
cells/zero__random_static_16__r1.npz,spatial_transformer,0.38461538461538464,random_static_16,3.1469550946373026,35c328e396d723f66003af11ac22231b5eb17c94881a91734d7645f9610531e1,1,zero,8,2
cells/zero__random_static_16__r2.npz,spatial_transformer,0.3090659340659341,random_static_16,3.5560576501813785,569a1518590ffc05c6701d9febdf9c42e3a98d98582befb46dacda769a84717c,2,zero,8,2
cells/zero__random_static_16__r3.npz,spatial_transformer,0.3090659340659341,random_static_16,3.428831333432487,ba233bfd19467bdefea155e9be684a21f8203fa176f02aaa491079aac378007a,3,zero,8,2
cells/zero__random_static_16__r4.npz,spatial_transformer,0.34615384615384615,random_static_16,3.2726730699187283,5c6857c63b594395bef0460e937044ed08ca29b62fc2710a43974bb1f12a72f2,4,zero,8,2
cells/zero__dynamic_random_16__r0.npz,spatial_transformer,0.3269230769230769,dynamic_random_16,3.203155178528269,896d61fab466635ccdbb70322235724f61fef38b57576c11575df60219b70e1a,0,zero,8,2
cells/zero__dynamic_random_16__r1.npz,spatial_transformer,0.3653846153846154,dynamic_random_16,3.123325780145993,fa77bded0fe34500cf13ffd3c98f03148b14678062964d0744795db2e36f04c6,1,zero,8,2
cells/zero__dynamic_random_16__r2.npz,spatial_transformer,0.3489010989010989,dynamic_random_16,3.142301070704979,8d9030d1c2a825b5ef8f813186451dc523cd563295f484aa492bf4b83519c673,2,zero,8,2
cells/zero__dynamic_random_16__r3.npz,spatial_transformer,0.28846153846153844,dynamic_random_16,2.869001363452544,35cb9535c14988a72a5689ebf407de7ce814670119fc25a10dc4de2573f162d5,3,zero,8,2
cells/zero__dynamic_random_16__r4.npz,spatial_transformer,0.46153846153846156,dynamic_random_16,2.7911710075437184,d6d5e11adfd1310ac13e33df62bec5549135e2357b3a7e5e575675d33fca07ec,4,zero,8,2
cells/zero__random_static_6__r0.npz,spatial_transformer,0.3887362637362637,random_static_6,3.1123756356530943,c69adaa50ff362c04666294ee84a20e3386324e8d2643772741dcd633e0f4e8d,0,zero,8,2
cells/zero__random_static_6__r1.npz,spatial_transformer,0.239010989010989,random_static_6,3.5005315307374856,5894949334c6c712b958076fff2e780f30894f192cd5a76c46c67185c112aa1d,1,zero,8,2
cells/zero__random_static_6__r2.npz,spatial_transformer,0.3708791208791209,random_static_6,2.549653987021006,207ee588d64fad3f81080dfa5f8fff306069afad448c4b2c28f6cf272444f942,2,zero,8,2
cells/zero__random_static_6__r3.npz,spatial_transformer,0.3131868131868132,random_static_6,3.369045158349362,2aad3b832874cd0a22550b303157da30abc325cd8ae3d48056051526259fe1bc,3,zero,8,2
cells/zero__random_static_6__r4.npz,spatial_transformer,0.39010989010989017,random_static_6,2.980318861196764,21ab06cc402dfb8da53b568f75e48f4b566d6cd0352703d6cad20e6123c3c665,4,zero,8,2
cells/zero__dynamic_random_6__r0.npz,spatial_transformer,0.3667582417582418,dynamic_random_6,2.993487437050347,cb5772e0954be07838104e58d10720b1a6d911c826652ef52aaa3a1e2fa78fa0,0,zero,8,2
cells/zero__dynamic_random_6__r1.npz,spatial_transformer,0.5384615384615384,dynamic_random_6,2.178981677018768,077450a5ca0a973ca35bc0261532679477c80d485ed05ad62d1336399f48102e,1,zero,8,2
cells/zero__dynamic_random_6__r2.npz,spatial_transformer,0.3475274725274725,dynamic_random_6,3.0692689980272454,cd86fb46f5c806cd7a10bf6149b879c80318d1a197c395fab8987ed3b75c5db0,2,zero,8,2
cells/zero__dynamic_random_6__r3.npz,spatial_transformer,0.4807692307692308,dynamic_random_6,2.333114162258374,5dd4d0c67e72391c89e4f541164118a9ca59b7cce8f00db068e9d7036e35e08e,3,zero,8,2
cells/zero__dynamic_random_6__r4.npz,spatial_transformer,0.385989010989011,dynamic_random_6,3.1759112284477475,1ef0f36dd5c5f844a31b60a171994cb9667e8d929aa9a249789575d5475e9ab3,4,zero,8,2
cells/covariance_frozen__full_22__r0.npz,spatial_transformer,0.8296703296703297,full_22,0.5673136280708962,cf52c514208e6f4e16a8e9d7df0acdc85299e90cb356c6d8b1cbb5a655fe8c1f,0,covariance_frozen,8,2
cells/covariance_frozen__random_static_16__r0.npz,spatial_transformer,0.8104395604395604,random_static_16,0.5999651759064116,ac44e608c713e15df7a2d7303aaec960f28077bdf4642df9d750ec65701e273c,0,covariance_frozen,8,2
cells/covariance_frozen__random_static_16__r1.npz,spatial_transformer,0.7925824175824175,random_static_16,0.6068678360821937,35c328e396d723f66003af11ac22231b5eb17c94881a91734d7645f9610531e1,1,covariance_frozen,8,2
cells/covariance_frozen__random_static_16__r2.npz,spatial_transformer,0.8104395604395604,random_static_16,0.5326474773068895,569a1518590ffc05c6701d9febdf9c42e3a98d98582befb46dacda769a84717c,2,covariance_frozen,8,2
cells/covariance_frozen__random_static_16__r3.npz,spatial_transformer,0.7925824175824175,random_static_16,0.6182573977442016,ba233bfd19467bdefea155e9be684a21f8203fa176f02aaa491079aac378007a,3,covariance_frozen,8,2
cells/covariance_frozen__random_static_16__r4.npz,spatial_transformer,0.7912087912087912,random_static_16,0.5838829394154819,5c6857c63b594395bef0460e937044ed08ca29b62fc2710a43974bb1f12a72f2,4,covariance_frozen,8,2
cells/covariance_frozen__dynamic_random_16__r0.npz,spatial_transformer,0.7348901098901098,dynamic_random_16,0.5987619163311595,896d61fab466635ccdbb70322235724f61fef38b57576c11575df60219b70e1a,0,covariance_frozen,8,2
cells/covariance_frozen__dynamic_random_16__r1.npz,spatial_transformer,0.8104395604395604,dynamic_random_16,0.6125346155438877,fa77bded0fe34500cf13ffd3c98f03148b14678062964d0744795db2e36f04c6,1,covariance_frozen,8,2
cells/covariance_frozen__dynamic_random_16__r2.npz,spatial_transformer,0.8296703296703297,dynamic_random_16,0.5671393412023812,8d9030d1c2a825b5ef8f813186451dc523cd563295f484aa492bf4b83519c673,2,covariance_frozen,8,2
cells/covariance_frozen__dynamic_random_16__r3.npz,spatial_transformer,0.8296703296703297,dynamic_random_16,0.5969137543006652,35cb9535c14988a72a5689ebf407de7ce814670119fc25a10dc4de2573f162d5,3,covariance_frozen,8,2
cells/covariance_frozen__dynamic_random_16__r4.npz,spatial_transformer,0.7925824175824175,dynamic_random_16,0.5478566460787445,d6d5e11adfd1310ac13e33df62bec5549135e2357b3a7e5e575675d33fca07ec,4,covariance_frozen,8,2
cells/covariance_frozen__random_static_6__r0.npz,spatial_transformer,0.5714285714285714,random_static_6,1.4285492435211329,c69adaa50ff362c04666294ee84a20e3386324e8d2643772741dcd633e0f4e8d,0,covariance_frozen,8,2
cells/covariance_frozen__random_static_6__r1.npz,spatial_transformer,0.5164835164835165,random_static_6,1.8213138779225515,5894949334c6c712b958076fff2e780f30894f192cd5a76c46c67185c112aa1d,1,covariance_frozen,8,2
cells/covariance_frozen__random_static_6__r2.npz,spatial_transformer,0.5934065934065934,random_static_6,1.6558353399249963,207ee588d64fad3f81080dfa5f8fff306069afad448c4b2c28f6cf272444f942,2,covariance_frozen,8,2
cells/covariance_frozen__random_static_6__r3.npz,spatial_transformer,0.4587912087912088,random_static_6,1.7634874234935798,2aad3b832874cd0a22550b303157da30abc325cd8ae3d48056051526259fe1bc,3,covariance_frozen,8,2
cells/covariance_frozen__random_static_6__r4.npz,spatial_transformer,0.5508241758241759,random_static_6,1.6021030850507945,21ab06cc402dfb8da53b568f75e48f4b566d6cd0352703d6cad20e6123c3c665,4,covariance_frozen,8,2
cells/covariance_frozen__dynamic_random_6__r0.npz,spatial_transformer,0.6291208791208791,dynamic_random_6,1.3209740657543807,cb5772e0954be07838104e58d10720b1a6d911c826652ef52aaa3a1e2fa78fa0,0,covariance_frozen,8,2
cells/covariance_frozen__dynamic_random_6__r1.npz,spatial_transformer,0.5934065934065934,dynamic_random_6,1.4357134406835061,077450a5ca0a973ca35bc0261532679477c80d485ed05ad62d1336399f48102e,1,covariance_frozen,8,2
cells/covariance_frozen__dynamic_random_6__r2.npz,spatial_transformer,0.6483516483516483,dynamic_random_6,1.3587445302036292,cd86fb46f5c806cd7a10bf6149b879c80318d1a197c395fab8987ed3b75c5db0,2,covariance_frozen,8,2
cells/covariance_frozen__dynamic_random_6__r3.npz,spatial_transformer,0.6277472527472527,dynamic_random_6,1.3712067858620982,5dd4d0c67e72391c89e4f541164118a9ca59b7cce8f00db068e9d7036e35e08e,3,covariance_frozen,8,2
cells/covariance_frozen__dynamic_random_6__r4.npz,spatial_transformer,0.5343406593406593,dynamic_random_6,1.578707423605762,1ef0f36dd5c5f844a31b60a171994cb9667e8d929aa9a249789575d5475e9ab3,4,covariance_frozen,8,2
cells/covariance_learned__full_22__r0.npz,spatial_transformer,0.8296703296703297,full_22,0.5673136280708962,cf52c514208e6f4e16a8e9d7df0acdc85299e90cb356c6d8b1cbb5a655fe8c1f,0,covariance_learned,8,2
cells/covariance_learned__random_static_16__r0.npz,spatial_transformer,0.8090659340659341,random_static_16,0.610613042866821,ac44e608c713e15df7a2d7303aaec960f28077bdf4642df9d750ec65701e273c,0,covariance_learned,8,2
cells/covariance_learned__random_static_16__r1.npz,spatial_transformer,0.8076923076923077,random_static_16,0.5869208617361561,35c328e396d723f66003af11ac22231b5eb17c94881a91734d7645f9610531e1,1,covariance_learned,8,2
cells/covariance_learned__random_static_16__r2.npz,spatial_transformer,0.7898351648351649,random_static_16,0.5917349267559406,569a1518590ffc05c6701d9febdf9c42e3a98d98582befb46dacda769a84717c,2,covariance_learned,8,2
cells/covariance_learned__random_static_16__r3.npz,spatial_transformer,0.8090659340659341,random_static_16,0.6575424308314598,ba233bfd19467bdefea155e9be684a21f8203fa176f02aaa491079aac378007a,3,covariance_learned,8,2
cells/covariance_learned__random_static_16__r4.npz,spatial_transformer,0.8090659340659341,random_static_16,0.5842980539978536,5c6857c63b594395bef0460e937044ed08ca29b62fc2710a43974bb1f12a72f2,4,covariance_learned,8,2
cells/covariance_learned__dynamic_random_16__r0.npz,spatial_transformer,0.7527472527472528,dynamic_random_16,0.6689717938597388,896d61fab466635ccdbb70322235724f61fef38b57576c11575df60219b70e1a,0,covariance_learned,8,2
cells/covariance_learned__dynamic_random_16__r1.npz,spatial_transformer,0.7527472527472527,dynamic_random_16,0.6929397980633911,fa77bded0fe34500cf13ffd3c98f03148b14678062964d0744795db2e36f04c6,1,covariance_learned,8,2
cells/covariance_learned__dynamic_random_16__r2.npz,spatial_transformer,0.8090659340659341,dynamic_random_16,0.5901016901733828,8d9030d1c2a825b5ef8f813186451dc523cd563295f484aa492bf4b83519c673,2,covariance_learned,8,2
cells/covariance_learned__dynamic_random_16__r3.npz,spatial_transformer,0.7912087912087913,dynamic_random_16,0.5675172819868161,35cb9535c14988a72a5689ebf407de7ce814670119fc25a10dc4de2573f162d5,3,covariance_learned,8,2
cells/covariance_learned__dynamic_random_16__r4.npz,spatial_transformer,0.826923076923077,dynamic_random_16,0.6305591109028311,d6d5e11adfd1310ac13e33df62bec5549135e2357b3a7e5e575675d33fca07ec,4,covariance_learned,8,2
cells/covariance_learned__random_static_6__r0.npz,spatial_transformer,0.6552197802197803,random_static_6,0.8783622524254237,c69adaa50ff362c04666294ee84a20e3386324e8d2643772741dcd633e0f4e8d,0,covariance_learned,8,2
cells/covariance_learned__random_static_6__r1.npz,spatial_transformer,0.6771978021978022,random_static_6,0.9542304589431794,5894949334c6c712b958076fff2e780f30894f192cd5a76c46c67185c112aa1d,1,covariance_learned,8,2
cells/covariance_learned__random_static_6__r2.npz,spatial_transformer,0.7156593406593406,random_static_6,1.007392980397869,207ee588d64fad3f81080dfa5f8fff306069afad448c4b2c28f6cf272444f942,2,covariance_learned,8,2
cells/covariance_learned__random_static_6__r3.npz,spatial_transformer,0.679945054945055,random_static_6,0.9384629274335184,2aad3b832874cd0a22550b303157da30abc325cd8ae3d48056051526259fe1bc,3,covariance_learned,8,2
cells/covariance_learned__random_static_6__r4.npz,spatial_transformer,0.695054945054945,random_static_6,0.9266355488542103,21ab06cc402dfb8da53b568f75e48f4b566d6cd0352703d6cad20e6123c3c665,4,covariance_learned,8,2
cells/covariance_learned__dynamic_random_6__r0.npz,spatial_transformer,0.6593406593406593,dynamic_random_6,0.7864067922604493,cb5772e0954be07838104e58d10720b1a6d911c826652ef52aaa3a1e2fa78fa0,0,covariance_learned,8,2
cells/covariance_learned__dynamic_random_6__r1.npz,spatial_transformer,0.6950549450549451,dynamic_random_6,0.8173482386016577,077450a5ca0a973ca35bc0261532679477c80d485ed05ad62d1336399f48102e,1,covariance_learned,8,2
cells/covariance_learned__dynamic_random_6__r2.npz,spatial_transformer,0.7142857142857143,dynamic_random_6,0.8219215856887009,cd86fb46f5c806cd7a10bf6149b879c80318d1a197c395fab8987ed3b75c5db0,2,covariance_learned,8,2
cells/covariance_learned__dynamic_random_6__r3.npz,spatial_transformer,0.7307692307692308,dynamic_random_6,0.8214382162307702,5dd4d0c67e72391c89e4f541164118a9ca59b7cce8f00db068e9d7036e35e08e,3,covariance_learned,8,2
cells/covariance_learned__dynamic_random_6__r4.npz,spatial_transformer,0.657967032967033,dynamic_random_6,1.0243528110910047,1ef0f36dd5c5f844a31b60a171994cb9667e8d929aa9a249789575d5475e9ab3,4,covariance_learned,8,2
cells/tucker_frozen__full_22__r0.npz,spatial_transformer,0.8296703296703297,full_22,0.5673136280708962,cf52c514208e6f4e16a8e9d7df0acdc85299e90cb356c6d8b1cbb5a655fe8c1f,0,tucker_frozen,8,2
cells/tucker_frozen__random_static_16__r0.npz,spatial_transformer,0.4642857142857143,random_static_16,2.1152615937641404,ac44e608c713e15df7a2d7303aaec960f28077bdf4642df9d750ec65701e273c,0,tucker_frozen,8,2
cells/tucker_frozen__random_static_16__r1.npz,spatial_transformer,0.48214285714285715,random_static_16,2.4220513364142957,35c328e396d723f66003af11ac22231b5eb17c94881a91734d7645f9610531e1,1,tucker_frozen,8,2
cells/tucker_frozen__random_static_16__r2.npz,spatial_transformer,0.3667582417582418,random_static_16,2.5441748019615584,569a1518590ffc05c6701d9febdf9c42e3a98d98582befb46dacda769a84717c,2,tucker_frozen,8,2
cells/tucker_frozen__random_static_16__r3.npz,spatial_transformer,0.44505494505494503,random_static_16,2.452127034794801,ba233bfd19467bdefea155e9be684a21f8203fa176f02aaa491079aac378007a,3,tucker_frozen,8,2
cells/tucker_frozen__random_static_16__r4.npz,spatial_transformer,0.5,random_static_16,2.3123978922169903,5c6857c63b594395bef0460e937044ed08ca29b62fc2710a43974bb1f12a72f2,4,tucker_frozen,8,2
cells/tucker_frozen__dynamic_random_16__r0.npz,spatial_transformer,0.5192307692307693,dynamic_random_16,1.9918451565878053,896d61fab466635ccdbb70322235724f61fef38b57576c11575df60219b70e1a,0,tucker_frozen,8,2
cells/tucker_frozen__dynamic_random_16__r1.npz,spatial_transformer,0.46153846153846156,dynamic_random_16,2.372260200409452,fa77bded0fe34500cf13ffd3c98f03148b14678062964d0744795db2e36f04c6,1,tucker_frozen,8,2
cells/tucker_frozen__dynamic_random_16__r2.npz,spatial_transformer,0.44505494505494503,dynamic_random_16,2.3750661418954726,8d9030d1c2a825b5ef8f813186451dc523cd563295f484aa492bf4b83519c673,2,tucker_frozen,8,2
cells/tucker_frozen__dynamic_random_16__r3.npz,spatial_transformer,0.5961538461538463,dynamic_random_16,1.6131451885933938,35cb9535c14988a72a5689ebf407de7ce814670119fc25a10dc4de2573f162d5,3,tucker_frozen,8,2
cells/tucker_frozen__dynamic_random_16__r4.npz,spatial_transformer,0.5192307692307692,dynamic_random_16,1.7921565623562585,d6d5e11adfd1310ac13e33df62bec5549135e2357b3a7e5e575675d33fca07ec,4,tucker_frozen,8,2
cells/tucker_frozen__random_static_6__r0.npz,spatial_transformer,0.3392857142857143,random_static_6,2.543102611540461,c69adaa50ff362c04666294ee84a20e3386324e8d2643772741dcd633e0f4e8d,0,tucker_frozen,8,2
cells/tucker_frozen__random_static_6__r1.npz,spatial_transformer,0.3763736263736264,random_static_6,2.6644960942420415,5894949334c6c712b958076fff2e780f30894f192cd5a76c46c67185c112aa1d,1,tucker_frozen,8,2
cells/tucker_frozen__random_static_6__r2.npz,spatial_transformer,0.4326923076923077,random_static_6,2.0253684032199364,207ee588d64fad3f81080dfa5f8fff306069afad448c4b2c28f6cf272444f942,2,tucker_frozen,8,2
cells/tucker_frozen__random_static_6__r3.npz,spatial_transformer,0.3214285714285714,random_static_6,2.895534998908954,2aad3b832874cd0a22550b303157da30abc325cd8ae3d48056051526259fe1bc,3,tucker_frozen,8,2
cells/tucker_frozen__random_static_6__r4.npz,spatial_transformer,0.375,random_static_6,2.461563049368067,21ab06cc402dfb8da53b568f75e48f4b566d6cd0352703d6cad20e6123c3c665,4,tucker_frozen,8,2
cells/tucker_frozen__dynamic_random_6__r0.npz,spatial_transformer,0.41346153846153844,dynamic_random_6,2.412949640597992,cb5772e0954be07838104e58d10720b1a6d911c826652ef52aaa3a1e2fa78fa0,0,tucker_frozen,8,2
cells/tucker_frozen__dynamic_random_6__r1.npz,spatial_transformer,0.5247252747252747,dynamic_random_6,1.520069423066347,077450a5ca0a973ca35bc0261532679477c80d485ed05ad62d1336399f48102e,1,tucker_frozen,8,2
cells/tucker_frozen__dynamic_random_6__r2.npz,spatial_transformer,0.2953296703296704,dynamic_random_6,2.326841438588777,cd86fb46f5c806cd7a10bf6149b879c80318d1a197c395fab8987ed3b75c5db0,2,tucker_frozen,8,2
cells/tucker_frozen__dynamic_random_6__r3.npz,spatial_transformer,0.46565934065934067,dynamic_random_6,1.8232509394303205,5dd4d0c67e72391c89e4f541164118a9ca59b7cce8f00db068e9d7036e35e08e,3,tucker_frozen,8,2
cells/tucker_frozen__dynamic_random_6__r4.npz,spatial_transformer,0.27884615384615385,dynamic_random_6,2.9832971263794748,1ef0f36dd5c5f844a31b60a171994cb9667e8d929aa9a249789575d5475e9ab3,4,tucker_frozen,8,2
cells/tucker_learned__full_22__r0.npz,spatial_transformer,0.8296703296703297,full_22,0.5673136280708962,cf52c514208e6f4e16a8e9d7df0acdc85299e90cb356c6d8b1cbb5a655fe8c1f,0,tucker_learned,8,2
cells/tucker_learned__random_static_16__r0.npz,spatial_transformer,0.4642857142857143,random_static_16,2.0289361324662485,ac44e608c713e15df7a2d7303aaec960f28077bdf4642df9d750ec65701e273c,0,tucker_learned,8,2
cells/tucker_learned__random_static_16__r1.npz,spatial_transformer,0.5041208791208791,random_static_16,2.2837326333852586,35c328e396d723f66003af11ac22231b5eb17c94881a91734d7645f9610531e1,1,tucker_learned,8,2
cells/tucker_learned__random_static_16__r2.npz,spatial_transformer,0.4244505494505495,random_static_16,2.334985743935366,569a1518590ffc05c6701d9febdf9c42e3a98d98582befb46dacda769a84717c,2,tucker_learned,8,2
cells/tucker_learned__random_static_16__r3.npz,spatial_transformer,0.5027472527472527,random_static_16,2.30798658102609,ba233bfd19467bdefea155e9be684a21f8203fa176f02aaa491079aac378007a,3,tucker_learned,8,2
cells/tucker_learned__random_static_16__r4.npz,spatial_transformer,0.5384615384615384,random_static_16,2.1543280023416065,5c6857c63b594395bef0460e937044ed08ca29b62fc2710a43974bb1f12a72f2,4,tucker_learned,8,2
cells/tucker_learned__dynamic_random_16__r0.npz,spatial_transformer,0.5384615384615385,dynamic_random_16,1.8370122252142047,896d61fab466635ccdbb70322235724f61fef38b57576c11575df60219b70e1a,0,tucker_learned,8,2
cells/tucker_learned__dynamic_random_16__r1.npz,spatial_transformer,0.5192307692307693,dynamic_random_16,2.168117431378169,fa77bded0fe34500cf13ffd3c98f03148b14678062964d0744795db2e36f04c6,1,tucker_learned,8,2
cells/tucker_learned__dynamic_random_16__r2.npz,spatial_transformer,0.4464285714285714,dynamic_random_16,2.18723758623667,8d9030d1c2a825b5ef8f813186451dc523cd563295f484aa492bf4b83519c673,2,tucker_learned,8,2
cells/tucker_learned__dynamic_random_16__r3.npz,spatial_transformer,0.6153846153846154,dynamic_random_16,1.379924539546686,35cb9535c14988a72a5689ebf407de7ce814670119fc25a10dc4de2573f162d5,3,tucker_learned,8,2
cells/tucker_learned__dynamic_random_16__r4.npz,spatial_transformer,0.5769230769230769,dynamic_random_16,1.6428892913267017,d6d5e11adfd1310ac13e33df62bec5549135e2357b3a7e5e575675d33fca07ec,4,tucker_learned,8,2
cells/tucker_learned__random_static_6__r0.npz,spatial_transformer,0.396978021978022,random_static_6,2.4600604342126395,c69adaa50ff362c04666294ee84a20e3386324e8d2643772741dcd633e0f4e8d,0,tucker_learned,8,2
cells/tucker_learned__random_static_6__r1.npz,spatial_transformer,0.3942307692307693,random_static_6,2.3933032872041156,5894949334c6c712b958076fff2e780f30894f192cd5a76c46c67185c112aa1d,1,tucker_learned,8,2
cells/tucker_learned__random_static_6__r2.npz,spatial_transformer,0.4519230769230769,random_static_6,1.9915589255765738,207ee588d64fad3f81080dfa5f8fff306069afad448c4b2c28f6cf272444f942,2,tucker_learned,8,2
cells/tucker_learned__random_static_6__r3.npz,spatial_transformer,0.30082417582417587,random_static_6,2.7485159430600894,2aad3b832874cd0a22550b303157da30abc325cd8ae3d48056051526259fe1bc,3,tucker_learned,8,2
cells/tucker_learned__random_static_6__r4.npz,spatial_transformer,0.39285714285714285,random_static_6,2.311247655953068,21ab06cc402dfb8da53b568f75e48f4b566d6cd0352703d6cad20e6123c3c665,4,tucker_learned,8,2
cells/tucker_learned__dynamic_random_6__r0.npz,spatial_transformer,0.4134615384615385,dynamic_random_6,2.5103938785944764,cb5772e0954be07838104e58d10720b1a6d911c826652ef52aaa3a1e2fa78fa0,0,tucker_learned,8,2
cells/tucker_learned__dynamic_random_6__r1.npz,spatial_transformer,0.4697802197802198,dynamic_random_6,1.4836652834643198,077450a5ca0a973ca35bc0261532679477c80d485ed05ad62d1336399f48102e,1,tucker_learned,8,2
cells/tucker_learned__dynamic_random_6__r2.npz,spatial_transformer,0.3942307692307692,dynamic_random_6,2.2371140065531065,cd86fb46f5c806cd7a10bf6149b879c80318d1a197c395fab8987ed3b75c5db0,2,tucker_learned,8,2
cells/tucker_learned__dynamic_random_6__r3.npz,spatial_transformer,0.5618131868131868,dynamic_random_6,1.7762231201003038,5dd4d0c67e72391c89e4f541164118a9ca59b7cce8f00db068e9d7036e35e08e,3,tucker_learned,8,2
cells/tucker_learned__dynamic_random_6__r4.npz,spatial_transformer,0.3543956043956044,dynamic_random_6,2.8057258254553665,1ef0f36dd5c5f844a31b60a171994cb9667e8d929aa9a249789575d5475e9ab3,4,tucker_learned,8,2
cells/zero__full_22__r0.npz,spatial_transformer,0.7580128205128205,full_22,0.7467503612660725,91abb51f19003c71b204bb9a9de1735e172441f2a2916cb179788ef8e0c9a6c5,0,zero,9,0
cells/zero__random_static_16__r0.npz,spatial_transformer,0.3948135198135198,random_static_16,1.7644215862955381,7d22f9f12636d3a8d71ef0a8a0937f4d2eda636e4a5b35bce37ecd5a68b9e13a,0,zero,9,0
cells/zero__random_static_16__r1.npz,spatial_transformer,0.4402680652680653,random_static_16,1.7884870982023668,c80d8acd29daad7113e8a27bf6d26a302dc0e6334f281a2fd8d7e4f578323323,1,zero,9,0
cells/zero__random_static_16__r2.npz,spatial_transformer,0.5206876456876457,random_static_16,1.4826009141915524,5eda427f86d042f89a7e320eb735a3327062c77617acba3a0fb87344be117541,2,zero,9,0
cells/zero__random_static_16__r3.npz,spatial_transformer,0.41754079254079257,random_static_16,1.9600362848049067,66ec9707c062148fb2d5409f49255b6e1b60b9ae2acada5e1567153c3c19ec88,3,zero,9,0
cells/zero__random_static_16__r4.npz,spatial_transformer,0.5014568764568764,random_static_16,1.7627061890189655,67bf3fd05316b6cbdef80a1e4c0e0f68b70f794382e360f8065e87011991b7cf,4,zero,9,0
cells/zero__dynamic_random_16__r0.npz,spatial_transformer,0.3755827505827506,dynamic_random_16,1.9736525178602413,3da7d2384a78c55a02da2d7f5d51421690560fcea40a7ec2fa0a1ac5e071f15f,0,zero,9,0
cells/zero__dynamic_random_16__r1.npz,spatial_transformer,0.49446386946386944,dynamic_random_16,1.569187864916043,63e18f5a7f4286427481060b6bf973db13c8cfbbdb01d2ea53bb909352846a1e,1,zero,9,0
cells/zero__dynamic_random_16__r2.npz,spatial_transformer,0.4992715617715618,dynamic_random_16,1.5192023142553523,c794edb4e54cf41aa63f887f9754d7559f108d3475aa86592f2a3cf9cbdc5e3c,2,zero,9,0
cells/zero__dynamic_random_16__r3.npz,spatial_transformer,0.4543997668997669,dynamic_random_16,1.378399135572305,93037555c36600a44997b093382dd7d515152995f02bfbe39bf582b2ef87f441,3,zero,9,0
cells/zero__dynamic_random_16__r4.npz,spatial_transformer,0.3916083916083916,dynamic_random_16,1.8572022773546177,4371439b7108ceec4a997310f71a93eb75e4f667c9e43522ece8cc85762689a5,4,zero,9,0
cells/zero__random_static_6__r0.npz,spatial_transformer,0.36203379953379955,random_static_6,1.6665821430035939,b8d460aedddc28728170294dc39a936ea7c26bed434e60258f229f8ed7c20b64,0,zero,9,0
cells/zero__random_static_6__r1.npz,spatial_transformer,0.37907925407925414,random_static_6,1.9736142924661289,68a66add3f038f8e2b9cc000bb6052149534caeb134f3928ff175aa7d4f4cf80,1,zero,9,0
cells/zero__random_static_6__r2.npz,spatial_transformer,0.462995337995338,random_static_6,1.503852186678225,9a800372879fafc1a1a0e140ecfe2b9602a43f7ac82be37989f1ef25560b1e71,2,zero,9,0
cells/zero__random_static_6__r3.npz,spatial_transformer,0.3793706293706294,random_static_6,2.017771556737198,25bb181196c185883a4b8f47f7d3e50b8fd6f9055bc0636c0f0648482373745c,3,zero,9,0
cells/zero__random_static_6__r4.npz,spatial_transformer,0.414044289044289,random_static_6,1.8673135492016393,0387f199d40bb63d312ac1fdb1d6f1332ed08fdfcbf61b67eafac6f651474c34,4,zero,9,0
cells/zero__dynamic_random_6__r0.npz,spatial_transformer,0.41754079254079257,dynamic_random_6,1.7510079358936208,497c8fb1123965ece59a340eef2a10548a8d54e41eb8ccaf12cd6f9dc32503ea,0,zero,9,0
cells/zero__dynamic_random_6__r1.npz,spatial_transformer,0.2938519813519814,dynamic_random_6,1.8361756333523835,b785c074067d963805b05f52e9eae4184bf348b786773e9cfc21b208f697dca5,1,zero,9,0
cells/zero__dynamic_random_6__r2.npz,spatial_transformer,0.4613927738927739,dynamic_random_6,1.4465338620388046,4d9df63ed9740cb984506dac7ab1fc405fbabb808a39c949b58b604e25bb528f,2,zero,9,0
cells/zero__dynamic_random_6__r3.npz,spatial_transformer,0.5030594405594406,dynamic_random_6,1.4945290916096958,849e7be54d7de9d873f2c4fbe1e69c918e9ee1ea4826bbabf1aad760d07db9a6,3,zero,9,0
cells/zero__dynamic_random_6__r4.npz,spatial_transformer,0.3723776223776224,dynamic_random_6,1.6806297094979668,6f04f07ed36722fef01e8322fa94f441e7881c3f504d7e578f3e8b07d26d3098,4,zero,9,0
cells/covariance_frozen__full_22__r0.npz,spatial_transformer,0.7580128205128205,full_22,0.7467503612660725,91abb51f19003c71b204bb9a9de1735e172441f2a2916cb179788ef8e0c9a6c5,0,covariance_frozen,9,0
cells/covariance_frozen__random_static_16__r0.npz,spatial_transformer,0.7003205128205128,random_static_16,0.7817170151422927,7d22f9f12636d3a8d71ef0a8a0937f4d2eda636e4a5b35bce37ecd5a68b9e13a,0,covariance_frozen,9,0
cells/covariance_frozen__random_static_16__r1.npz,spatial_transformer,0.719551282051282,random_static_16,0.797373286126115,c80d8acd29daad7113e8a27bf6d26a302dc0e6334f281a2fd8d7e4f578323323,1,covariance_frozen,9,0
cells/covariance_frozen__random_static_16__r2.npz,spatial_transformer,0.7387820512820512,random_static_16,0.7711770527351535,5eda427f86d042f89a7e320eb735a3327062c77617acba3a0fb87344be117541,2,covariance_frozen,9,0
cells/covariance_frozen__random_static_16__r3.npz,spatial_transformer,0.657051282051282,random_static_16,0.8067116664313212,66ec9707c062148fb2d5409f49255b6e1b60b9ae2acada5e1567153c3c19ec88,3,covariance_frozen,9,0
cells/covariance_frozen__random_static_16__r4.npz,spatial_transformer,0.6217948717948717,random_static_16,0.8181286186760142,67bf3fd05316b6cbdef80a1e4c0e0f68b70f794382e360f8065e87011991b7cf,4,covariance_frozen,9,0
cells/covariance_frozen__dynamic_random_16__r0.npz,spatial_transformer,0.6810897435897436,dynamic_random_16,0.7827964056161849,3da7d2384a78c55a02da2d7f5d51421690560fcea40a7ec2fa0a1ac5e071f15f,0,covariance_frozen,9,0
cells/covariance_frozen__dynamic_random_16__r1.npz,spatial_transformer,0.6987179487179487,dynamic_random_16,0.7637506282833287,63e18f5a7f4286427481060b6bf973db13c8cfbbdb01d2ea53bb909352846a1e,1,covariance_frozen,9,0
cells/covariance_frozen__dynamic_random_16__r2.npz,spatial_transformer,0.7003205128205128,dynamic_random_16,0.7700293844723469,c794edb4e54cf41aa63f887f9754d7559f108d3475aa86592f2a3cf9cbdc5e3c,2,covariance_frozen,9,0
cells/covariance_frozen__dynamic_random_16__r3.npz,spatial_transformer,0.7387820512820512,dynamic_random_16,0.7811678184157946,93037555c36600a44997b093382dd7d515152995f02bfbe39bf582b2ef87f441,3,covariance_frozen,9,0
cells/covariance_frozen__dynamic_random_16__r4.npz,spatial_transformer,0.7387820512820512,dynamic_random_16,0.7746982763397683,4371439b7108ceec4a997310f71a93eb75e4f667c9e43522ece8cc85762689a5,4,covariance_frozen,9,0
cells/covariance_frozen__random_static_6__r0.npz,spatial_transformer,0.5208333333333334,random_static_6,1.4263751849062076,b8d460aedddc28728170294dc39a936ea7c26bed434e60258f229f8ed7c20b64,0,covariance_frozen,9,0
cells/covariance_frozen__random_static_6__r1.npz,spatial_transformer,0.47727272727272724,random_static_6,1.3758815283018742,68a66add3f038f8e2b9cc000bb6052149534caeb134f3928ff175aa7d4f4cf80,1,covariance_frozen,9,0
cells/covariance_frozen__random_static_6__r2.npz,spatial_transformer,0.4375,random_static_6,1.3563676625530185,9a800372879fafc1a1a0e140ecfe2b9602a43f7ac82be37989f1ef25560b1e71,2,covariance_frozen,9,0
cells/covariance_frozen__random_static_6__r3.npz,spatial_transformer,0.5400641025641025,random_static_6,1.3078054579219778,25bb181196c185883a4b8f47f7d3e50b8fd6f9055bc0636c0f0648482373745c,3,covariance_frozen,9,0
cells/covariance_frozen__random_static_6__r4.npz,spatial_transformer,0.5,random_static_6,1.2099350837837748,0387f199d40bb63d312ac1fdb1d6f1332ed08fdfcbf61b67eafac6f651474c34,4,covariance_frozen,9,0
cells/covariance_frozen__dynamic_random_6__r0.npz,spatial_transformer,0.4791666666666667,dynamic_random_6,1.340696588081227,497c8fb1123965ece59a340eef2a10548a8d54e41eb8ccaf12cd6f9dc32503ea,0,covariance_frozen,9,0
cells/covariance_frozen__dynamic_random_6__r1.npz,spatial_transformer,0.5,dynamic_random_6,1.4883817944278555,b785c074067d963805b05f52e9eae4184bf348b786773e9cfc21b208f697dca5,1,covariance_frozen,9,0
cells/covariance_frozen__dynamic_random_6__r2.npz,spatial_transformer,0.4548368298368298,dynamic_random_6,1.471814528894062,4d9df63ed9740cb984506dac7ab1fc405fbabb808a39c949b58b604e25bb528f,2,covariance_frozen,9,0
cells/covariance_frozen__dynamic_random_6__r3.npz,spatial_transformer,0.49999999999999994,dynamic_random_6,1.1199140976568953,849e7be54d7de9d873f2c4fbe1e69c918e9ee1ea4826bbabf1aad760d07db9a6,3,covariance_frozen,9,0
cells/covariance_frozen__dynamic_random_6__r4.npz,spatial_transformer,0.5,dynamic_random_6,1.4225089006933935,6f04f07ed36722fef01e8322fa94f441e7881c3f504d7e578f3e8b07d26d3098,4,covariance_frozen,9,0
cells/covariance_learned__full_22__r0.npz,spatial_transformer,0.7580128205128205,full_22,0.7467503612660725,91abb51f19003c71b204bb9a9de1735e172441f2a2916cb179788ef8e0c9a6c5,0,covariance_learned,9,0
cells/covariance_learned__random_static_16__r0.npz,spatial_transformer,0.6570512820512822,random_static_16,0.8002370189645477,7d22f9f12636d3a8d71ef0a8a0937f4d2eda636e4a5b35bce37ecd5a68b9e13a,0,covariance_learned,9,0
cells/covariance_learned__random_static_16__r1.npz,spatial_transformer,0.7788461538461539,random_static_16,0.7468320732351469,c80d8acd29daad7113e8a27bf6d26a302dc0e6334f281a2fd8d7e4f578323323,1,covariance_learned,9,0
cells/covariance_learned__random_static_16__r2.npz,spatial_transformer,0.7176573426573427,random_static_16,0.7904153656286144,5eda427f86d042f89a7e320eb735a3327062c77617acba3a0fb87344be117541,2,covariance_learned,9,0
cells/covariance_learned__random_static_16__r3.npz,spatial_transformer,0.7144522144522145,random_static_16,0.7791949683064576,66ec9707c062148fb2d5409f49255b6e1b60b9ae2acada5e1567153c3c19ec88,3,covariance_learned,9,0
cells/covariance_learned__random_static_16__r4.npz,spatial_transformer,0.7387820512820513,random_static_16,0.7566590523808756,67bf3fd05316b6cbdef80a1e4c0e0f68b70f794382e360f8065e87011991b7cf,4,covariance_learned,9,0
cells/covariance_learned__dynamic_random_16__r0.npz,spatial_transformer,0.6987179487179488,dynamic_random_16,0.8512560695718845,3da7d2384a78c55a02da2d7f5d51421690560fcea40a7ec2fa0a1ac5e071f15f,0,covariance_learned,9,0
cells/covariance_learned__dynamic_random_16__r1.npz,spatial_transformer,0.7003205128205129,dynamic_random_16,0.7231858563405078,63e18f5a7f4286427481060b6bf973db13c8cfbbdb01d2ea53bb909352846a1e,1,covariance_learned,9,0
cells/covariance_learned__dynamic_random_16__r2.npz,spatial_transformer,0.7580128205128205,dynamic_random_16,0.7272133566697688,c794edb4e54cf41aa63f887f9754d7559f108d3475aa86592f2a3cf9cbdc5e3c,2,covariance_learned,9,0
cells/covariance_learned__dynamic_random_16__r3.npz,spatial_transformer,0.6987179487179488,dynamic_random_16,0.8297520166577873,93037555c36600a44997b093382dd7d515152995f02bfbe39bf582b2ef87f441,3,covariance_learned,9,0
cells/covariance_learned__dynamic_random_16__r4.npz,spatial_transformer,0.7371794871794872,dynamic_random_16,0.7293664404768286,4371439b7108ceec4a997310f71a93eb75e4f667c9e43522ece8cc85762689a5,4,covariance_learned,9,0
cells/covariance_learned__random_static_6__r0.npz,spatial_transformer,0.6394230769230769,random_static_6,1.090983391462551,b8d460aedddc28728170294dc39a936ea7c26bed434e60258f229f8ed7c20b64,0,covariance_learned,9,0
cells/covariance_learned__random_static_6__r1.npz,spatial_transformer,0.4737762237762238,random_static_6,1.2737660548419267,68a66add3f038f8e2b9cc000bb6052149534caeb134f3928ff175aa7d4f4cf80,1,covariance_learned,9,0
cells/covariance_learned__random_static_6__r2.npz,spatial_transformer,0.5625,random_static_6,1.0848717982664644,9a800372879fafc1a1a0e140ecfe2b9602a43f7ac82be37989f1ef25560b1e71,2,covariance_learned,9,0
cells/covariance_learned__random_static_6__r3.npz,spatial_transformer,0.5747377622377623,random_static_6,1.0887614851131442,25bb181196c185883a4b8f47f7d3e50b8fd6f9055bc0636c0f0648482373745c,3,covariance_learned,9,0
cells/covariance_learned__random_static_6__r4.npz,spatial_transformer,0.6410256410256411,random_static_6,1.0719386692954285,0387f199d40bb63d312ac1fdb1d6f1332ed08fdfcbf61b67eafac6f651474c34,4,covariance_learned,9,0
cells/covariance_learned__dynamic_random_6__r0.npz,spatial_transformer,0.5590034965034965,dynamic_random_6,1.158394164707972,497c8fb1123965ece59a340eef2a10548a8d54e41eb8ccaf12cd6f9dc32503ea,0,covariance_learned,9,0
cells/covariance_learned__dynamic_random_6__r1.npz,spatial_transformer,0.5801282051282052,dynamic_random_6,1.1319220188393666,b785c074067d963805b05f52e9eae4184bf348b786773e9cfc21b208f697dca5,1,covariance_learned,9,0
cells/covariance_learned__dynamic_random_6__r2.npz,spatial_transformer,0.5122377622377623,dynamic_random_6,1.2173703324430505,4d9df63ed9740cb984506dac7ab1fc405fbabb808a39c949b58b604e25bb528f,2,covariance_learned,9,0
cells/covariance_learned__dynamic_random_6__r3.npz,spatial_transformer,0.7211538461538461,dynamic_random_6,0.8818205265714125,849e7be54d7de9d873f2c4fbe1e69c918e9ee1ea4826bbabf1aad760d07db9a6,3,covariance_learned,9,0
cells/covariance_learned__dynamic_random_6__r4.npz,spatial_transformer,0.6025641025641025,dynamic_random_6,1.2624365482662518,6f04f07ed36722fef01e8322fa94f441e7881c3f504d7e578f3e8b07d26d3098,4,covariance_learned,9,0
cells/tucker_frozen__full_22__r0.npz,spatial_transformer,0.7580128205128205,full_22,0.7467503612660725,91abb51f19003c71b204bb9a9de1735e172441f2a2916cb179788ef8e0c9a6c5,0,tucker_frozen,9,0
cells/tucker_frozen__random_static_16__r0.npz,spatial_transformer,0.414044289044289,random_static_16,1.2665191423330804,7d22f9f12636d3a8d71ef0a8a0937f4d2eda636e4a5b35bce37ecd5a68b9e13a,0,tucker_frozen,9,0
cells/tucker_frozen__random_static_16__r1.npz,spatial_transformer,0.5626456876456876,random_static_16,1.2449754666054635,c80d8acd29daad7113e8a27bf6d26a302dc0e6334f281a2fd8d7e4f578323323,1,tucker_frozen,9,0
cells/tucker_frozen__random_static_16__r2.npz,spatial_transformer,0.50495337995338,random_static_16,1.4327269417406718,5eda427f86d042f89a7e320eb735a3327062c77617acba3a0fb87344be117541,2,tucker_frozen,9,0
cells/tucker_frozen__random_static_16__r3.npz,spatial_transformer,0.4159382284382285,random_static_16,1.4653766047620251,66ec9707c062148fb2d5409f49255b6e1b60b9ae2acada5e1567153c3c19ec88,3,tucker_frozen,9,0
cells/tucker_frozen__random_static_16__r4.npz,spatial_transformer,0.4475524475524475,random_static_16,1.5310914620494946,67bf3fd05316b6cbdef80a1e4c0e0f68b70f794382e360f8065e87011991b7cf,4,tucker_frozen,9,0
cells/tucker_frozen__dynamic_random_16__r0.npz,spatial_transformer,0.4402680652680653,dynamic_random_16,1.4501263099577528,3da7d2384a78c55a02da2d7f5d51421690560fcea40a7ec2fa0a1ac5e071f15f,0,tucker_frozen,9,0
cells/tucker_frozen__dynamic_random_16__r1.npz,spatial_transformer,0.5361305361305362,dynamic_random_16,1.1634281326441525,63e18f5a7f4286427481060b6bf973db13c8cfbbdb01d2ea53bb909352846a1e,1,tucker_frozen,9,0
cells/tucker_frozen__dynamic_random_16__r2.npz,spatial_transformer,0.5011655011655012,dynamic_random_16,1.1839701829547487,c794edb4e54cf41aa63f887f9754d7559f108d3475aa86592f2a3cf9cbdc5e3c,2,tucker_frozen,9,0
cells/tucker_frozen__dynamic_random_16__r3.npz,spatial_transformer,0.5658508158508159,dynamic_random_16,1.0543609750643161,93037555c36600a44997b093382dd7d515152995f02bfbe39bf582b2ef87f441,3,tucker_frozen,9,0
cells/tucker_frozen__dynamic_random_16__r4.npz,spatial_transformer,0.41433566433566427,dynamic_random_16,1.3229469707063803,4371439b7108ceec4a997310f71a93eb75e4f667c9e43522ece8cc85762689a5,4,tucker_frozen,9,0
cells/tucker_frozen__random_static_6__r0.npz,spatial_transformer,0.4440559440559441,random_static_6,1.619852842276045,b8d460aedddc28728170294dc39a936ea7c26bed434e60258f229f8ed7c20b64,0,tucker_frozen,9,0
cells/tucker_frozen__random_static_6__r1.npz,spatial_transformer,0.44347319347319347,random_static_6,1.7441191121420652,68a66add3f038f8e2b9cc000bb6052149534caeb134f3928ff175aa7d4f4cf80,1,tucker_frozen,9,0
cells/tucker_frozen__random_static_6__r2.npz,spatial_transformer,0.4488636363636364,random_static_6,1.5580051593157773,9a800372879fafc1a1a0e140ecfe2b9602a43f7ac82be37989f1ef25560b1e71,2,tucker_frozen,9,0
cells/tucker_frozen__random_static_6__r3.npz,spatial_transformer,0.36203379953379955,random_static_6,1.936459017766848,25bb181196c185883a4b8f47f7d3e50b8fd6f9055bc0636c0f0648482373745c,3,tucker_frozen,9,0
cells/tucker_frozen__random_static_6__r4.npz,spatial_transformer,0.40909090909090906,random_static_6,1.7201884158658742,0387f199d40bb63d312ac1fdb1d6f1332ed08fdfcbf61b67eafac6f651474c34,4,tucker_frozen,9,0
cells/tucker_frozen__dynamic_random_6__r0.npz,spatial_transformer,0.4264277389277389,dynamic_random_6,1.3963478772496736,497c8fb1123965ece59a340eef2a10548a8d54e41eb8ccaf12cd6f9dc32503ea,0,tucker_frozen,9,0
cells/tucker_frozen__dynamic_random_6__r1.npz,spatial_transformer,0.3200757575757576,dynamic_random_6,1.8657493266908818,b785c074067d963805b05f52e9eae4184bf348b786773e9cfc21b208f697dca5,1,tucker_frozen,9,0
cells/tucker_frozen__dynamic_random_6__r2.npz,spatial_transformer,0.4491550116550117,dynamic_random_6,1.5174380298235697,4d9df63ed9740cb984506dac7ab1fc405fbabb808a39c949b58b604e25bb528f,2,tucker_frozen,9,0
cells/tucker_frozen__dynamic_random_6__r3.npz,spatial_transformer,0.4472610722610722,dynamic_random_6,1.4289959341884437,849e7be54d7de9d873f2c4fbe1e69c918e9ee1ea4826bbabf1aad760d07db9a6,3,tucker_frozen,9,0
cells/tucker_frozen__dynamic_random_6__r4.npz,spatial_transformer,0.44726107226107226,dynamic_random_6,1.6336845892452743,6f04f07ed36722fef01e8322fa94f441e7881c3f504d7e578f3e8b07d26d3098,4,tucker_frozen,9,0
cells/tucker_learned__full_22__r0.npz,spatial_transformer,0.7580128205128205,full_22,0.7467503612660725,91abb51f19003c71b204bb9a9de1735e172441f2a2916cb179788ef8e0c9a6c5,0,tucker_learned,9,0
cells/tucker_learned__random_static_16__r0.npz,spatial_transformer,0.4803321678321678,random_static_16,1.1476442622546517,7d22f9f12636d3a8d71ef0a8a0937f4d2eda636e4a5b35bce37ecd5a68b9e13a,0,tucker_learned,9,0
cells/tucker_learned__random_static_16__r1.npz,spatial_transformer,0.5257867132867133,random_static_16,1.2498064191892961,c80d8acd29daad7113e8a27bf6d26a302dc0e6334f281a2fd8d7e4f578323323,1,tucker_learned,9,0
cells/tucker_learned__random_static_16__r2.npz,spatial_transformer,0.50495337995338,random_static_16,1.4029703016808182,5eda427f86d042f89a7e320eb735a3327062c77617acba3a0fb87344be117541,2,tucker_learned,9,0
cells/tucker_learned__random_static_16__r3.npz,spatial_transformer,0.4784382284382285,random_static_16,1.459822317904785,66ec9707c062148fb2d5409f49255b6e1b60b9ae2acada5e1567153c3c19ec88,3,tucker_learned,9,0
cells/tucker_learned__random_static_16__r4.npz,spatial_transformer,0.46678321678321677,random_static_16,1.434603992353783,67bf3fd05316b6cbdef80a1e4c0e0f68b70f794382e360f8065e87011991b7cf,4,tucker_learned,9,0
cells/tucker_learned__dynamic_random_16__r0.npz,spatial_transformer,0.462995337995338,dynamic_random_16,1.4860045259009442,3da7d2384a78c55a02da2d7f5d51421690560fcea40a7ec2fa0a1ac5e071f15f,0,tucker_learned,9,0
cells/tucker_learned__dynamic_random_16__r1.npz,spatial_transformer,0.6008158508158509,dynamic_random_16,1.1185957947069254,63e18f5a7f4286427481060b6bf973db13c8cfbbdb01d2ea53bb909352846a1e,1,tucker_learned,9,0
cells/tucker_learned__dynamic_random_16__r2.npz,spatial_transformer,0.47872960372960377,dynamic_random_16,1.1746210448219518,c794edb4e54cf41aa63f887f9754d7559f108d3475aa86592f2a3cf9cbdc5e3c,2,tucker_learned,9,0
cells/tucker_learned__dynamic_random_16__r3.npz,spatial_transformer,0.5866841491841492,dynamic_random_16,1.0391251593427842,93037555c36600a44997b093382dd7d515152995f02bfbe39bf582b2ef87f441,3,tucker_learned,9,0
cells/tucker_learned__dynamic_random_16__r4.npz,spatial_transformer,0.4162296037296037,dynamic_random_16,1.2562325052275636,4371439b7108ceec4a997310f71a93eb75e4f667c9e43522ece8cc85762689a5,4,tucker_learned,9,0
cells/tucker_learned__random_static_6__r0.npz,spatial_transformer,0.49111305361305363,random_static_6,1.6493326686281808,b8d460aedddc28728170294dc39a936ea7c26bed434e60258f229f8ed7c20b64,0,tucker_learned,9,0
cells/tucker_learned__random_static_6__r1.npz,spatial_transformer,0.44536713286713286,random_static_6,1.7743835732351625,68a66add3f038f8e2b9cc000bb6052149534caeb134f3928ff175aa7d4f4cf80,1,tucker_learned,9,0
cells/tucker_learned__random_static_6__r2.npz,spatial_transformer,0.47159090909090906,random_static_6,1.535836015864301,9a800372879fafc1a1a0e140ecfe2b9602a43f7ac82be37989f1ef25560b1e71,2,tucker_learned,9,0
cells/tucker_learned__random_static_6__r3.npz,spatial_transformer,0.3412004662004662,random_static_6,1.829605244545199,25bb181196c185883a4b8f47f7d3e50b8fd6f9055bc0636c0f0648482373745c,3,tucker_learned,9,0
cells/tucker_learned__random_static_6__r4.npz,spatial_transformer,0.40909090909090906,random_static_6,1.6339373816127922,0387f199d40bb63d312ac1fdb1d6f1332ed08fdfcbf61b67eafac6f651474c34,4,tucker_learned,9,0
cells/tucker_learned__dynamic_random_6__r0.npz,spatial_transformer,0.4280303030303031,dynamic_random_6,1.4577993583204574,497c8fb1123965ece59a340eef2a10548a8d54e41eb8ccaf12cd6f9dc32503ea,0,tucker_learned,9,0
cells/tucker_learned__dynamic_random_6__r1.npz,spatial_transformer,0.32007575757575757,dynamic_random_6,1.8284493102794581,b785c074067d963805b05f52e9eae4184bf348b786773e9cfc21b208f697dca5,1,tucker_learned,9,0
cells/tucker_learned__dynamic_random_6__r2.npz,spatial_transformer,0.4699883449883451,dynamic_random_6,1.5478798859029936,4d9df63ed9740cb984506dac7ab1fc405fbabb808a39c949b58b604e25bb528f,2,tucker_learned,9,0
cells/tucker_learned__dynamic_random_6__r3.npz,spatial_transformer,0.5517191142191142,dynamic_random_6,1.3804825492512924,849e7be54d7de9d873f2c4fbe1e69c918e9ee1ea4826bbabf1aad760d07db9a6,3,tucker_learned,9,0
cells/tucker_learned__dynamic_random_6__r4.npz,spatial_transformer,0.47188228438228436,dynamic_random_6,1.6003948669847674,6f04f07ed36722fef01e8322fa94f441e7881c3f504d7e578f3e8b07d26d3098,4,tucker_learned,9,0
cells/zero__full_22__r0.npz,spatial_transformer,0.8573717948717949,full_22,0.589110568936161,91abb51f19003c71b204bb9a9de1735e172441f2a2916cb179788ef8e0c9a6c5,0,zero,9,1
cells/zero__random_static_16__r0.npz,spatial_transformer,0.592511655011655,random_static_16,1.5782104167801412,07823d63d74b92398551e4e6a4e874b71708bffc014985e69e06ed695cd64b68,0,zero,9,1
cells/zero__random_static_16__r1.npz,spatial_transformer,0.479020979020979,random_static_16,1.6597256200220862,e651472ef4558be480f8f55dc99b447834adc9d902475b3969974cc6070f20d1,1,zero,9,1
cells/zero__random_static_16__r2.npz,spatial_transformer,0.5623543123543123,random_static_16,1.5405908886987412,1108d8fdef836d62c95316fa18886375d02155d676db53aab0e39039e2c4d099,2,zero,9,1
cells/zero__random_static_16__r3.npz,spatial_transformer,0.5553613053613053,random_static_16,1.4513848061194208,e38da2c894dc3b849a2692c2fef91fd87e5f2ae24f9975851b56458e16c58e51,3,zero,9,1
cells/zero__random_static_16__r4.npz,spatial_transformer,0.5120920745920746,random_static_16,1.733055797836096,d5f5d58505bca54ee649b3d5ccd25a32835f21967a4ed524c968163ece98da99,4,zero,9,1
cells/zero__dynamic_random_16__r0.npz,spatial_transformer,0.6357808857808858,dynamic_random_16,1.2605055227397621,2bcf39a26ddcdd45a68ca4ba2d3414bcaa23dd55048a3b36471d47f50d313ce1,0,zero,9,1
cells/zero__dynamic_random_16__r1.npz,spatial_transformer,0.4893648018648019,dynamic_random_16,1.402963462599751,11fc7ffae971bf758827de753f48d3a192e3dad25ec65838d2a8e1a1f1b83a5b,1,zero,9,1
cells/zero__dynamic_random_16__r2.npz,spatial_transformer,0.5726981351981353,dynamic_random_16,1.5124629116877948,4f16174e44977e0ace4b702148cf2e8b2d8a43d8b1e6639b382d002e9e1932ca,2,zero,9,1
cells/zero__dynamic_random_16__r3.npz,spatial_transformer,0.5502622377622377,dynamic_random_16,1.8347132789074154,2d5930dcb9391ab8678bb024a49552fb67fbe408a5996450304374720a24ad9b,3,zero,9,1
cells/zero__dynamic_random_16__r4.npz,spatial_transformer,0.553467365967366,dynamic_random_16,1.6255624952533883,072c752e33b58428fbbd839eb7256c19cdad264a0ef9f1785d62d0792ca841e6,4,zero,9,1
cells/zero__random_static_6__r0.npz,spatial_transformer,0.3277972027972028,random_static_6,2.5827320308828003,7cd661e775009949455ecb7b5a23143d11d0b72cd0afb2deeecb777a6c647e27,0,zero,9,1
cells/zero__random_static_6__r1.npz,spatial_transformer,0.4341491841491842,random_static_6,2.0303912926021734,dc387c73f1947d8e9bb014cb1be552b108d9d872e2978499548ad491f2abff86,1,zero,9,1
cells/zero__random_static_6__r2.npz,spatial_transformer,0.3745629370629371,random_static_6,2.684957483549365,97bf66d1678056f2fbbb3ae63b800a2fd35fff61da3c89daac295fe3f88ce379,2,zero,9,1
cells/zero__random_static_6__r3.npz,spatial_transformer,0.40981934731934727,random_static_6,2.2236991794930083,e87e6018b9fb8c93c7a4c587b260981bc7736fc01132f7354e96d281cf6abe49,3,zero,9,1
cells/zero__random_static_6__r4.npz,spatial_transformer,0.5231643356643356,random_static_6,2.1230667396049916,94bc7171a158337922b81e0a5bc320e27ad99598ecdf9b8d5909614cff07f932,4,zero,9,1
cells/zero__dynamic_random_6__r0.npz,spatial_transformer,0.46911421911421913,dynamic_random_6,2.0668233565905276,d933eb09daab1856a818942f1e9dc97ec30c73ef430fb805c8eb309a2d441a06,0,zero,9,1
cells/zero__dynamic_random_6__r1.npz,spatial_transformer,0.4931526806526806,dynamic_random_6,2.0132337654932884,a2bd2d3c53156c27dda262df1eb998b363fd404bf951317f6cf55988d3c4e265,1,zero,9,1
cells/zero__dynamic_random_6__r2.npz,spatial_transformer,0.4581876456876457,dynamic_random_6,2.1236827171629047,a1ad860469b9de46bbb316cfc8b5bda313d889484c3cd19d22748efaea37ee5e,2,zero,9,1
cells/zero__dynamic_random_6__r3.npz,spatial_transformer,0.4203088578088578,dynamic_random_6,2.2408154984175197,073bf503824f822fa70fdc74e3eef7b6203462fa31a4a5ae5ac27d1b4ad03c5e,3,zero,9,1
cells/zero__dynamic_random_6__r4.npz,spatial_transformer,0.4742132867132867,dynamic_random_6,1.9531133746119327,11bf9e63328b5b2a26d91816f3b7d6121d4615f3df8af300817e5d0ec7e69957,4,zero,9,1
cells/covariance_frozen__full_22__r0.npz,spatial_transformer,0.8573717948717949,full_22,0.589110568936161,91abb51f19003c71b204bb9a9de1735e172441f2a2916cb179788ef8e0c9a6c5,0,covariance_frozen,9,1
cells/covariance_frozen__random_static_16__r0.npz,spatial_transformer,0.8365384615384616,random_static_16,0.6203385799739595,07823d63d74b92398551e4e6a4e874b71708bffc014985e69e06ed695cd64b68,0,covariance_frozen,9,1
cells/covariance_frozen__random_static_16__r1.npz,spatial_transformer,0.8365384615384616,random_static_16,0.6020876414877355,e651472ef4558be480f8f55dc99b447834adc9d902475b3969974cc6070f20d1,1,covariance_frozen,9,1
cells/covariance_frozen__random_static_16__r2.npz,spatial_transformer,0.8157051282051282,random_static_16,0.7159508323389042,1108d8fdef836d62c95316fa18886375d02155d676db53aab0e39039e2c4d099,2,covariance_frozen,9,1
cells/covariance_frozen__random_static_16__r3.npz,spatial_transformer,0.7948717948717949,random_static_16,0.6791421479786569,e38da2c894dc3b849a2692c2fef91fd87e5f2ae24f9975851b56458e16c58e51,3,covariance_frozen,9,1
cells/covariance_frozen__random_static_16__r4.npz,spatial_transformer,0.8365384615384616,random_static_16,0.6237740866201921,d5f5d58505bca54ee649b3d5ccd25a32835f21967a4ed524c968163ece98da99,4,covariance_frozen,9,1
cells/covariance_frozen__dynamic_random_16__r0.npz,spatial_transformer,0.7948717948717949,dynamic_random_16,0.675156153765597,2bcf39a26ddcdd45a68ca4ba2d3414bcaa23dd55048a3b36471d47f50d313ce1,0,covariance_frozen,9,1
cells/covariance_frozen__dynamic_random_16__r1.npz,spatial_transformer,0.8157051282051282,dynamic_random_16,0.6303606588161893,11fc7ffae971bf758827de753f48d3a192e3dad25ec65838d2a8e1a1f1b83a5b,1,covariance_frozen,9,1
cells/covariance_frozen__dynamic_random_16__r2.npz,spatial_transformer,0.8365384615384616,dynamic_random_16,0.6543250576563032,4f16174e44977e0ace4b702148cf2e8b2d8a43d8b1e6639b382d002e9e1932ca,2,covariance_frozen,9,1
cells/covariance_frozen__dynamic_random_16__r3.npz,spatial_transformer,0.8157051282051283,dynamic_random_16,0.6209393674921304,2d5930dcb9391ab8678bb024a49552fb67fbe408a5996450304374720a24ad9b,3,covariance_frozen,9,1
cells/covariance_frozen__dynamic_random_16__r4.npz,spatial_transformer,0.8157051282051282,dynamic_random_16,0.63095201620038,072c752e33b58428fbbd839eb7256c19cdad264a0ef9f1785d62d0792ca841e6,4,covariance_frozen,9,1
cells/covariance_frozen__random_static_6__r0.npz,spatial_transformer,0.5288461538461539,random_static_6,1.9030705585077723,7cd661e775009949455ecb7b5a23143d11d0b72cd0afb2deeecb777a6c647e27,0,covariance_frozen,9,1
cells/covariance_frozen__random_static_6__r1.npz,spatial_transformer,0.5913461538461539,random_static_6,1.7145852555539307,dc387c73f1947d8e9bb014cb1be552b108d9d872e2978499548ad491f2abff86,1,covariance_frozen,9,1
cells/covariance_frozen__random_static_6__r2.npz,spatial_transformer,0.5336538461538461,random_static_6,1.7662500677892625,97bf66d1678056f2fbbb3ae63b800a2fd35fff61da3c89daac295fe3f88ce379,2,covariance_frozen,9,1
cells/covariance_frozen__random_static_6__r3.npz,spatial_transformer,0.5913461538461539,random_static_6,1.7943268540566535,e87e6018b9fb8c93c7a4c587b260981bc7736fc01132f7354e96d281cf6abe49,3,covariance_frozen,9,1
cells/covariance_frozen__random_static_6__r4.npz,spatial_transformer,0.592948717948718,random_static_6,1.9230438575374376,94bc7171a158337922b81e0a5bc320e27ad99598ecdf9b8d5909614cff07f932,4,covariance_frozen,9,1
cells/covariance_frozen__dynamic_random_6__r0.npz,spatial_transformer,0.6330128205128205,dynamic_random_6,1.3932328999117194,d933eb09daab1856a818942f1e9dc97ec30c73ef430fb805c8eb309a2d441a06,0,covariance_frozen,9,1
cells/covariance_frozen__dynamic_random_6__r1.npz,spatial_transformer,0.5721153846153846,dynamic_random_6,1.637405455013093,a2bd2d3c53156c27dda262df1eb998b363fd404bf951317f6cf55988d3c4e265,1,covariance_frozen,9,1
cells/covariance_frozen__dynamic_random_6__r2.npz,spatial_transformer,0.5096153846153846,dynamic_random_6,1.466989973279352,a1ad860469b9de46bbb316cfc8b5bda313d889484c3cd19d22748efaea37ee5e,2,covariance_frozen,9,1
cells/covariance_frozen__dynamic_random_6__r3.npz,spatial_transformer,0.5304487179487178,dynamic_random_6,1.6292797182418794,073bf503824f822fa70fdc74e3eef7b6203462fa31a4a5ae5ac27d1b4ad03c5e,3,covariance_frozen,9,1
cells/covariance_frozen__dynamic_random_6__r4.npz,spatial_transformer,0.5512820512820512,dynamic_random_6,1.5540351194179303,11bf9e63328b5b2a26d91816f3b7d6121d4615f3df8af300817e5d0ec7e69957,4,covariance_frozen,9,1
cells/covariance_learned__full_22__r0.npz,spatial_transformer,0.8573717948717949,full_22,0.589110568936161,91abb51f19003c71b204bb9a9de1735e172441f2a2916cb179788ef8e0c9a6c5,0,covariance_learned,9,1
cells/covariance_learned__random_static_16__r0.npz,spatial_transformer,0.8365384615384616,random_static_16,0.5589958709959114,07823d63d74b92398551e4e6a4e874b71708bffc014985e69e06ed695cd64b68,0,covariance_learned,9,1
cells/covariance_learned__random_static_16__r1.npz,spatial_transformer,0.8573717948717949,random_static_16,0.44249414970883877,e651472ef4558be480f8f55dc99b447834adc9d902475b3969974cc6070f20d1,1,covariance_learned,9,1
cells/covariance_learned__random_static_16__r2.npz,spatial_transformer,0.8365384615384616,random_static_16,0.6125132615392311,1108d8fdef836d62c95316fa18886375d02155d676db53aab0e39039e2c4d099,2,covariance_learned,9,1
cells/covariance_learned__random_static_16__r3.npz,spatial_transformer,0.8573717948717949,random_static_16,0.6176878554705277,e38da2c894dc3b849a2692c2fef91fd87e5f2ae24f9975851b56458e16c58e51,3,covariance_learned,9,1
cells/covariance_learned__random_static_16__r4.npz,spatial_transformer,0.8365384615384616,random_static_16,0.5041812215609648,d5f5d58505bca54ee649b3d5ccd25a32835f21967a4ed524c968163ece98da99,4,covariance_learned,9,1
cells/covariance_learned__dynamic_random_16__r0.npz,spatial_transformer,0.8782051282051282,dynamic_random_16,0.5378747878979246,2bcf39a26ddcdd45a68ca4ba2d3414bcaa23dd55048a3b36471d47f50d313ce1,0,covariance_learned,9,1
cells/covariance_learned__dynamic_random_16__r1.npz,spatial_transformer,0.8381410256410257,dynamic_random_16,0.5055854084980954,11fc7ffae971bf758827de753f48d3a192e3dad25ec65838d2a8e1a1f1b83a5b,1,covariance_learned,9,1
cells/covariance_learned__dynamic_random_16__r2.npz,spatial_transformer,0.8157051282051282,dynamic_random_16,0.598481233322521,4f16174e44977e0ace4b702148cf2e8b2d8a43d8b1e6639b382d002e9e1932ca,2,covariance_learned,9,1
cells/covariance_learned__dynamic_random_16__r3.npz,spatial_transformer,0.8782051282051282,dynamic_random_16,0.5043471202975077,2d5930dcb9391ab8678bb024a49552fb67fbe408a5996450304374720a24ad9b,3,covariance_learned,9,1
cells/covariance_learned__dynamic_random_16__r4.npz,spatial_transformer,0.8573717948717948,dynamic_random_16,0.5141770044648076,072c752e33b58428fbbd839eb7256c19cdad264a0ef9f1785d62d0792ca841e6,4,covariance_learned,9,1
cells/covariance_learned__random_static_6__r0.npz,spatial_transformer,0.7128496503496503,random_static_6,0.9267841680193717,7cd661e775009949455ecb7b5a23143d11d0b72cd0afb2deeecb777a6c647e27,0,covariance_learned,9,1
cells/covariance_learned__random_static_6__r1.npz,spatial_transformer,0.7929778554778554,random_static_6,0.7259394248006544,dc387c73f1947d8e9bb014cb1be552b108d9d872e2978499548ad491f2abff86,1,covariance_learned,9,1
cells/covariance_learned__random_static_6__r2.npz,spatial_transformer,0.6727855477855478,random_static_6,1.0331939584092582,97bf66d1678056f2fbbb3ae63b800a2fd35fff61da3c89daac295fe3f88ce379,2,covariance_learned,9,1
cells/covariance_learned__random_static_6__r3.npz,spatial_transformer,0.7128496503496503,random_static_6,0.8803397646054978,e87e6018b9fb8c93c7a4c587b260981bc7736fc01132f7354e96d281cf6abe49,3,covariance_learned,9,1
cells/covariance_learned__random_static_6__r4.npz,spatial_transformer,0.7564102564102564,random_static_6,0.9420692967209602,94bc7171a158337922b81e0a5bc320e27ad99598ecdf9b8d5909614cff07f932,4,covariance_learned,9,1
cells/covariance_learned__dynamic_random_6__r0.npz,spatial_transformer,0.7753496503496503,dynamic_random_6,0.6827770372796605,d933eb09daab1856a818942f1e9dc97ec30c73ef430fb805c8eb309a2d441a06,0,covariance_learned,9,1
cells/covariance_learned__dynamic_random_6__r1.npz,spatial_transformer,0.7926864801864802,dynamic_random_6,0.6597347850922946,a2bd2d3c53156c27dda262df1eb998b363fd404bf951317f6cf55988d3c4e265,1,covariance_learned,9,1
cells/covariance_learned__dynamic_random_6__r2.npz,spatial_transformer,0.7929778554778554,dynamic_random_6,0.7110110205952799,a1ad860469b9de46bbb316cfc8b5bda313d889484c3cd19d22748efaea37ee5e,2,covariance_learned,9,1
cells/covariance_learned__dynamic_random_6__r3.npz,spatial_transformer,0.7740384615384616,dynamic_random_6,0.6558057711631599,073bf503824f822fa70fdc74e3eef7b6203462fa31a4a5ae5ac27d1b4ad03c5e,3,covariance_learned,9,1
cells/covariance_learned__dynamic_random_6__r4.npz,spatial_transformer,0.7494172494172494,dynamic_random_6,0.7036781544719132,11bf9e63328b5b2a26d91816f3b7d6121d4615f3df8af300817e5d0ec7e69957,4,covariance_learned,9,1
cells/tucker_frozen__full_22__r0.npz,spatial_transformer,0.8573717948717949,full_22,0.589110568936161,91abb51f19003c71b204bb9a9de1735e172441f2a2916cb179788ef8e0c9a6c5,0,tucker_frozen,9,1
cells/tucker_frozen__random_static_16__r0.npz,spatial_transformer,0.6168414918414918,random_static_16,1.3587899376255856,07823d63d74b92398551e4e6a4e874b71708bffc014985e69e06ed695cd64b68,0,tucker_frozen,9,1
cells/tucker_frozen__random_static_16__r1.npz,spatial_transformer,0.5872668997668997,random_static_16,1.3623278723705183,e651472ef4558be480f8f55dc99b447834adc9d902475b3969974cc6070f20d1,1,tucker_frozen,9,1
cells/tucker_frozen__random_static_16__r2.npz,spatial_transformer,0.5869755244755245,random_static_16,1.198503535395617,1108d8fdef836d62c95316fa18886375d02155d676db53aab0e39039e2c4d099,2,tucker_frozen,9,1
cells/tucker_frozen__random_static_16__r3.npz,spatial_transformer,0.6673951048951049,random_static_16,1.048738487247257,e38da2c894dc3b849a2692c2fef91fd87e5f2ae24f9975851b56458e16c58e51,3,tucker_frozen,9,1
cells/tucker_frozen__random_static_16__r4.npz,spatial_transformer,0.6048951048951049,random_static_16,1.3080691651379042,d5f5d58505bca54ee649b3d5ccd25a32835f21967a4ed524c968163ece98da99,4,tucker_frozen,9,1
cells/tucker_frozen__dynamic_random_16__r0.npz,spatial_transformer,0.703962703962704,dynamic_random_16,0.9208164696293797,2bcf39a26ddcdd45a68ca4ba2d3414bcaa23dd55048a3b36471d47f50d313ce1,0,tucker_frozen,9,1
cells/tucker_frozen__dynamic_random_16__r1.npz,spatial_transformer,0.6203379953379953,dynamic_random_16,1.115998986630319,11fc7ffae971bf758827de753f48d3a192e3dad25ec65838d2a8e1a1f1b83a5b,1,tucker_frozen,9,1
cells/tucker_frozen__dynamic_random_16__r2.npz,spatial_transformer,0.6828379953379953,dynamic_random_16,1.0112256479001578,4f16174e44977e0ace4b702148cf2e8b2d8a43d8b1e6639b382d002e9e1932ca,2,tucker_frozen,9,1
cells/tucker_frozen__dynamic_random_16__r3.npz,spatial_transformer,0.5957167832167832,dynamic_random_16,1.4192702236705852,2d5930dcb9391ab8678bb024a49552fb67fbe408a5996450304374720a24ad9b,3,tucker_frozen,9,1
cells/tucker_frozen__dynamic_random_16__r4.npz,spatial_transformer,0.5380244755244755,dynamic_random_16,1.36712059956911,072c752e33b58428fbbd839eb7256c19cdad264a0ef9f1785d62d0792ca841e6,4,tucker_frozen,9,1
cells/tucker_frozen__random_static_6__r0.npz,spatial_transformer,0.40675990675990675,random_static_6,2.6557155713580234,7cd661e775009949455ecb7b5a23143d11d0b72cd0afb2deeecb777a6c647e27,0,tucker_frozen,9,1
cells/tucker_frozen__random_static_6__r1.npz,spatial_transformer,0.46416083916083917,random_static_6,2.1849926105755157,dc387c73f1947d8e9bb014cb1be552b108d9d872e2978499548ad491f2abff86,1,tucker_frozen,9,1
cells/tucker_frozen__random_static_6__r2.npz,spatial_transformer,0.23732517482517482,random_static_6,2.9832277869860824,97bf66d1678056f2fbbb3ae63b800a2fd35fff61da3c89daac295fe3f88ce379,2,tucker_frozen,9,1
cells/tucker_frozen__random_static_6__r3.npz,spatial_transformer,0.44842657342657344,random_static_6,2.281897832374718,e87e6018b9fb8c93c7a4c587b260981bc7736fc01132f7354e96d281cf6abe49,3,tucker_frozen,9,1
cells/tucker_frozen__random_static_6__r4.npz,spatial_transformer,0.44653263403263405,random_static_6,2.4271129817406583,94bc7171a158337922b81e0a5bc320e27ad99598ecdf9b8d5909614cff07f932,4,tucker_frozen,9,1
cells/tucker_frozen__dynamic_random_6__r0.npz,spatial_transformer,0.42249417249417254,dynamic_random_6,2.2542692106025,d933eb09daab1856a818942f1e9dc97ec30c73ef430fb805c8eb309a2d441a06,0,tucker_frozen,9,1
cells/tucker_frozen__dynamic_random_6__r1.npz,spatial_transformer,0.39627039627039623,dynamic_random_6,2.1609376938650633,a2bd2d3c53156c27dda262df1eb998b363fd404bf951317f6cf55988d3c4e265,1,tucker_frozen,9,1
cells/tucker_frozen__dynamic_random_6__r2.npz,spatial_transformer,0.3591200466200466,dynamic_random_6,2.3676667275542758,a1ad860469b9de46bbb316cfc8b5bda313d889484c3cd19d22748efaea37ee5e,2,tucker_frozen,9,1
cells/tucker_frozen__dynamic_random_6__r3.npz,spatial_transformer,0.3420745920745921,dynamic_random_6,2.55939533606672,073bf503824f822fa70fdc74e3eef7b6203462fa31a4a5ae5ac27d1b4ad03c5e,3,tucker_frozen,9,1
cells/tucker_frozen__dynamic_random_6__r4.npz,spatial_transformer,0.44871794871794873,dynamic_random_6,2.2061338075285426,11bf9e63328b5b2a26d91816f3b7d6121d4615f3df8af300817e5d0ec7e69957,4,tucker_frozen,9,1
cells/tucker_learned__full_22__r0.npz,spatial_transformer,0.8573717948717949,full_22,0.589110568936161,91abb51f19003c71b204bb9a9de1735e172441f2a2916cb179788ef8e0c9a6c5,0,tucker_learned,9,1
cells/tucker_learned__random_static_16__r0.npz,spatial_transformer,0.6168414918414918,random_static_16,1.3637759661428335,07823d63d74b92398551e4e6a4e874b71708bffc014985e69e06ed695cd64b68,0,tucker_learned,9,1
cells/tucker_learned__random_static_16__r1.npz,spatial_transformer,0.5453088578088578,random_static_16,1.3267159870482719,e651472ef4558be480f8f55dc99b447834adc9d902475b3969974cc6070f20d1,1,tucker_learned,9,1
cells/tucker_learned__random_static_16__r2.npz,spatial_transformer,0.5642482517482518,random_static_16,1.2754911138392446,1108d8fdef836d62c95316fa18886375d02155d676db53aab0e39039e2c4d099,2,tucker_learned,9,1
cells/tucker_learned__random_static_16__r3.npz,spatial_transformer,0.6655011655011656,random_static_16,0.9877680931308283,e38da2c894dc3b849a2692c2fef91fd87e5f2ae24f9975851b56458e16c58e51,3,tucker_learned,9,1
cells/tucker_learned__random_static_16__r4.npz,spatial_transformer,0.6465617715617715,random_static_16,1.184525928401631,d5f5d58505bca54ee649b3d5ccd25a32835f21967a4ed524c968163ece98da99,4,tucker_learned,9,1
cells/tucker_learned__dynamic_random_16__r0.npz,spatial_transformer,0.7456293706293706,dynamic_random_16,1.0119758453227854,2bcf39a26ddcdd45a68ca4ba2d3414bcaa23dd55048a3b36471d47f50d313ce1,0,tucker_learned,9,1
cells/tucker_learned__dynamic_random_16__r1.npz,spatial_transformer,0.6325757575757576,dynamic_random_16,1.1042067713897696,11fc7ffae971bf758827de753f48d3a192e3dad25ec65838d2a8e1a1f1b83a5b,1,tucker_learned,9,1
cells/tucker_learned__dynamic_random_16__r2.npz,spatial_transformer,0.7491258741258742,dynamic_random_16,0.9296274388579588,4f16174e44977e0ace4b702148cf2e8b2d8a43d8b1e6639b382d002e9e1932ca,2,tucker_learned,9,1
cells/tucker_learned__dynamic_random_16__r3.npz,spatial_transformer,0.62004662004662,dynamic_random_16,1.462027682530982,2d5930dcb9391ab8678bb024a49552fb67fbe408a5996450304374720a24ad9b,3,tucker_learned,9,1
cells/tucker_learned__dynamic_random_16__r4.npz,spatial_transformer,0.576486013986014,dynamic_random_16,1.3210257209353795,072c752e33b58428fbbd839eb7256c19cdad264a0ef9f1785d62d0792ca841e6,4,tucker_learned,9,1
cells/tucker_learned__random_static_6__r0.npz,spatial_transformer,0.38374125874125875,random_static_6,2.1503628178589795,7cd661e775009949455ecb7b5a23143d11d0b72cd0afb2deeecb777a6c647e27,0,tucker_learned,9,1
cells/tucker_learned__random_static_6__r1.npz,spatial_transformer,0.44085081585081587,random_static_6,1.9241858997012529,dc387c73f1947d8e9bb014cb1be552b108d9d872e2978499548ad491f2abff86,1,tucker_learned,9,1
cells/tucker_learned__random_static_6__r2.npz,spatial_transformer,0.3363927738927739,random_static_6,2.720048264389407,97bf66d1678056f2fbbb3ae63b800a2fd35fff61da3c89daac295fe3f88ce379,2,tucker_learned,9,1
cells/tucker_learned__random_static_6__r3.npz,spatial_transformer,0.4430361305361305,random_static_6,1.835553326109542,e87e6018b9fb8c93c7a4c587b260981bc7736fc01132f7354e96d281cf6abe49,3,tucker_learned,9,1
cells/tucker_learned__random_static_6__r4.npz,spatial_transformer,0.45847902097902093,random_static_6,2.1512949892624373,94bc7171a158337922b81e0a5bc320e27ad99598ecdf9b8d5909614cff07f932,4,tucker_learned,9,1
cells/tucker_learned__dynamic_random_6__r0.npz,spatial_transformer,0.5805652680652681,dynamic_random_6,1.6183439787729181,d933eb09daab1856a818942f1e9dc97ec30c73ef430fb805c8eb309a2d441a06,0,tucker_learned,9,1
cells/tucker_learned__dynamic_random_6__r1.npz,spatial_transformer,0.4549825174825175,dynamic_random_6,1.8831117709449543,a2bd2d3c53156c27dda262df1eb998b363fd404bf951317f6cf55988d3c4e265,1,tucker_learned,9,1
cells/tucker_learned__dynamic_random_6__r2.npz,spatial_transformer,0.4828088578088578,dynamic_random_6,1.752978941998234,a1ad860469b9de46bbb316cfc8b5bda313d889484c3cd19d22748efaea37ee5e,2,tucker_learned,9,1
cells/tucker_learned__dynamic_random_6__r3.npz,spatial_transformer,0.3975815850815851,dynamic_random_6,2.07716749708618,073bf503824f822fa70fdc74e3eef7b6203462fa31a4a5ae5ac27d1b4ad03c5e,3,tucker_learned,9,1
cells/tucker_learned__dynamic_random_6__r4.npz,spatial_transformer,0.502039627039627,dynamic_random_6,1.6312445084303189,11bf9e63328b5b2a26d91816f3b7d6121d4615f3df8af300817e5d0ec7e69957,4,tucker_learned,9,1
cells/zero__full_22__r0.npz,spatial_transformer,0.8589743589743589,full_22,0.5409530863084598,91abb51f19003c71b204bb9a9de1735e172441f2a2916cb179788ef8e0c9a6c5,0,zero,9,2
cells/zero__random_static_16__r0.npz,spatial_transformer,0.328525641025641,random_static_16,2.584380686315981,1bc376b3789ae211fd5710efcba56821af2983e8b868e2a385ec4a875de1333b,0,zero,9,2
cells/zero__random_static_16__r1.npz,spatial_transformer,0.414044289044289,random_static_16,2.3507954075044584,e7dfb0c1d2243099c8a0ef346004a40874d677498245a529d1c9aabed2bab01a,1,zero,9,2
cells/zero__random_static_16__r2.npz,spatial_transformer,0.5100524475524475,random_static_16,1.8528167260324924,d2c21251fdb4cc24e08ae9b379e6835782c8a4e2950a5daf63e6b9251174f631,2,zero,9,2
cells/zero__random_static_16__r3.npz,spatial_transformer,0.4402680652680653,random_static_16,2.1609437930159996,0ef256c40a244b496e227215a2fc7861cf7930b2c6a399f2965d5198577a0aaf,3,zero,9,2
cells/zero__random_static_16__r4.npz,spatial_transformer,0.41244172494172493,random_static_16,2.158792852390049,27bd47837aaabd8b002250fa5bd838e9465512217c1b7254f30fbf498da03e0c,4,zero,9,2
cells/zero__dynamic_random_16__r0.npz,spatial_transformer,0.4627039627039627,dynamic_random_16,2.306291167413242,9eddb94ace7532d0a080a1f63bea8c2169eba2c909f0fc6472f897757a58ab9d,0,zero,9,2
cells/zero__dynamic_random_16__r1.npz,spatial_transformer,0.3547494172494172,dynamic_random_16,2.4225408054892923,10630a9bda98506f5c8e83ccd80e20fccb4d1b8e5e191720e2fbd69881fef1d8,1,zero,9,2
cells/zero__dynamic_random_16__r2.npz,spatial_transformer,0.3999125874125874,dynamic_random_16,1.986171542536997,86f40768fca7b8497922bc619610acd61746839b314cb640ee8e29362694c00f,2,zero,9,2
cells/zero__dynamic_random_16__r3.npz,spatial_transformer,0.3771853146853147,dynamic_random_16,2.4440221718641504,06f1f0175f6acb59852868c8b04451aae66a415b8b8b68695fe17bc9f665f476,3,zero,9,2
cells/zero__dynamic_random_16__r4.npz,spatial_transformer,0.3563519813519813,dynamic_random_16,2.523701471683831,588beb80efef94513478816a83af19772a82b28961582285c107b4642bc54ec8,4,zero,9,2
cells/zero__random_static_6__r0.npz,spatial_transformer,0.5158799533799534,random_static_6,1.5883031554569218,39340f72698a5ca27e5359d12ac47f6eb6d7566183b59add0e470d5d26db91bc,0,zero,9,2
cells/zero__random_static_6__r1.npz,spatial_transformer,0.46008158508158514,random_static_6,1.7584286638591404,07c72730b1f85961f4aa07de74536cd1cdd7d66aa95e71e7d53eb3581b1d1121,1,zero,9,2
cells/zero__random_static_6__r2.npz,spatial_transformer,0.4594988344988345,random_static_6,1.9169092272361226,644ebd5161cbd533db8f49dd29191e05d2946e86cd7a9b10289cda130e25e1b1,2,zero,9,2
cells/zero__random_static_6__r3.npz,spatial_transformer,0.5241841491841491,random_static_6,1.9068596275367635,c275764e33230bc8779230992fb8f1afb0132052b9257e2ef5c5761553597378,3,zero,9,2
cells/zero__random_static_6__r4.npz,spatial_transformer,0.4768356643356644,random_static_6,2.0709792846977404,4d119459420701f77fd20bae41806426ed71081870429ee052f7d022c8eac7f1,4,zero,9,2
cells/zero__dynamic_random_6__r0.npz,spatial_transformer,0.5399184149184149,dynamic_random_6,1.750657595087939,53d4b6198e5723d16a8e5bbb8ce2feddfce4ba6969d70bb9bd72fa32d4e3a8b1,0,zero,9,2
cells/zero__dynamic_random_6__r1.npz,spatial_transformer,0.39539627039627046,dynamic_random_6,2.3632195492893513,b758d8e6a24645bf7ca9a5a6add92b097fbdc2596f1aa19cd7b080d87b352e3a,1,zero,9,2
cells/zero__dynamic_random_6__r2.npz,spatial_transformer,0.4146270396270396,dynamic_random_6,2.1989958579119886,a48d3822cb1b9c3bd027077279bf12e845a20e6ca39236cf48343f1ceaa6b588,2,zero,9,2
cells/zero__dynamic_random_6__r3.npz,spatial_transformer,0.5168997668997669,dynamic_random_6,1.8244915965565454,aae1b809776cb989e35b51bb565c8194afc5d7d4f1d7762b0dc20fa473b1b1c4,3,zero,9,2
cells/zero__dynamic_random_6__r4.npz,spatial_transformer,0.4982517482517482,dynamic_random_6,1.7993412591946385,2d073e8aee1a41c4f04532742cabe63c14d1494eed90ec2cd68d9971a39978e8,4,zero,9,2
cells/covariance_frozen__full_22__r0.npz,spatial_transformer,0.8589743589743589,full_22,0.5409530863084598,91abb51f19003c71b204bb9a9de1735e172441f2a2916cb179788ef8e0c9a6c5,0,covariance_frozen,9,2
cells/covariance_frozen__random_static_16__r0.npz,spatial_transformer,0.8381410256410257,random_static_16,0.5446709907095268,1bc376b3789ae211fd5710efcba56821af2983e8b868e2a385ec4a875de1333b,0,covariance_frozen,9,2
cells/covariance_frozen__random_static_16__r1.npz,spatial_transformer,0.8173076923076923,random_static_16,0.5019026060642666,e7dfb0c1d2243099c8a0ef346004a40874d677498245a529d1c9aabed2bab01a,1,covariance_frozen,9,2
cells/covariance_frozen__random_static_16__r2.npz,spatial_transformer,0.8365384615384616,random_static_16,0.5023198864725963,d2c21251fdb4cc24e08ae9b379e6835782c8a4e2950a5daf63e6b9251174f631,2,covariance_frozen,9,2
cells/covariance_frozen__random_static_16__r3.npz,spatial_transformer,0.8173076923076923,random_static_16,0.5283690392441415,0ef256c40a244b496e227215a2fc7861cf7930b2c6a399f2965d5198577a0aaf,3,covariance_frozen,9,2
cells/covariance_frozen__random_static_16__r4.npz,spatial_transformer,0.8381410256410257,random_static_16,0.4968532431781925,27bd47837aaabd8b002250fa5bd838e9465512217c1b7254f30fbf498da03e0c,4,covariance_frozen,9,2
cells/covariance_frozen__dynamic_random_16__r0.npz,spatial_transformer,0.8573717948717949,dynamic_random_16,0.5598848220037969,9eddb94ace7532d0a080a1f63bea8c2169eba2c909f0fc6472f897757a58ab9d,0,covariance_frozen,9,2
cells/covariance_frozen__dynamic_random_16__r1.npz,spatial_transformer,0.7964743589743589,dynamic_random_16,0.5236482222879749,10630a9bda98506f5c8e83ccd80e20fccb4d1b8e5e191720e2fbd69881fef1d8,1,covariance_frozen,9,2
cells/covariance_frozen__dynamic_random_16__r2.npz,spatial_transformer,0.8173076923076923,dynamic_random_16,0.5404984253052231,86f40768fca7b8497922bc619610acd61746839b314cb640ee8e29362694c00f,2,covariance_frozen,9,2
cells/covariance_frozen__dynamic_random_16__r3.npz,spatial_transformer,0.8189102564102564,dynamic_random_16,0.5404548686560274,06f1f0175f6acb59852868c8b04451aae66a415b8b8b68695fe17bc9f665f476,3,covariance_frozen,9,2
cells/covariance_frozen__dynamic_random_16__r4.npz,spatial_transformer,0.8173076923076923,dynamic_random_16,0.5042816742795689,588beb80efef94513478816a83af19772a82b28961582285c107b4642bc54ec8,4,covariance_frozen,9,2
cells/covariance_frozen__random_static_6__r0.npz,spatial_transformer,0.6057692307692307,random_static_6,1.2048250068357456,39340f72698a5ca27e5359d12ac47f6eb6d7566183b59add0e470d5d26db91bc,0,covariance_frozen,9,2
cells/covariance_frozen__random_static_6__r1.npz,spatial_transformer,0.5846445221445221,random_static_6,1.1359835059733154,07c72730b1f85961f4aa07de74536cd1cdd7d66aa95e71e7d53eb3581b1d1121,1,covariance_frozen,9,2
cells/covariance_frozen__random_static_6__r2.npz,spatial_transformer,0.541083916083916,random_static_6,1.4181175374628083,644ebd5161cbd533db8f49dd29191e05d2946e86cd7a9b10289cda130e25e1b1,2,covariance_frozen,9,2
cells/covariance_frozen__random_static_6__r3.npz,spatial_transformer,0.5641025641025641,random_static_6,1.397914295274297,c275764e33230bc8779230992fb8f1afb0132052b9257e2ef5c5761553597378,3,covariance_frozen,9,2
cells/covariance_frozen__random_static_6__r4.npz,spatial_transformer,0.5448717948717949,random_static_6,1.2542971642036915,4d119459420701f77fd20bae41806426ed71081870429ee052f7d022c8eac7f1,4,covariance_frozen,9,2
cells/covariance_frozen__dynamic_random_6__r0.npz,spatial_transformer,0.6038752913752914,dynamic_random_6,1.1351148667022908,53d4b6198e5723d16a8e5bbb8ce2feddfce4ba6969d70bb9bd72fa32d4e3a8b1,0,covariance_frozen,9,2
cells/covariance_frozen__dynamic_random_6__r1.npz,spatial_transformer,0.5619172494172494,dynamic_random_6,1.1798717515686425,b758d8e6a24645bf7ca9a5a6add92b097fbdc2596f1aa19cd7b080d87b352e3a,1,covariance_frozen,9,2
cells/covariance_frozen__dynamic_random_6__r2.npz,spatial_transformer,0.5413752913752914,dynamic_random_6,1.3060910885730754,a48d3822cb1b9c3bd027077279bf12e845a20e6ca39236cf48343f1ceaa6b588,2,covariance_frozen,9,2
cells/covariance_frozen__dynamic_random_6__r3.npz,spatial_transformer,0.6282051282051282,dynamic_random_6,1.106177055508928,aae1b809776cb989e35b51bb565c8194afc5d7d4f1d7762b0dc20fa473b1b1c4,3,covariance_frozen,9,2
cells/covariance_frozen__dynamic_random_6__r4.npz,spatial_transformer,0.5429778554778555,dynamic_random_6,1.2495770222582865,2d073e8aee1a41c4f04532742cabe63c14d1494eed90ec2cd68d9971a39978e8,4,covariance_frozen,9,2
cells/covariance_learned__full_22__r0.npz,spatial_transformer,0.8589743589743589,full_22,0.5409530863084598,91abb51f19003c71b204bb9a9de1735e172441f2a2916cb179788ef8e0c9a6c5,0,covariance_learned,9,2
cells/covariance_learned__random_static_16__r0.npz,spatial_transformer,0.7596153846153846,random_static_16,0.6189698527501767,1bc376b3789ae211fd5710efcba56821af2983e8b868e2a385ec4a875de1333b,0,covariance_learned,9,2
cells/covariance_learned__random_static_16__r1.npz,spatial_transformer,0.815413752913753,random_static_16,0.5890054264353597,e7dfb0c1d2243099c8a0ef346004a40874d677498245a529d1c9aabed2bab01a,1,covariance_learned,9,2
cells/covariance_learned__random_static_16__r2.npz,spatial_transformer,0.8189102564102564,random_static_16,0.6054363249640166,d2c21251fdb4cc24e08ae9b379e6835782c8a4e2950a5daf63e6b9251174f631,2,covariance_learned,9,2
cells/covariance_learned__random_static_16__r3.npz,spatial_transformer,0.7788461538461539,random_static_16,0.6407259470507488,0ef256c40a244b496e227215a2fc7861cf7930b2c6a399f2965d5198577a0aaf,3,covariance_learned,9,2
cells/covariance_learned__random_static_16__r4.npz,spatial_transformer,0.8397435897435898,random_static_16,0.5696033160495753,27bd47837aaabd8b002250fa5bd838e9465512217c1b7254f30fbf498da03e0c,4,covariance_learned,9,2
cells/covariance_learned__dynamic_random_16__r0.npz,spatial_transformer,0.7788461538461539,dynamic_random_16,0.6412422006864467,9eddb94ace7532d0a080a1f63bea8c2169eba2c909f0fc6472f897757a58ab9d,0,covariance_learned,9,2
cells/covariance_learned__dynamic_random_16__r1.npz,spatial_transformer,0.7996794871794872,dynamic_random_16,0.5987603720096842,10630a9bda98506f5c8e83ccd80e20fccb4d1b8e5e191720e2fbd69881fef1d8,1,covariance_learned,9,2
cells/covariance_learned__dynamic_random_16__r2.npz,spatial_transformer,0.8189102564102564,dynamic_random_16,0.6200698854089703,86f40768fca7b8497922bc619610acd61746839b314cb640ee8e29362694c00f,2,covariance_learned,9,2
cells/covariance_learned__dynamic_random_16__r3.npz,spatial_transformer,0.7996794871794872,dynamic_random_16,0.6300209846102719,06f1f0175f6acb59852868c8b04451aae66a415b8b8b68695fe17bc9f665f476,3,covariance_learned,9,2
cells/covariance_learned__dynamic_random_16__r4.npz,spatial_transformer,0.8173076923076923,dynamic_random_16,0.6119176274822423,588beb80efef94513478816a83af19772a82b28961582285c107b4642bc54ec8,4,covariance_learned,9,2
cells/covariance_learned__random_static_6__r0.npz,spatial_transformer,0.7160547785547786,random_static_6,0.8023710249526611,39340f72698a5ca27e5359d12ac47f6eb6d7566183b59add0e470d5d26db91bc,0,covariance_learned,9,2
cells/covariance_learned__random_static_6__r1.npz,spatial_transformer,0.6708916083916084,random_static_6,0.8472193515049818,07c72730b1f85961f4aa07de74536cd1cdd7d66aa95e71e7d53eb3581b1d1121,1,covariance_learned,9,2
cells/covariance_learned__random_static_6__r2.npz,spatial_transformer,0.6551573426573426,random_static_6,0.9428994760258167,644ebd5161cbd533db8f49dd29191e05d2946e86cd7a9b10289cda130e25e1b1,2,covariance_learned,9,2
cells/covariance_learned__random_static_6__r3.npz,spatial_transformer,0.7144522144522145,random_static_6,0.7505742931396258,c275764e33230bc8779230992fb8f1afb0132052b9257e2ef5c5761553597378,3,covariance_learned,9,2
cells/covariance_learned__random_static_6__r4.npz,spatial_transformer,0.6046037296037295,random_static_6,0.916855447721471,4d119459420701f77fd20bae41806426ed71081870429ee052f7d022c8eac7f1,4,covariance_learned,9,2
cells/covariance_learned__dynamic_random_6__r0.npz,spatial_transformer,0.6497668997668997,dynamic_random_6,0.7151547515242805,53d4b6198e5723d16a8e5bbb8ce2feddfce4ba6969d70bb9bd72fa32d4e3a8b1,0,covariance_learned,9,2
cells/covariance_learned__dynamic_random_6__r1.npz,spatial_transformer,0.6706002331002331,dynamic_random_6,0.9096097259827308,b758d8e6a24645bf7ca9a5a6add92b097fbdc2596f1aa19cd7b080d87b352e3a,1,covariance_learned,9,2
cells/covariance_learned__dynamic_random_6__r2.npz,spatial_transformer,0.7961829836829837,dynamic_random_6,0.5989157039959236,a48d3822cb1b9c3bd027077279bf12e845a20e6ca39236cf48343f1ceaa6b588,2,covariance_learned,9,2
cells/covariance_learned__dynamic_random_6__r3.npz,spatial_transformer,0.6778846153846154,dynamic_random_6,0.7850379427156184,aae1b809776cb989e35b51bb565c8194afc5d7d4f1d7762b0dc20fa473b1b1c4,3,covariance_learned,9,2
cells/covariance_learned__dynamic_random_6__r4.npz,spatial_transformer,0.7753496503496503,dynamic_random_6,0.7653532483144382,2d073e8aee1a41c4f04532742cabe63c14d1494eed90ec2cd68d9971a39978e8,4,covariance_learned,9,2
cells/tucker_frozen__full_22__r0.npz,spatial_transformer,0.8589743589743589,full_22,0.5409530863084598,91abb51f19003c71b204bb9a9de1735e172441f2a2916cb179788ef8e0c9a6c5,0,tucker_frozen,9,2
cells/tucker_frozen__random_static_16__r0.npz,spatial_transformer,0.41244172494172493,random_static_16,1.7953845433240705,1bc376b3789ae211fd5710efcba56821af2983e8b868e2a385ec4a875de1333b,0,tucker_frozen,9,2
cells/tucker_frozen__random_static_16__r1.npz,spatial_transformer,0.5904720279720279,random_static_16,1.5873366436908432,e7dfb0c1d2243099c8a0ef346004a40874d677498245a529d1c9aabed2bab01a,1,tucker_frozen,9,2
cells/tucker_frozen__random_static_16__r2.npz,spatial_transformer,0.5084498834498834,random_static_16,1.197312102942188,d2c21251fdb4cc24e08ae9b379e6835782c8a4e2950a5daf63e6b9251174f631,2,tucker_frozen,9,2
cells/tucker_frozen__random_static_16__r3.npz,spatial_transformer,0.6289335664335665,random_static_16,1.515910245830369,0ef256c40a244b496e227215a2fc7861cf7930b2c6a399f2965d5198577a0aaf,3,tucker_frozen,9,2
cells/tucker_frozen__random_static_16__r4.npz,spatial_transformer,0.4787296037296037,random_static_16,1.4842384949427265,27bd47837aaabd8b002250fa5bd838e9465512217c1b7254f30fbf498da03e0c,4,tucker_frozen,9,2
cells/tucker_frozen__dynamic_random_16__r0.npz,spatial_transformer,0.5690559440559441,dynamic_random_16,1.4447851515818328,9eddb94ace7532d0a080a1f63bea8c2169eba2c909f0fc6472f897757a58ab9d,0,tucker_frozen,9,2
cells/tucker_frozen__dynamic_random_16__r1.npz,spatial_transformer,0.48222610722610726,dynamic_random_16,1.7036861973684854,10630a9bda98506f5c8e83ccd80e20fccb4d1b8e5e191720e2fbd69881fef1d8,1,tucker_frozen,9,2
cells/tucker_frozen__dynamic_random_16__r2.npz,spatial_transformer,0.5308857808857809,dynamic_random_16,1.1031162246363915,86f40768fca7b8497922bc619610acd61746839b314cb640ee8e29362694c00f,2,tucker_frozen,9,2
cells/tucker_frozen__dynamic_random_16__r3.npz,spatial_transformer,0.40180652680652684,dynamic_random_16,1.688809415687734,06f1f0175f6acb59852868c8b04451aae66a415b8b8b68695fe17bc9f665f476,3,tucker_frozen,9,2
cells/tucker_frozen__dynamic_random_16__r4.npz,spatial_transformer,0.5100524475524475,dynamic_random_16,1.5992831840180577,588beb80efef94513478816a83af19772a82b28961582285c107b4642bc54ec8,4,tucker_frozen,9,2
cells/tucker_frozen__random_static_6__r0.npz,spatial_transformer,0.5407925407925408,random_static_6,1.3726325401411819,39340f72698a5ca27e5359d12ac47f6eb6d7566183b59add0e470d5d26db91bc,0,tucker_frozen,9,2
cells/tucker_frozen__random_static_6__r1.npz,spatial_transformer,0.4590617715617715,random_static_6,1.849964297237591,07c72730b1f85961f4aa07de74536cd1cdd7d66aa95e71e7d53eb3581b1d1121,1,tucker_frozen,9,2
cells/tucker_frozen__random_static_6__r2.npz,spatial_transformer,0.48441142191142195,random_static_6,1.6713498241371756,644ebd5161cbd533db8f49dd29191e05d2946e86cd7a9b10289cda130e25e1b1,2,tucker_frozen,9,2
cells/tucker_frozen__random_static_6__r3.npz,spatial_transformer,0.5039335664335665,random_static_6,1.7654691520186694,c275764e33230bc8779230992fb8f1afb0132052b9257e2ef5c5761553597378,3,tucker_frozen,9,2
cells/tucker_frozen__random_static_6__r4.npz,spatial_transformer,0.39568764568764564,random_static_6,2.147747164745786,4d119459420701f77fd20bae41806426ed71081870429ee052f7d022c8eac7f1,4,tucker_frozen,9,2
cells/tucker_frozen__dynamic_random_6__r0.npz,spatial_transformer,0.5196678321678322,dynamic_random_6,1.5400347381225632,53d4b6198e5723d16a8e5bbb8ce2feddfce4ba6969d70bb9bd72fa32d4e3a8b1,0,tucker_frozen,9,2
cells/tucker_frozen__dynamic_random_6__r1.npz,spatial_transformer,0.4777097902097902,dynamic_random_6,1.6995085975385538,b758d8e6a24645bf7ca9a5a6add92b097fbdc2596f1aa19cd7b080d87b352e3a,1,tucker_frozen,9,2
cells/tucker_frozen__dynamic_random_6__r2.npz,spatial_transformer,0.4780011655011655,dynamic_random_6,1.896861262723527,a48d3822cb1b9c3bd027077279bf12e845a20e6ca39236cf48343f1ceaa6b588,2,tucker_frozen,9,2
cells/tucker_frozen__dynamic_random_6__r3.npz,spatial_transformer,0.5158799533799534,dynamic_random_6,1.2900797296766628,aae1b809776cb989e35b51bb565c8194afc5d7d4f1d7762b0dc20fa473b1b1c4,3,tucker_frozen,9,2
cells/tucker_frozen__dynamic_random_6__r4.npz,spatial_transformer,0.47931235431235425,dynamic_random_6,1.5415761728479813,2d073e8aee1a41c4f04532742cabe63c14d1494eed90ec2cd68d9971a39978e8,4,tucker_frozen,9,2
cells/tucker_learned__full_22__r0.npz,spatial_transformer,0.8589743589743589,full_22,0.5409530863084598,91abb51f19003c71b204bb9a9de1735e172441f2a2916cb179788ef8e0c9a6c5,0,tucker_learned,9,2
cells/tucker_learned__random_static_16__r0.npz,spatial_transformer,0.43516899766899764,random_static_16,1.7126062145866106,1bc376b3789ae211fd5710efcba56821af2983e8b868e2a385ec4a875de1333b,0,tucker_learned,9,2
cells/tucker_learned__random_static_16__r1.npz,spatial_transformer,0.5904720279720279,random_static_16,1.5566468914719407,e7dfb0c1d2243099c8a0ef346004a40874d677498245a529d1c9aabed2bab01a,1,tucker_learned,9,2
cells/tucker_learned__random_static_16__r2.npz,spatial_transformer,0.5311771561771562,random_static_16,1.205505106750682,d2c21251fdb4cc24e08ae9b379e6835782c8a4e2950a5daf63e6b9251174f631,2,tucker_learned,9,2
cells/tucker_learned__random_static_16__r3.npz,spatial_transformer,0.5869755244755245,random_static_16,1.5719426081793129,0ef256c40a244b496e227215a2fc7861cf7930b2c6a399f2965d5198577a0aaf,3,tucker_learned,9,2
cells/tucker_learned__random_static_16__r4.npz,spatial_transformer,0.4787296037296037,random_static_16,1.481199127371695,27bd47837aaabd8b002250fa5bd838e9465512217c1b7254f30fbf498da03e0c,4,tucker_learned,9,2
cells/tucker_learned__dynamic_random_16__r0.npz,spatial_transformer,0.5744463869463869,dynamic_random_16,1.4587053538825747,9eddb94ace7532d0a080a1f63bea8c2169eba2c909f0fc6472f897757a58ab9d,0,tucker_learned,9,2
cells/tucker_learned__dynamic_random_16__r1.npz,spatial_transformer,0.5276806526806527,dynamic_random_16,1.703823479017535,10630a9bda98506f5c8e83ccd80e20fccb4d1b8e5e191720e2fbd69881fef1d8,1,tucker_learned,9,2
cells/tucker_learned__dynamic_random_16__r2.npz,spatial_transformer,0.5536130536130537,dynamic_random_16,1.1503914045715489,86f40768fca7b8497922bc619610acd61746839b314cb640ee8e29362694c00f,2,tucker_learned,9,2
cells/tucker_learned__dynamic_random_16__r3.npz,spatial_transformer,0.4680944055944055,dynamic_random_16,1.689045791336189,06f1f0175f6acb59852868c8b04451aae66a415b8b8b68695fe17bc9f665f476,3,tucker_learned,9,2
cells/tucker_learned__dynamic_random_16__r4.npz,spatial_transformer,0.46809440559440557,dynamic_random_16,1.63721803842612,588beb80efef94513478816a83af19772a82b28961582285c107b4642bc54ec8,4,tucker_learned,9,2
cells/tucker_learned__random_static_6__r0.npz,spatial_transformer,0.6051864801864801,random_static_6,1.2983694129923438,39340f72698a5ca27e5359d12ac47f6eb6d7566183b59add0e470d5d26db91bc,0,tucker_learned,9,2
cells/tucker_learned__random_static_6__r1.npz,spatial_transformer,0.4379370629370629,random_static_6,1.8008009852166236,07c72730b1f85961f4aa07de74536cd1cdd7d66aa95e71e7d53eb3581b1d1121,1,tucker_learned,9,2
cells/tucker_learned__random_static_6__r2.npz,spatial_transformer,0.46168414918414913,random_static_6,1.606063647411655,644ebd5161cbd533db8f49dd29191e05d2946e86cd7a9b10289cda130e25e1b1,2,tucker_learned,9,2
cells/tucker_learned__random_static_6__r3.npz,spatial_transformer,0.5247668997668998,random_static_6,1.7547298843755168,c275764e33230bc8779230992fb8f1afb0132052b9257e2ef5c5761553597378,3,tucker_learned,9,2
cells/tucker_learned__random_static_6__r4.npz,spatial_transformer,0.4200174825174825,random_static_6,2.1293748313792897,4d119459420701f77fd20bae41806426ed71081870429ee052f7d022c8eac7f1,4,tucker_learned,9,2
cells/tucker_learned__dynamic_random_6__r0.npz,spatial_transformer,0.5597319347319347,dynamic_random_6,1.3685071548481,53d4b6198e5723d16a8e5bbb8ce2feddfce4ba6969d70bb9bd72fa32d4e3a8b1,0,tucker_learned,9,2
cells/tucker_learned__dynamic_random_6__r1.npz,spatial_transformer,0.4812062937062937,dynamic_random_6,1.6333006495030233,b758d8e6a24645bf7ca9a5a6add92b097fbdc2596f1aa19cd7b080d87b352e3a,1,tucker_learned,9,2
cells/tucker_learned__dynamic_random_6__r2.npz,spatial_transformer,0.47610722610722606,dynamic_random_6,1.798217275759362,a48d3822cb1b9c3bd027077279bf12e845a20e6ca39236cf48343f1ceaa6b588,2,tucker_learned,9,2
cells/tucker_learned__dynamic_random_6__r3.npz,spatial_transformer,0.6046037296037295,dynamic_random_6,1.1625668092768664,aae1b809776cb989e35b51bb565c8194afc5d7d4f1d7762b0dc20fa473b1b1c4,3,tucker_learned,9,2
cells/tucker_learned__dynamic_random_6__r4.npz,spatial_transformer,0.4600815850815851,dynamic_random_6,1.496831161653854,2d073e8aee1a41c4f04532742cabe63c14d1494eed90ec2cd68d9971a39978e8,4,tucker_learned,9,2
