subject,seed,strategy,condition,metric,value,repeat_std
1,0,zero,full_22,balanced_accuracy,0.8365384615384616,0.0
1,0,zero,full_22,log_loss,0.4593047590935069,0.0
1,0,zero,random_static_16,balanced_accuracy,0.3557692307692308,0.038116584960196716
1,0,zero,random_static_16,log_loss,2.6822252760349903,0.15427195110876404
1,0,zero,dynamic_random_16,balanced_accuracy,0.32472527472527474,0.028439042405730856
1,0,zero,dynamic_random_16,log_loss,2.83290444567068,0.14436656536339226
1,0,zero,random_static_6,balanced_accuracy,0.3478021978021978,0.045412013122931603
1,0,zero,random_static_6,log_loss,2.6180831725100715,0.21822977178718475
1,0,zero,dynamic_random_6,balanced_accuracy,0.36758241758241755,0.05968940055067787
1,0,zero,dynamic_random_6,log_loss,2.5466793253727067,0.21478155369013052
1,0,covariance_frozen,full_22,balanced_accuracy,0.8365384615384616,0.0
1,0,covariance_frozen,full_22,log_loss,0.4593047590935069,0.0
1,0,covariance_frozen,random_static_16,balanced_accuracy,0.8175824175824177,0.020565898101332827
1,0,covariance_frozen,random_static_16,log_loss,0.48276656339195656,0.007413340355173107
1,0,covariance_frozen,dynamic_random_16,balanced_accuracy,0.8175824175824176,0.020064351248912315
1,0,covariance_frozen,dynamic_random_16,log_loss,0.4740618541541125,0.008943364078724548
1,0,covariance_frozen,random_static_6,balanced_accuracy,0.49010989010989003,0.05987750648714408
1,0,covariance_frozen,random_static_6,log_loss,1.966897013868363,0.29764001754029207
1,0,covariance_frozen,dynamic_random_6,balanced_accuracy,0.4123626373626374,0.025659987755682692
1,0,covariance_frozen,dynamic_random_6,log_loss,2.0841281100552043,0.07129610554929042
1,0,covariance_learned,full_22,balanced_accuracy,0.8365384615384616,0.0
1,0,covariance_learned,full_22,log_loss,0.4593047590935069,0.0
1,0,covariance_learned,random_static_16,balanced_accuracy,0.832967032967033,0.020824828195876107
1,0,covariance_learned,random_static_16,log_loss,0.4710822131260037,0.04333726294308306
1,0,covariance_learned,dynamic_random_16,balanced_accuracy,0.821978021978022,0.02414771092675354
1,0,covariance_learned,dynamic_random_16,log_loss,0.45088499516682656,0.026566842306851607
1,0,covariance_learned,random_static_6,balanced_accuracy,0.7211538461538461,0.029268235923986984
1,0,covariance_learned,random_static_6,log_loss,0.7561140006461646,0.06071359167438841
1,0,covariance_learned,dynamic_random_6,balanced_accuracy,0.734065934065934,0.062057514682813855
1,0,covariance_learned,dynamic_random_6,log_loss,0.6702431530025995,0.09040508952948353
1,0,tucker_frozen,full_22,balanced_accuracy,0.8365384615384616,0.0
1,0,tucker_frozen,full_22,log_loss,0.4593047590935069,0.0
1,0,tucker_frozen,random_static_16,balanced_accuracy,0.440934065934066,0.030505640972508376
1,0,tucker_frozen,random_static_16,log_loss,2.2627786673105117,0.140708911776495
1,0,tucker_frozen,dynamic_random_16,balanced_accuracy,0.3843406593406593,0.01821078397711708
1,0,tucker_frozen,dynamic_random_16,log_loss,2.4136083017987238,0.14179544168213004
1,0,tucker_frozen,random_static_6,balanced_accuracy,0.4021978021978022,0.07064447060389765
1,0,tucker_frozen,random_static_6,log_loss,2.3907959217987194,0.25534583500275143
1,0,tucker_frozen,dynamic_random_6,balanced_accuracy,0.3862637362637363,0.017897249972420176
1,0,tucker_frozen,dynamic_random_6,log_loss,2.3661562725221783,0.1728003480840448
1,0,tucker_learned,full_22,balanced_accuracy,0.8365384615384616,0.0
1,0,tucker_learned,full_22,log_loss,0.4593047590935069,0.0
1,0,tucker_learned,random_static_16,balanced_accuracy,0.45879120879120877,0.02120907589628439
1,0,tucker_learned,random_static_16,log_loss,2.100878352345371,0.13938247909667476
1,0,tucker_learned,dynamic_random_16,balanced_accuracy,0.40934065934065933,0.01958080184747853
1,0,tucker_learned,dynamic_random_16,log_loss,2.2304660082084915,0.1578137087107628
1,0,tucker_learned,random_static_6,balanced_accuracy,0.4269230769230769,0.07413714905459506
1,0,tucker_learned,random_static_6,log_loss,2.347373127763643,0.24965284501002602
1,0,tucker_learned,dynamic_random_6,balanced_accuracy,0.3519230769230769,0.03022477481203312
1,0,tucker_learned,dynamic_random_6,log_loss,2.3183020930140517,0.10519951503503613
1,1,zero,full_22,balanced_accuracy,0.7802197802197801,0.0
1,1,zero,full_22,log_loss,0.7285415564688291,0.0
1,1,zero,random_static_16,balanced_accuracy,0.4626373626373626,0.03656427246660263
1,1,zero,random_static_16,log_loss,1.6518245296787177,0.10490705374021787
1,1,zero,dynamic_random_16,balanced_accuracy,0.4648351648351648,0.04828917042356008
1,1,zero,dynamic_random_16,log_loss,1.6944582517368914,0.09065883678569348
1,1,zero,random_static_6,balanced_accuracy,0.34725274725274724,0.040872252170195765
1,1,zero,random_static_6,log_loss,2.2763159096329777,0.16822359799270217
1,1,zero,dynamic_random_6,balanced_accuracy,0.3706043956043956,0.03315423042097934
1,1,zero,dynamic_random_6,log_loss,2.0978703138890276,0.23083729859341096
1,1,covariance_frozen,full_22,balanced_accuracy,0.7802197802197801,0.0
1,1,covariance_frozen,full_22,log_loss,0.7285415564688291,0.0
1,1,covariance_frozen,random_static_16,balanced_accuracy,0.7315934065934065,0.024673327603645854
1,1,covariance_frozen,random_static_16,log_loss,0.7787002144961332,0.019956289929484176
1,1,covariance_frozen,dynamic_random_16,balanced_accuracy,0.7346153846153847,0.034602299986447906
1,1,covariance_frozen,dynamic_random_16,log_loss,0.7413583936259649,0.009544889206732717
1,1,covariance_frozen,random_static_6,balanced_accuracy,0.48873626373626367,0.04486861766429783
1,1,covariance_frozen,random_static_6,log_loss,1.6498497870799873,0.1074800973689194
1,1,covariance_frozen,dynamic_random_6,balanced_accuracy,0.5195054945054945,0.025259790140599127
1,1,covariance_frozen,dynamic_random_6,log_loss,1.690496717551993,0.08450223013352869
1,1,covariance_learned,full_22,balanced_accuracy,0.7802197802197801,0.0
1,1,covariance_learned,full_22,log_loss,0.7285415564688291,0.0
1,1,covariance_learned,random_static_16,balanced_accuracy,0.7027472527472526,0.014158350249148438
1,1,covariance_learned,random_static_16,log_loss,0.717818786974596,0.042419521669456325
1,1,covariance_learned,dynamic_random_16,balanced_accuracy,0.7173076923076923,0.026726124191242432
1,1,covariance_learned,dynamic_random_16,log_loss,0.7081256081935279,0.022353408927588487
1,1,covariance_learned,random_static_6,balanced_accuracy,0.6357142857142857,0.03377445309583074
1,1,covariance_learned,random_static_6,log_loss,0.8696117825063814,0.0786393630104951
1,1,covariance_learned,dynamic_random_6,balanced_accuracy,0.6796703296703297,0.018981906230906245
1,1,covariance_learned,dynamic_random_6,log_loss,0.7990713541983298,0.07790078944253945
1,1,tucker_frozen,full_22,balanced_accuracy,0.7802197802197801,0.0
1,1,tucker_frozen,full_22,log_loss,0.7285415564688291,0.0
1,1,tucker_frozen,random_static_16,balanced_accuracy,0.4758241758241758,0.022227295171614057
1,1,tucker_frozen,random_static_16,log_loss,1.5206985894001426,0.10984007152977138
1,1,tucker_frozen,dynamic_random_16,balanced_accuracy,0.49642857142857144,0.03195091559133703
1,1,tucker_frozen,dynamic_random_16,log_loss,1.5323966952630281,0.10827238862210652
1,1,tucker_frozen,random_static_6,balanced_accuracy,0.3387362637362637,0.04425209369238795
1,1,tucker_frozen,random_static_6,log_loss,2.185995506711258,0.1543834554270664
1,1,tucker_frozen,dynamic_random_6,balanced_accuracy,0.3662087912087912,0.028899740911562936
1,1,tucker_frozen,dynamic_random_6,log_loss,2.1242905581837475,0.16080281823619205
1,1,tucker_learned,full_22,balanced_accuracy,0.7802197802197801,0.0
1,1,tucker_learned,full_22,log_loss,0.7285415564688291,0.0
1,1,tucker_learned,random_static_16,balanced_accuracy,0.48681318681318686,0.04332131001552444
1,1,tucker_learned,random_static_16,log_loss,1.5111685790197473,0.11052193633323489
1,1,tucker_learned,dynamic_random_16,balanced_accuracy,0.5071428571428571,0.018701508159469797
1,1,tucker_learned,dynamic_random_16,log_loss,1.503549142618363,0.10738887046156687
1,1,tucker_learned,random_static_6,balanced_accuracy,0.3384615384615384,0.04619634359529643
1,1,tucker_learned,random_static_6,log_loss,2.1832746561684053,0.15599294369655087
1,1,tucker_learned,dynamic_random_6,balanced_accuracy,0.3626373626373626,0.02099447601598111
1,1,tucker_learned,dynamic_random_6,log_loss,2.1635730648848233,0.20375531891706727
1,2,zero,full_22,balanced_accuracy,0.875,0.0
1,2,zero,full_22,log_loss,0.5512492855247142,0.0
1,2,zero,random_static_16,balanced_accuracy,0.4552197802197802,0.040605473673029406
1,2,zero,random_static_16,log_loss,2.331801470556027,0.08096084347696222
1,2,zero,dynamic_random_16,balanced_accuracy,0.4593406593406594,0.02060622702483425
1,2,zero,dynamic_random_16,log_loss,2.4182880800462088,0.12592206711415618
1,2,zero,random_static_6,balanced_accuracy,0.32087912087912085,0.0535862194289885
1,2,zero,random_static_6,log_loss,3.1438908600964766,0.2151323199161234
1,2,zero,dynamic_random_6,balanced_accuracy,0.4096153846153846,0.0924416871518878
1,2,zero,dynamic_random_6,log_loss,2.372087918204251,0.27482011219684466
1,2,covariance_frozen,full_22,balanced_accuracy,0.875,0.0
1,2,covariance_frozen,full_22,log_loss,0.5512492855247142,0.0
1,2,covariance_frozen,random_static_16,balanced_accuracy,0.768956043956044,0.03939602586866673
1,2,covariance_frozen,random_static_16,log_loss,0.6682946855749654,0.053094213375687614
1,2,covariance_frozen,dynamic_random_16,balanced_accuracy,0.7975274725274726,0.01418497872903908
1,2,covariance_frozen,dynamic_random_16,log_loss,0.6250820492564204,0.02031306038142241
1,2,covariance_frozen,random_static_6,balanced_accuracy,0.4043956043956043,0.01908500487138285
1,2,covariance_frozen,random_static_6,log_loss,2.209404659399056,0.150392325664302
1,2,covariance_frozen,dynamic_random_6,balanced_accuracy,0.41098901098901097,0.04677918850037927
1,2,covariance_frozen,dynamic_random_6,log_loss,2.191527876353743,0.08378325959408897
1,2,covariance_learned,full_22,balanced_accuracy,0.875,0.0
1,2,covariance_learned,full_22,log_loss,0.5512492855247142,0.0
1,2,covariance_learned,random_static_16,balanced_accuracy,0.7892857142857143,0.026244532958391204
1,2,covariance_learned,random_static_16,log_loss,0.5772749629964056,0.0688916900184949
1,2,covariance_learned,dynamic_random_16,balanced_accuracy,0.8032967032967033,0.015981362167306546
1,2,covariance_learned,dynamic_random_16,log_loss,0.577798030852936,0.024725208862322927
1,2,covariance_learned,random_static_6,balanced_accuracy,0.6502747252747252,0.02554501911232598
1,2,covariance_learned,random_static_6,log_loss,1.0564431643044851,0.17918397015819182
1,2,covariance_learned,dynamic_random_6,balanced_accuracy,0.6774725274725274,0.029542868261033108
1,2,covariance_learned,dynamic_random_6,log_loss,0.9786392217965488,0.1051643912486093
1,2,tucker_frozen,full_22,balanced_accuracy,0.875,0.0
1,2,tucker_frozen,full_22,log_loss,0.5512492855247142,0.0
1,2,tucker_frozen,random_static_16,balanced_accuracy,0.4684065934065934,0.027541123153521165
1,2,tucker_frozen,random_static_16,log_loss,2.0503705863840493,0.04500418303091701
1,2,tucker_frozen,dynamic_random_16,balanced_accuracy,0.5008241758241759,0.03152285481295291
1,2,tucker_frozen,dynamic_random_16,log_loss,2.0888659715096236,0.14493241117517308
1,2,tucker_frozen,random_static_6,balanced_accuracy,0.3112637362637362,0.0504373458299048
1,2,tucker_frozen,random_static_6,log_loss,3.1174111966426907,0.2545756574145811
1,2,tucker_frozen,dynamic_random_6,balanced_accuracy,0.38571428571428573,0.04418211097357058
1,2,tucker_frozen,dynamic_random_6,log_loss,2.3988130583490253,0.27737715487409836
1,2,tucker_learned,full_22,balanced_accuracy,0.875,0.0
1,2,tucker_learned,full_22,log_loss,0.5512492855247142,0.0
1,2,tucker_learned,random_static_16,balanced_accuracy,0.4791208791208791,0.02603955079356655
1,2,tucker_learned,random_static_16,log_loss,2.038958780684585,0.04646089706996357
1,2,tucker_learned,dynamic_random_16,balanced_accuracy,0.5043956043956045,0.027464284477650987
1,2,tucker_learned,dynamic_random_16,log_loss,2.088407949993221,0.146269343841231
1,2,tucker_learned,random_static_6,balanced_accuracy,0.31483516483516477,0.0466580258933882
1,2,tucker_learned,random_static_6,log_loss,3.111507284186706,0.25508579341434057
1,2,tucker_learned,dynamic_random_6,balanced_accuracy,0.3782967032967033,0.050541984637384546
1,2,tucker_learned,dynamic_random_6,log_loss,2.402082766816309,0.28149672430521366
2,0,zero,full_22,balanced_accuracy,0.5989010989010989,0.0
2,0,zero,full_22,log_loss,1.1180254236405578,0.0
2,0,zero,random_static_16,balanced_accuracy,0.2909340659340659,0.014625089729896899
2,0,zero,random_static_16,log_loss,3.01853651109286,0.10233099976360047
2,0,zero,dynamic_random_16,balanced_accuracy,0.289010989010989,0.028781979898261093
2,0,zero,dynamic_random_16,log_loss,3.1050554176779714,0.15234623389546648
2,0,zero,random_static_6,balanced_accuracy,0.2692307692307693,0.03445585075849043
2,0,zero,random_static_6,log_loss,3.073409718738954,0.18145935837758093
2,0,zero,dynamic_random_6,balanced_accuracy,0.2684065934065934,0.030152272249316207
2,0,zero,dynamic_random_6,log_loss,2.9161103493386706,0.30474748501877913
2,0,covariance_frozen,full_22,balanced_accuracy,0.5989010989010989,0.0
2,0,covariance_frozen,full_22,log_loss,1.1180254236405578,0.0
2,0,covariance_frozen,random_static_16,balanced_accuracy,0.5131868131868133,0.025097924385837928
2,0,covariance_frozen,random_static_16,log_loss,1.2043828267795167,0.04887090792407239
2,0,covariance_frozen,dynamic_random_16,balanced_accuracy,0.5277472527472528,0.032730377686110305
2,0,covariance_frozen,dynamic_random_16,log_loss,1.1414080280046965,0.05113112315844319
2,0,covariance_frozen,random_static_6,balanced_accuracy,0.36098901098901104,0.02290951839493339
2,0,covariance_frozen,random_static_6,log_loss,2.0267366343710385,0.16093534100063006
2,0,covariance_frozen,dynamic_random_6,balanced_accuracy,0.36510989010989015,0.043985223831067934
2,0,covariance_frozen,dynamic_random_6,log_loss,1.8419348824286217,0.1536400083154017
2,0,covariance_learned,full_22,balanced_accuracy,0.5989010989010989,0.0
2,0,covariance_learned,full_22,log_loss,1.1180254236405578,0.0
2,0,covariance_learned,random_static_16,balanced_accuracy,0.5431318681318681,0.012181208394173304
2,0,covariance_learned,random_static_16,log_loss,1.1388883793348366,0.042083691355095994
2,0,covariance_learned,dynamic_random_16,balanced_accuracy,0.5576923076923077,0.04977761194440302
2,0,covariance_learned,dynamic_random_16,log_loss,1.131837524312396,0.04764916049744946
2,0,covariance_learned,random_static_6,balanced_accuracy,0.45054945054945056,0.06277938400968644
2,0,covariance_learned,random_static_6,log_loss,1.4414791067230266,0.13204026561594936
2,0,covariance_learned,dynamic_random_6,balanced_accuracy,0.5263736263736265,0.036831633888831275
2,0,covariance_learned,dynamic_random_6,log_loss,1.2522973410149827,0.06904232931007441
2,0,tucker_frozen,full_22,balanced_accuracy,0.5989010989010989,0.0
2,0,tucker_frozen,full_22,log_loss,1.1180254236405578,0.0
2,0,tucker_frozen,random_static_16,balanced_accuracy,0.30851648351648353,0.020806699152485144
2,0,tucker_frozen,random_static_16,log_loss,2.77699454697292,0.1571583398899732
2,0,tucker_frozen,dynamic_random_16,balanced_accuracy,0.3329670329670329,0.03586822276976199
2,0,tucker_frozen,dynamic_random_16,log_loss,2.8586984140898637,0.147785348206025
2,0,tucker_frozen,random_static_6,balanced_accuracy,0.28434065934065933,0.058581581702517614
2,0,tucker_frozen,random_static_6,log_loss,2.967857948629379,0.24208177411365983
2,0,tucker_frozen,dynamic_random_6,balanced_accuracy,0.2681318681318681,0.04025826837962575
2,0,tucker_frozen,dynamic_random_6,log_loss,2.7355664549077545,0.262246696966232
2,0,tucker_learned,full_22,balanced_accuracy,0.5989010989010989,0.0
2,0,tucker_learned,full_22,log_loss,1.1180254236405578,0.0
2,0,tucker_learned,random_static_16,balanced_accuracy,0.30851648351648353,0.020806699152485144
2,0,tucker_learned,random_static_16,log_loss,2.77699454697292,0.1571583398899732
2,0,tucker_learned,dynamic_random_16,balanced_accuracy,0.3329670329670329,0.03586822276976199
2,0,tucker_learned,dynamic_random_16,log_loss,2.8586984140898637,0.147785348206025
2,0,tucker_learned,random_static_6,balanced_accuracy,0.28434065934065933,0.058581581702517614
2,0,tucker_learned,random_static_6,log_loss,2.967857948629379,0.24208177411365983
2,0,tucker_learned,dynamic_random_6,balanced_accuracy,0.2681318681318681,0.04025826837962575
2,0,tucker_learned,dynamic_random_6,log_loss,2.7355664549077545,0.262246696966232
2,1,zero,full_22,balanced_accuracy,0.5480769230769231,0.0
2,1,zero,full_22,log_loss,1.4008607702193079,0.0
2,1,zero,random_static_16,balanced_accuracy,0.29313186813186815,0.0388675586457745
2,1,zero,random_static_16,log_loss,1.8904747675470446,0.23614906647350709
2,1,zero,dynamic_random_16,balanced_accuracy,0.3010989010989011,0.036893057524624816
2,1,zero,dynamic_random_16,log_loss,1.8056014916758614,0.08311186247397831
2,1,zero,random_static_6,balanced_accuracy,0.2692307692307692,0.015467789296988207
2,1,zero,random_static_6,log_loss,2.0227996876186904,0.10561249914056045
2,1,zero,dynamic_random_6,balanced_accuracy,0.25054945054945055,0.047588571538193576
2,1,zero,dynamic_random_6,log_loss,2.037291822291171,0.06829804442514095
2,1,covariance_frozen,full_22,balanced_accuracy,0.5480769230769231,0.0
2,1,covariance_frozen,full_22,log_loss,1.4008607702193079,0.0
2,1,covariance_frozen,random_static_16,balanced_accuracy,0.4686813186813187,0.03512188310878433
2,1,covariance_frozen,random_static_16,log_loss,1.4106530261463504,0.041509152170590584
2,1,covariance_frozen,dynamic_random_16,balanced_accuracy,0.49835164835164847,0.04719681074576873
2,1,covariance_frozen,dynamic_random_16,log_loss,1.4630843563833882,0.05974546480957963
2,1,covariance_frozen,random_static_6,balanced_accuracy,0.3175824175824176,0.027832802509700952
2,1,covariance_frozen,random_static_6,log_loss,1.6624607025844287,0.10499454789252709
2,1,covariance_frozen,dynamic_random_6,balanced_accuracy,0.3508241758241758,0.04943986453550633
2,1,covariance_frozen,dynamic_random_6,log_loss,1.6251737237173676,0.036144973206916634
2,1,covariance_learned,full_22,balanced_accuracy,0.5480769230769231,0.0
2,1,covariance_learned,full_22,log_loss,1.4008607702193079,0.0
2,1,covariance_learned,random_static_16,balanced_accuracy,0.46098901098901096,0.02572168110053938
2,1,covariance_learned,random_static_16,log_loss,1.3938654435233842,0.045661557790607425
2,1,covariance_learned,dynamic_random_16,balanced_accuracy,0.47967032967032963,0.05624425529843555
2,1,covariance_learned,dynamic_random_16,log_loss,1.4429963815261844,0.06583173929318092
2,1,covariance_learned,random_static_6,balanced_accuracy,0.33763736263736266,0.02012069606989071
2,1,covariance_learned,random_static_6,log_loss,1.6387938760935232,0.10710842766044963
2,1,covariance_learned,dynamic_random_6,balanced_accuracy,0.38406593406593403,0.0478416535411255
2,1,covariance_learned,dynamic_random_6,log_loss,1.5969585840854017,0.03014508248564774
2,1,tucker_frozen,full_22,balanced_accuracy,0.5480769230769231,0.0
2,1,tucker_frozen,full_22,log_loss,1.4008607702193079,0.0
2,1,tucker_frozen,random_static_16,balanced_accuracy,0.3211538461538462,0.04116664511430821
2,1,tucker_frozen,random_static_16,log_loss,1.743333818400997,0.2420854573393068
2,1,tucker_frozen,dynamic_random_16,balanced_accuracy,0.33928571428571425,0.057979400795075235
2,1,tucker_frozen,dynamic_random_16,log_loss,1.729759629354382,0.07708595047793544
2,1,tucker_frozen,random_static_6,balanced_accuracy,0.28434065934065933,0.0533136939044236
2,1,tucker_frozen,random_static_6,log_loss,1.939581274039122,0.07840423252626984
2,1,tucker_frozen,dynamic_random_6,balanced_accuracy,0.2986263736263736,0.038857848310437745
2,1,tucker_frozen,dynamic_random_6,log_loss,1.9134595983727742,0.0906219180961609
2,1,tucker_learned,full_22,balanced_accuracy,0.5480769230769231,0.0
2,1,tucker_learned,full_22,log_loss,1.4008607702193079,0.0
2,1,tucker_learned,random_static_16,balanced_accuracy,0.33653846153846156,0.07304799890279301
2,1,tucker_learned,random_static_16,log_loss,1.7207294138849742,0.2536132078504637
2,1,tucker_learned,dynamic_random_16,balanced_accuracy,0.35,0.06338597375508694
2,1,tucker_learned,dynamic_random_16,log_loss,1.7119512663778202,0.07070294878631544
2,1,tucker_learned,random_static_6,balanced_accuracy,0.28818681318681316,0.03612820160001527
2,1,tucker_learned,random_static_6,log_loss,1.9021192127230866,0.0652778680650915
2,1,tucker_learned,dynamic_random_6,balanced_accuracy,0.2989010989010989,0.04849192937081982
2,1,tucker_learned,dynamic_random_6,log_loss,1.913116633954159,0.08823030321994049
2,2,zero,full_22,balanced_accuracy,0.5453296703296703,0.0
2,2,zero,full_22,log_loss,1.3583803348414358,0.0
2,2,zero,random_static_16,balanced_accuracy,0.33489010989010987,0.03598167025210396
2,2,zero,random_static_16,log_loss,2.5102872345034046,0.2383157405882622
2,2,zero,dynamic_random_16,balanced_accuracy,0.33983516483516485,0.03765440377828441
2,2,zero,dynamic_random_16,log_loss,2.381300681934982,0.10433132609117454
2,2,zero,random_static_6,balanced_accuracy,0.2824175824175824,0.02948149104460729
2,2,zero,random_static_6,log_loss,2.753536332766581,0.19801776432834717
2,2,zero,dynamic_random_6,balanced_accuracy,0.246978021978022,0.060009710199252636
2,2,zero,dynamic_random_6,log_loss,2.7811518174866143,0.27662686816725535
2,2,covariance_frozen,full_22,balanced_accuracy,0.5453296703296703,0.0
2,2,covariance_frozen,full_22,log_loss,1.3583803348414358,0.0
2,2,covariance_frozen,random_static_16,balanced_accuracy,0.48983516483516487,0.02034822438147382
2,2,covariance_frozen,random_static_16,log_loss,1.4182499808558924,0.01969312750393591
2,2,covariance_frozen,dynamic_random_16,balanced_accuracy,0.4884615384615385,0.016633929124418235
2,2,covariance_frozen,dynamic_random_16,log_loss,1.4007414633982382,0.04894439797021838
2,2,covariance_frozen,random_static_6,balanced_accuracy,0.3546703296703297,0.03963477448387813
2,2,covariance_frozen,random_static_6,log_loss,2.034486018942937,0.15048534371010333
2,2,covariance_frozen,dynamic_random_6,balanced_accuracy,0.3381868131868132,0.033245163752540316
2,2,covariance_frozen,dynamic_random_6,log_loss,2.0541624241647303,0.07105148323732449
2,2,covariance_learned,full_22,balanced_accuracy,0.5453296703296703,0.0
2,2,covariance_learned,full_22,log_loss,1.3583803348414358,0.0
2,2,covariance_learned,random_static_16,balanced_accuracy,0.512087912087912,0.01829348551053458
2,2,covariance_learned,random_static_16,log_loss,1.4086650180838578,0.026900281319031286
2,2,covariance_learned,dynamic_random_16,balanced_accuracy,0.518956043956044,0.02504976329682388
2,2,covariance_learned,dynamic_random_16,log_loss,1.3780712216385604,0.042253102186859084
2,2,covariance_learned,random_static_6,balanced_accuracy,0.46181318681318684,0.038933524699026105
2,2,covariance_learned,random_static_6,log_loss,1.6015610786511771,0.1503018290877604
2,2,covariance_learned,dynamic_random_6,balanced_accuracy,0.473076923076923,0.014184978729039103
2,2,covariance_learned,dynamic_random_6,log_loss,1.5571703111948758,0.14909020704265336
2,2,tucker_frozen,full_22,balanced_accuracy,0.5453296703296703,0.0
2,2,tucker_frozen,full_22,log_loss,1.3583803348414358,0.0
2,2,tucker_frozen,random_static_16,balanced_accuracy,0.3208791208791209,0.041696744769020154
2,2,tucker_frozen,random_static_16,log_loss,2.531910704342637,0.24150426306373118
2,2,tucker_frozen,dynamic_random_16,balanced_accuracy,0.33983516483516485,0.033019646660311056
2,2,tucker_frozen,dynamic_random_16,log_loss,2.3616989755514046,0.06815351329572251
2,2,tucker_frozen,random_static_6,balanced_accuracy,0.2873626373626374,0.02876624200595259
2,2,tucker_frozen,random_static_6,log_loss,2.729644006174891,0.20340772402800356
2,2,tucker_frozen,dynamic_random_6,balanced_accuracy,0.2590659340659341,0.056319351376340955
2,2,tucker_frozen,dynamic_random_6,log_loss,2.7856742392917675,0.2867247087392202
2,2,tucker_learned,full_22,balanced_accuracy,0.5453296703296703,0.0
2,2,tucker_learned,full_22,log_loss,1.3583803348414358,0.0
2,2,tucker_learned,random_static_16,balanced_accuracy,0.3318681318681319,0.046032677157212064
2,2,tucker_learned,random_static_16,log_loss,2.5364259670263505,0.20505771498680414
2,2,tucker_learned,dynamic_random_16,balanced_accuracy,0.3395604395604396,0.04735645404679796
2,2,tucker_learned,dynamic_random_16,log_loss,2.4430689082889954,0.06784844941993753
2,2,tucker_learned,random_static_6,balanced_accuracy,0.30439560439560437,0.04080017190271862
2,2,tucker_learned,random_static_6,log_loss,2.7285541457564944,0.15570366295169433
2,2,tucker_learned,dynamic_random_6,balanced_accuracy,0.2615384615384616,0.04254784133275206
2,2,tucker_learned,dynamic_random_6,log_loss,2.7896065425892917,0.2578319340449194
3,0,zero,full_22,balanced_accuracy,0.7925824175824177,0.0
3,0,zero,full_22,log_loss,0.61740097024897,0.0
3,0,zero,random_static_16,balanced_accuracy,0.5387362637362637,0.04156803122183515
3,0,zero,random_static_16,log_loss,1.299974310505452,0.08240327109033681
3,0,zero,dynamic_random_16,balanced_accuracy,0.5541208791208792,0.04733413639797865
3,0,zero,dynamic_random_16,log_loss,1.3751195793012905,0.19802545824546622
3,0,zero,random_static_6,balanced_accuracy,0.3398351648351648,0.035242016946867204
3,0,zero,random_static_6,log_loss,2.5509024178943944,0.05996751617680849
3,0,zero,dynamic_random_6,balanced_accuracy,0.3038461538461538,0.050067880501291025
3,0,zero,dynamic_random_6,log_loss,2.3616476527104107,0.20163106022718744
3,0,covariance_frozen,full_22,balanced_accuracy,0.7925824175824177,0.0
3,0,covariance_frozen,full_22,log_loss,0.61740097024897,0.0
3,0,covariance_frozen,random_static_16,balanced_accuracy,0.7653846153846153,0.009210469568263852
3,0,covariance_frozen,random_static_16,log_loss,0.6285194298216841,0.034998249175346115
3,0,covariance_frozen,dynamic_random_16,balanced_accuracy,0.7425824175824176,0.015384615384615379
3,0,covariance_frozen,dynamic_random_16,log_loss,0.6646034638695241,0.012895951506554164
3,0,covariance_frozen,random_static_6,balanced_accuracy,0.5978021978021978,0.03575019327619232
3,0,covariance_frozen,random_static_6,log_loss,1.1342829752283077,0.09008468133781544
3,0,covariance_frozen,dynamic_random_6,balanced_accuracy,0.593131868131868,0.0250798748154444
3,0,covariance_frozen,dynamic_random_6,log_loss,1.1406207604150684,0.1028528411582065
3,0,covariance_learned,full_22,balanced_accuracy,0.7925824175824177,0.0
3,0,covariance_learned,full_22,log_loss,0.61740097024897,0.0
3,0,covariance_learned,random_static_16,balanced_accuracy,0.7538461538461538,0.017231210747875505
3,0,covariance_learned,random_static_16,log_loss,0.6349954631161212,0.04379405134785776
3,0,covariance_learned,dynamic_random_16,balanced_accuracy,0.7618131868131869,0.0223964293650426
3,0,covariance_learned,dynamic_random_16,log_loss,0.6624055465474229,0.0416477680129196
3,0,covariance_learned,random_static_6,balanced_accuracy,0.6901098901098901,0.014733063382188919
3,0,covariance_learned,random_static_6,log_loss,0.844843945478989,0.04323952927351388
3,0,covariance_learned,dynamic_random_6,balanced_accuracy,0.6983516483516483,0.033496210766777786
3,0,covariance_learned,dynamic_random_6,log_loss,0.8194443146211408,0.06703471526913718
3,0,tucker_frozen,full_22,balanced_accuracy,0.7925824175824177,0.0
3,0,tucker_frozen,full_22,log_loss,0.61740097024897,0.0
3,0,tucker_frozen,random_static_16,balanced_accuracy,0.5186813186813186,0.027726844850637658
3,0,tucker_frozen,random_static_16,log_loss,1.2825839250433695,0.0817857966022503
3,0,tucker_frozen,dynamic_random_16,balanced_accuracy,0.5868131868131868,0.06799325673178958
3,0,tucker_frozen,dynamic_random_16,log_loss,1.2423481115380137,0.20588691452917757
3,0,tucker_frozen,random_static_6,balanced_accuracy,0.3049450549450549,0.031670951180120005
3,0,tucker_frozen,random_static_6,log_loss,2.649573253835716,0.0687519511573047
3,0,tucker_frozen,dynamic_random_6,balanced_accuracy,0.2760989010989011,0.057199623114442336
3,0,tucker_frozen,dynamic_random_6,log_loss,2.483634231234959,0.22111327804749834
3,0,tucker_learned,full_22,balanced_accuracy,0.7925824175824177,0.0
3,0,tucker_learned,full_22,log_loss,0.61740097024897,0.0
3,0,tucker_learned,random_static_16,balanced_accuracy,0.6112637362637363,0.05447602003492498
3,0,tucker_learned,random_static_16,log_loss,1.0737758493730065,0.10315986352034162
3,0,tucker_learned,dynamic_random_16,balanced_accuracy,0.6164835164835165,0.03343757600291344
3,0,tucker_learned,dynamic_random_16,log_loss,1.074088969723546,0.14577769588656486
3,0,tucker_learned,random_static_6,balanced_accuracy,0.4593406593406593,0.04218263234652579
3,0,tucker_learned,random_static_6,log_loss,1.6662236921039209,0.17139234256722669
3,0,tucker_learned,dynamic_random_6,balanced_accuracy,0.5096153846153847,0.057809927198077524
3,0,tucker_learned,dynamic_random_6,log_loss,1.4166388214586192,0.21662159465816044
3,1,zero,full_22,balanced_accuracy,0.7733516483516483,0.0
3,1,zero,full_22,log_loss,0.6450807447573924,0.0
3,1,zero,random_static_16,balanced_accuracy,0.47719780219780217,0.04020386402181698
3,1,zero,random_static_16,log_loss,1.7126487853699608,0.17795567549599986
3,1,zero,dynamic_random_16,balanced_accuracy,0.5337912087912088,0.03145094492959048
3,1,zero,dynamic_random_16,log_loss,1.423869499205543,0.1215894526510223
3,1,zero,random_static_6,balanced_accuracy,0.3554945054945055,0.0501206128878295
3,1,zero,random_static_6,log_loss,2.3486896607090872,0.19088360576913688
3,1,zero,dynamic_random_6,balanced_accuracy,0.3681318681318681,0.05138904980912749
3,1,zero,dynamic_random_6,log_loss,2.2481225316982147,0.15665832548939682
3,1,covariance_frozen,full_22,balanced_accuracy,0.7733516483516483,0.0
3,1,covariance_frozen,full_22,log_loss,0.6450807447573924,0.0
3,1,covariance_frozen,random_static_16,balanced_accuracy,0.7164835164835164,0.029443065311140278
3,1,covariance_frozen,random_static_16,log_loss,0.6878782371515487,0.03390194644024722
3,1,covariance_frozen,dynamic_random_16,balanced_accuracy,0.75,0.014692024128704274
3,1,covariance_frozen,dynamic_random_16,log_loss,0.6555854519169493,0.016884874537249264
3,1,covariance_frozen,random_static_6,balanced_accuracy,0.5565934065934065,0.028713720066931677
3,1,covariance_frozen,random_static_6,log_loss,1.2933648030242708,0.12222106139179725
3,1,covariance_frozen,dynamic_random_6,balanced_accuracy,0.5793956043956043,0.013553732289608787
3,1,covariance_frozen,dynamic_random_6,log_loss,1.1595336822803124,0.09387609429858973
3,1,covariance_learned,full_22,balanced_accuracy,0.7733516483516483,0.0
3,1,covariance_learned,full_22,log_loss,0.6450807447573924,0.0
3,1,covariance_learned,random_static_16,balanced_accuracy,0.724175824175824,0.02282700887674836
3,1,covariance_learned,random_static_16,log_loss,0.6868297160061314,0.010882256679764458
3,1,covariance_learned,dynamic_random_16,balanced_accuracy,0.7615384615384615,0.009658459247937849
3,1,covariance_learned,dynamic_random_16,log_loss,0.6460168936623173,0.02478130050379381
3,1,covariance_learned,random_static_6,balanced_accuracy,0.6414835164835164,0.05464202149649147
3,1,covariance_learned,random_static_6,log_loss,0.955408600942447,0.09428075800527187
3,1,covariance_learned,dynamic_random_6,balanced_accuracy,0.673901098901099,0.02136154634757556
3,1,covariance_learned,dynamic_random_6,log_loss,0.7964459719612891,0.029910390567676186
3,1,tucker_frozen,full_22,balanced_accuracy,0.7733516483516483,0.0
3,1,tucker_frozen,full_22,log_loss,0.6450807447573924,0.0
3,1,tucker_frozen,random_static_16,balanced_accuracy,0.5271978021978022,0.05103091305934644
3,1,tucker_frozen,random_static_16,log_loss,1.5594174182966276,0.2170415402770488
3,1,tucker_frozen,dynamic_random_16,balanced_accuracy,0.5725274725274725,0.03196036293500634
3,1,tucker_frozen,dynamic_random_16,log_loss,1.1913520073375088,0.11916622326465082
3,1,tucker_frozen,random_static_6,balanced_accuracy,0.32445054945054946,0.05502329594130486
3,1,tucker_frozen,random_static_6,log_loss,2.4813853359917624,0.22361138684614265
3,1,tucker_frozen,dynamic_random_6,balanced_accuracy,0.3291208791208792,0.026258908011754994
3,1,tucker_frozen,dynamic_random_6,log_loss,2.3305088827869525,0.08917012616908006
3,1,tucker_learned,full_22,balanced_accuracy,0.7733516483516483,0.0
3,1,tucker_learned,full_22,log_loss,0.6450807447573924,0.0
3,1,tucker_learned,random_static_16,balanced_accuracy,0.5354395604395604,0.052280154816241625
3,1,tucker_learned,random_static_16,log_loss,1.3730516236656372,0.155414688756441
3,1,tucker_learned,dynamic_random_16,balanced_accuracy,0.6247252747252748,0.03785231791131834
3,1,tucker_learned,dynamic_random_16,log_loss,1.0978713424067057,0.10927736386895559
3,1,tucker_learned,random_static_6,balanced_accuracy,0.4258241758241758,0.03697071429841211
3,1,tucker_learned,random_static_6,log_loss,1.7550093334095318,0.08557265715589052
3,1,tucker_learned,dynamic_random_6,balanced_accuracy,0.47005494505494505,0.03270731025235745
3,1,tucker_learned,dynamic_random_6,log_loss,1.5694854772305147,0.1835767962917142
3,2,zero,full_22,balanced_accuracy,0.831043956043956,0.0
3,2,zero,full_22,log_loss,0.562017647552879,0.0
3,2,zero,random_static_16,balanced_accuracy,0.4958791208791208,0.052722922502257796
3,2,zero,random_static_16,log_loss,1.6066621470497888,0.037329516494499206
3,2,zero,dynamic_random_16,balanced_accuracy,0.5021978021978022,0.013531439951675519
3,2,zero,dynamic_random_16,log_loss,1.548902020772304,0.13689069509003005
3,2,zero,random_static_6,balanced_accuracy,0.38324175824175827,0.04797084057744914
3,2,zero,random_static_6,log_loss,2.108280705220425,0.19226566616296895
3,2,zero,dynamic_random_6,balanced_accuracy,0.40494505494505495,0.06533265088072367
3,2,zero,dynamic_random_6,log_loss,1.9272916918625236,0.16214214465049645
3,2,covariance_frozen,full_22,balanced_accuracy,0.831043956043956,0.0
3,2,covariance_frozen,full_22,log_loss,0.562017647552879,0.0
3,2,covariance_frozen,random_static_16,balanced_accuracy,0.7807692307692307,0.025969895160651624
3,2,covariance_frozen,random_static_16,log_loss,0.5594824520740097,0.04363735476433193
3,2,covariance_frozen,dynamic_random_16,balanced_accuracy,0.7771978021978022,0.030769230769230792
3,2,covariance_frozen,dynamic_random_16,log_loss,0.5717583068708679,0.01601247044695046
3,2,covariance_frozen,random_static_6,balanced_accuracy,0.5478021978021979,0.02875312051550759
3,2,covariance_frozen,random_static_6,log_loss,1.3827879106262944,0.15094177443575055
3,2,covariance_frozen,dynamic_random_6,balanced_accuracy,0.5876373626373625,0.027981548080244494
3,2,covariance_frozen,dynamic_random_6,log_loss,1.2305219209872307,0.06568837142882505
3,2,covariance_learned,full_22,balanced_accuracy,0.831043956043956,0.0
3,2,covariance_learned,full_22,log_loss,0.562017647552879,0.0
3,2,covariance_learned,random_static_16,balanced_accuracy,0.7631868131868131,0.019359849370821833
3,2,covariance_learned,random_static_16,log_loss,0.6050446177282233,0.047735053209100396
3,2,covariance_learned,dynamic_random_16,balanced_accuracy,0.7519230769230769,0.018906209378115636
3,2,covariance_learned,dynamic_random_16,log_loss,0.6048809094121801,0.020826363919995754
3,2,covariance_learned,random_static_6,balanced_accuracy,0.6703296703296704,0.025742212692576868
3,2,covariance_learned,random_static_6,log_loss,0.8922752563077605,0.13274719904456492
3,2,covariance_learned,dynamic_random_6,balanced_accuracy,0.6824175824175823,0.021967717364509712
3,2,covariance_learned,dynamic_random_6,log_loss,0.8916767316700259,0.11672004275892124
3,2,tucker_frozen,full_22,balanced_accuracy,0.831043956043956,0.0
3,2,tucker_frozen,full_22,log_loss,0.562017647552879,0.0
3,2,tucker_frozen,random_static_16,balanced_accuracy,0.5376373626373626,0.029133834978227333
3,2,tucker_frozen,random_static_16,log_loss,1.4511788822291884,0.05856747654903395
3,2,tucker_frozen,dynamic_random_16,balanced_accuracy,0.554945054945055,0.04973969191761173
3,2,tucker_frozen,dynamic_random_16,log_loss,1.2853940956515517,0.11932787345718247
3,2,tucker_frozen,random_static_6,balanced_accuracy,0.389010989010989,0.040220756008099344
3,2,tucker_frozen,random_static_6,log_loss,2.28566903830085,0.15789674252198554
3,2,tucker_frozen,dynamic_random_6,balanced_accuracy,0.3980769230769231,0.04821722072404135
3,2,tucker_frozen,dynamic_random_6,log_loss,1.9805440264726226,0.10960561636561317
3,2,tucker_learned,full_22,balanced_accuracy,0.831043956043956,0.0
3,2,tucker_learned,full_22,log_loss,0.562017647552879,0.0
3,2,tucker_learned,random_static_16,balanced_accuracy,0.5576923076923077,0.02120907589628436
3,2,tucker_learned,random_static_16,log_loss,1.339513106168274,0.07823792539568065
3,2,tucker_learned,dynamic_random_16,balanced_accuracy,0.5706043956043956,0.04581079995574664
3,2,tucker_learned,dynamic_random_16,log_loss,1.2894199765358596,0.11303594306420678
3,2,tucker_learned,random_static_6,balanced_accuracy,0.46291208791208793,0.055089096906696625
3,2,tucker_learned,random_static_6,log_loss,1.730939765580949,0.15321423435749648
3,2,tucker_learned,dynamic_random_6,balanced_accuracy,0.5255494505494506,0.03862406789735513
3,2,tucker_learned,dynamic_random_6,log_loss,1.5389007511362094,0.08213535958956353
4,0,zero,full_22,balanced_accuracy,0.39743589743589747,0.0
4,0,zero,full_22,log_loss,1.6598983378712349,0.0
4,0,zero,random_static_16,balanced_accuracy,0.30352564102564095,0.04269683120718421
4,0,zero,random_static_16,log_loss,1.9662591657601134,0.1226050596390803
4,0,zero,dynamic_random_16,balanced_accuracy,0.2775641025641026,0.028332318116166107
4,0,zero,dynamic_random_16,log_loss,1.9588724251130762,0.2081890620410514
4,0,zero,random_static_6,balanced_accuracy,0.2532051282051282,0.04756133795269113
4,0,zero,random_static_6,log_loss,2.2180499210822417,0.08828219525925858
4,0,zero,dynamic_random_6,balanced_accuracy,0.2743589743589744,0.04948161586899957
4,0,zero,dynamic_random_6,log_loss,2.178057178636586,0.1360635453250223
4,0,covariance_frozen,full_22,balanced_accuracy,0.39743589743589747,0.0
4,0,covariance_frozen,full_22,log_loss,1.6598983378712349,0.0
4,0,covariance_frozen,random_static_16,balanced_accuracy,0.319551282051282,0.03256952811656471
4,0,covariance_frozen,random_static_16,log_loss,1.7139173685274636,0.026421923384258323
4,0,covariance_frozen,dynamic_random_16,balanced_accuracy,0.30801282051282053,0.0645290301065786
4,0,covariance_frozen,dynamic_random_16,log_loss,1.7263591652027253,0.03231265194185041
4,0,covariance_frozen,random_static_6,balanced_accuracy,0.2637820512820513,0.030785919619386183
4,0,covariance_frozen,random_static_6,log_loss,1.9692978486394863,0.05179396610221758
4,0,covariance_frozen,dynamic_random_6,balanced_accuracy,0.24294871794871792,0.02983697210958213
4,0,covariance_frozen,dynamic_random_6,log_loss,2.013581747612111,0.09897279110588747
4,0,covariance_learned,full_22,balanced_accuracy,0.39743589743589747,0.0
4,0,covariance_learned,full_22,log_loss,1.6598983378712349,0.0
4,0,covariance_learned,random_static_16,balanced_accuracy,0.3509615384615385,0.0193107311940924
4,0,covariance_learned,random_static_16,log_loss,1.7136440748989483,0.050387962579084455
4,0,covariance_learned,dynamic_random_16,balanced_accuracy,0.3272435897435898,0.05106524683757549
4,0,covariance_learned,dynamic_random_16,log_loss,1.7226880515956826,0.06303395484484722
4,0,covariance_learned,random_static_6,balanced_accuracy,0.33461538461538465,0.03443686158605972
4,0,covariance_learned,random_static_6,log_loss,1.7787711782567364,0.08851356106652226
4,0,covariance_learned,dynamic_random_6,balanced_accuracy,0.2862179487179487,0.026654644726015104
4,0,covariance_learned,dynamic_random_6,log_loss,1.7967282880956734,0.05281284903667904
4,0,tucker_frozen,full_22,balanced_accuracy,0.39743589743589747,0.0
4,0,tucker_frozen,full_22,log_loss,1.6598983378712349,0.0
4,0,tucker_frozen,random_static_16,balanced_accuracy,0.34134615384615385,0.044342111809028875
4,0,tucker_frozen,random_static_16,log_loss,1.8763250634615798,0.05670782752115545
4,0,tucker_frozen,dynamic_random_16,balanced_accuracy,0.2977564102564103,0.04470435793825843
4,0,tucker_frozen,dynamic_random_16,log_loss,1.933171439633923,0.16134409209066536
4,0,tucker_frozen,random_static_6,balanced_accuracy,0.26282051282051283,0.041506100879947876
4,0,tucker_frozen,random_static_6,log_loss,2.3375495957717143,0.06666447333705562
4,0,tucker_frozen,dynamic_random_6,balanced_accuracy,0.25576923076923075,0.032316212755173
4,0,tucker_frozen,dynamic_random_6,log_loss,2.345584097715295,0.10540681572093383
4,0,tucker_learned,full_22,balanced_accuracy,0.39743589743589747,0.0
4,0,tucker_learned,full_22,log_loss,1.6598983378712349,0.0
4,0,tucker_learned,random_static_16,balanced_accuracy,0.3567307692307692,0.03374681907234583
4,0,tucker_learned,random_static_16,log_loss,1.8617587710353747,0.06280090082300992
4,0,tucker_learned,dynamic_random_16,balanced_accuracy,0.3125,0.059618830890186776
4,0,tucker_learned,dynamic_random_16,log_loss,1.8614954197368643,0.1530699233207471
4,0,tucker_learned,random_static_6,balanced_accuracy,0.33429487179487183,0.03775526749391599
4,0,tucker_learned,random_static_6,log_loss,1.8485830320618004,0.08389055363600084
4,0,tucker_learned,dynamic_random_6,balanced_accuracy,0.3217948717948718,0.03170323850994421
4,0,tucker_learned,dynamic_random_6,log_loss,1.8039148785312313,0.12647785183629687
4,1,zero,full_22,balanced_accuracy,0.4326923076923077,0.0
4,1,zero,full_22,log_loss,1.3073822415367566,0.0
4,1,zero,random_static_16,balanced_accuracy,0.325,0.02969547390230888
4,1,zero,random_static_16,log_loss,1.3785043587077719,0.06487696029367133
4,1,zero,dynamic_random_16,balanced_accuracy,0.33782051282051284,0.06354242449510905
4,1,zero,dynamic_random_16,log_loss,1.3776259769728347,0.037728208572725956
4,1,zero,random_static_6,balanced_accuracy,0.2798076923076923,0.04665195950272385
4,1,zero,random_static_6,log_loss,1.6371552628304418,0.0482794826752906
4,1,zero,dynamic_random_6,balanced_accuracy,0.24134615384615382,0.03497263417808804
4,1,zero,dynamic_random_6,log_loss,1.6776342167024751,0.02646216375402321
4,1,covariance_frozen,full_22,balanced_accuracy,0.4326923076923077,0.0
4,1,covariance_frozen,full_22,log_loss,1.3073822415367566,0.0
4,1,covariance_frozen,random_static_16,balanced_accuracy,0.3717948717948718,0.03465394338660385
4,1,covariance_frozen,random_static_16,log_loss,1.3146813402695494,0.017961197575799077
4,1,covariance_frozen,dynamic_random_16,balanced_accuracy,0.3051282051282051,0.042912824649458045
4,1,covariance_frozen,dynamic_random_16,log_loss,1.3382050100579481,0.03380072257755218
4,1,covariance_frozen,random_static_6,balanced_accuracy,0.3096153846153846,0.0717719743706585
4,1,covariance_frozen,random_static_6,log_loss,1.4045767902954218,0.03398202709303573
4,1,covariance_frozen,dynamic_random_6,balanced_accuracy,0.3310897435897436,0.02961233195500281
4,1,covariance_frozen,dynamic_random_6,log_loss,1.4244580517164755,0.02448639780961078
4,1,covariance_learned,full_22,balanced_accuracy,0.4326923076923077,0.0
4,1,covariance_learned,full_22,log_loss,1.3073822415367566,0.0
4,1,covariance_learned,random_static_16,balanced_accuracy,0.3717948717948718,0.03465394338660385
4,1,covariance_learned,random_static_16,log_loss,1.3132752658608804,0.018026704481327132
4,1,covariance_learned,dynamic_random_16,balanced_accuracy,0.3128205128205128,0.0347190991363388
4,1,covariance_learned,dynamic_random_16,log_loss,1.3370743081677103,0.03400170834017689
4,1,covariance_learned,random_static_6,balanced_accuracy,0.3054487179487179,0.07631705725550077
4,1,covariance_learned,random_static_6,log_loss,1.4012201280729673,0.033365730515706286
4,1,covariance_learned,dynamic_random_6,balanced_accuracy,0.33461538461538465,0.019585405278784856
4,1,covariance_learned,dynamic_random_6,log_loss,1.4184012264136014,0.025982028090111728
4,1,tucker_frozen,full_22,balanced_accuracy,0.4326923076923077,0.0
4,1,tucker_frozen,full_22,log_loss,1.3073822415367566,0.0
4,1,tucker_frozen,random_static_16,balanced_accuracy,0.3375,0.03787751028865707
4,1,tucker_frozen,random_static_16,log_loss,1.3837798396095984,0.06101342820199166
4,1,tucker_frozen,dynamic_random_16,balanced_accuracy,0.3262820512820513,0.08022814280595905
4,1,tucker_frozen,dynamic_random_16,log_loss,1.388058924207082,0.03951164033746231
4,1,tucker_frozen,random_static_6,balanced_accuracy,0.2759615384615385,0.05147599543970835
4,1,tucker_frozen,random_static_6,log_loss,1.6613666666407556,0.04509684006809659
4,1,tucker_frozen,dynamic_random_6,balanced_accuracy,0.23782051282051278,0.02739587903379244
4,1,tucker_frozen,dynamic_random_6,log_loss,1.698352581555183,0.024822113025374605
4,1,tucker_learned,full_22,balanced_accuracy,0.4326923076923077,0.0
4,1,tucker_learned,full_22,log_loss,1.3073822415367566,0.0
4,1,tucker_learned,random_static_16,balanced_accuracy,0.3435897435897436,0.04609816798298222
4,1,tucker_learned,random_static_16,log_loss,1.3524705848770109,0.06282093934858325
4,1,tucker_learned,dynamic_random_16,balanced_accuracy,0.325,0.052640266896001896
4,1,tucker_learned,dynamic_random_16,log_loss,1.3524988772572626,0.03168525692199724
4,1,tucker_learned,random_static_6,balanced_accuracy,0.2865384615384615,0.07345549713378569
4,1,tucker_learned,random_static_6,log_loss,1.5145056354438773,0.06652233962872058
4,1,tucker_learned,dynamic_random_6,balanced_accuracy,0.27179487179487183,0.036085815243686065
4,1,tucker_learned,dynamic_random_6,log_loss,1.5165632596326106,0.028252749506132012
4,2,zero,full_22,balanced_accuracy,0.3942307692307693,0.0
4,2,zero,full_22,log_loss,1.3031431361006176,0.0
4,2,zero,random_static_16,balanced_accuracy,0.29391025641025637,0.05439849494669392
4,2,zero,random_static_16,log_loss,1.60356841161876,0.14389285798451554
4,2,zero,dynamic_random_16,balanced_accuracy,0.3112179487179487,0.07618772448538982
4,2,zero,dynamic_random_16,log_loss,1.4938329895133506,0.16764811325735252
4,2,zero,random_static_6,balanced_accuracy,0.24807692307692308,0.047055386532355685
4,2,zero,random_static_6,log_loss,1.907922954881009,0.128037581101096
4,2,zero,dynamic_random_6,balanced_accuracy,0.24134615384615382,0.04763256183269551
4,2,zero,dynamic_random_6,log_loss,1.8376915075233948,0.053538391701643144
4,2,covariance_frozen,full_22,balanced_accuracy,0.3942307692307693,0.0
4,2,covariance_frozen,full_22,log_loss,1.3031431361006176,0.0
4,2,covariance_frozen,random_static_16,balanced_accuracy,0.31025641025641026,0.026750822583160687
4,2,covariance_frozen,random_static_16,log_loss,1.3448021307247309,0.03037645405273818
4,2,covariance_frozen,dynamic_random_16,balanced_accuracy,0.3516025641025641,0.04911904724344599
4,2,covariance_frozen,dynamic_random_16,log_loss,1.3261952043487681,0.03185155933792227
4,2,covariance_frozen,random_static_6,balanced_accuracy,0.32147435897435905,0.01721843079302985
4,2,covariance_frozen,random_static_6,log_loss,1.5278420496399443,0.022370764318536688
4,2,covariance_frozen,dynamic_random_6,balanced_accuracy,0.3217948717948718,0.02610556755679133
4,2,covariance_frozen,dynamic_random_6,log_loss,1.5081208251177625,0.024962411614958775
4,2,covariance_learned,full_22,balanced_accuracy,0.3942307692307693,0.0
4,2,covariance_learned,full_22,log_loss,1.3031431361006176,0.0
4,2,covariance_learned,random_static_16,balanced_accuracy,0.31025641025641026,0.026750822583160687
4,2,covariance_learned,random_static_16,log_loss,1.3448021307247309,0.03037645405273818
4,2,covariance_learned,dynamic_random_16,balanced_accuracy,0.3516025641025641,0.04911904724344599
4,2,covariance_learned,dynamic_random_16,log_loss,1.3261952043487681,0.03185155933792227
4,2,covariance_learned,random_static_6,balanced_accuracy,0.32147435897435905,0.01721843079302985
4,2,covariance_learned,random_static_6,log_loss,1.5278420496399443,0.022370764318536688
4,2,covariance_learned,dynamic_random_6,balanced_accuracy,0.3217948717948718,0.02610556755679133
4,2,covariance_learned,dynamic_random_6,log_loss,1.5081208251177625,0.024962411614958775
4,2,tucker_frozen,full_22,balanced_accuracy,0.3942307692307693,0.0
4,2,tucker_frozen,full_22,log_loss,1.3031431361006176,0.0
4,2,tucker_frozen,random_static_16,balanced_accuracy,0.27884615384615385,0.03804529032236904
4,2,tucker_frozen,random_static_16,log_loss,1.6000970272466073,0.13159925617437673
4,2,tucker_frozen,dynamic_random_16,balanced_accuracy,0.2884615384615385,0.06003950321320206
4,2,tucker_frozen,dynamic_random_16,log_loss,1.503145694094759,0.15688907505481592
4,2,tucker_frozen,random_static_6,balanced_accuracy,0.21730769230769229,0.05337861736298986
4,2,tucker_frozen,random_static_6,log_loss,1.9392073696958014,0.10698392968361478
4,2,tucker_frozen,dynamic_random_6,balanced_accuracy,0.253525641025641,0.031897064883653146
4,2,tucker_frozen,dynamic_random_6,log_loss,1.8871350423696636,0.04886514241249955
4,2,tucker_learned,full_22,balanced_accuracy,0.3942307692307693,0.0
4,2,tucker_learned,full_22,log_loss,1.3031431361006176,0.0
4,2,tucker_learned,random_static_16,balanced_accuracy,0.2621794871794872,0.04211543339965173
4,2,tucker_learned,random_static_16,log_loss,1.6142407564945327,0.1253528062554978
4,2,tucker_learned,dynamic_random_16,balanced_accuracy,0.29967948717948717,0.07554181890636329
4,2,tucker_learned,dynamic_random_16,log_loss,1.546398540802151,0.1514263061944145
4,2,tucker_learned,random_static_6,balanced_accuracy,0.24294871794871797,0.049431764509653135
4,2,tucker_learned,random_static_6,log_loss,1.9451926940144102,0.1034877161022584
4,2,tucker_learned,dynamic_random_6,balanced_accuracy,0.25993589743589746,0.040761872420940294
4,2,tucker_learned,dynamic_random_6,log_loss,1.8649587338942921,0.0467464172693965
5,0,zero,full_22,balanced_accuracy,0.5,0.0
5,0,zero,full_22,log_loss,1.4597559173718233,0.0
5,0,zero,random_static_16,balanced_accuracy,0.3538461538461538,0.06504436355879911
5,0,zero,random_static_16,log_loss,1.9561791896954315,0.17424438128934538
5,0,zero,dynamic_random_16,balanced_accuracy,0.32307692307692304,0.053570724143015815
5,0,zero,dynamic_random_16,log_loss,2.0112850412039345,0.28289357286801925
5,0,zero,random_static_6,balanced_accuracy,0.2884615384615385,0.05704768066996665
5,0,zero,random_static_6,log_loss,2.1259429926627766,0.15494255133291182
5,0,zero,dynamic_random_6,balanced_accuracy,0.28076923076923077,0.0755649334784173
5,0,zero,dynamic_random_6,log_loss,2.2016644152953084,0.16625496206842816
5,0,covariance_frozen,full_22,balanced_accuracy,0.5,0.0
5,0,covariance_frozen,full_22,log_loss,1.4597559173718233,0.0
5,0,covariance_frozen,random_static_16,balanced_accuracy,0.46923076923076923,0.019611613513818398
5,0,covariance_frozen,random_static_16,log_loss,1.478567897590818,0.01926628821988283
5,0,covariance_frozen,dynamic_random_16,balanced_accuracy,0.4461538461538462,0.014390989949130576
5,0,covariance_frozen,dynamic_random_16,log_loss,1.5012634771165696,0.045875681484690824
5,0,covariance_frozen,random_static_6,balanced_accuracy,0.36923076923076925,0.03728984505704868
5,0,covariance_frozen,random_static_6,log_loss,1.6824126042942809,0.05842434125210481
5,0,covariance_frozen,dynamic_random_6,balanced_accuracy,0.3923076923076923,0.028781979898261107
5,0,covariance_frozen,dynamic_random_6,log_loss,1.6763153758935456,0.04334033357444772
5,0,covariance_learned,full_22,balanced_accuracy,0.5,0.0
5,0,covariance_learned,full_22,log_loss,1.4597559173718233,0.0
5,0,covariance_learned,random_static_16,balanced_accuracy,0.4692307692307692,0.03124630155629216
5,0,covariance_learned,random_static_16,log_loss,1.4248474234790975,0.03798412290719944
5,0,covariance_learned,dynamic_random_16,balanced_accuracy,0.4615384615384615,0.02719641466102105
5,0,covariance_learned,dynamic_random_16,log_loss,1.4420966764214664,0.04882992278066303
5,0,covariance_learned,random_static_6,balanced_accuracy,0.4576923076923077,0.04772951402304174
5,0,covariance_learned,random_static_6,log_loss,1.511572941713152,0.05703530475486981
5,0,covariance_learned,dynamic_random_6,balanced_accuracy,0.4461538461538462,0.030769230769230767
5,0,covariance_learned,dynamic_random_6,log_loss,1.4825819014173214,0.08586829682679119
5,0,tucker_frozen,full_22,balanced_accuracy,0.5,0.0
5,0,tucker_frozen,full_22,log_loss,1.4597559173718233,0.0
5,0,tucker_frozen,random_static_16,balanced_accuracy,0.4115384615384615,0.039598577465334614
5,0,tucker_frozen,random_static_16,log_loss,1.7420028965315197,0.10928354882579423
5,0,tucker_frozen,dynamic_random_16,balanced_accuracy,0.3769230769230769,0.037684457581279654
5,0,tucker_frozen,dynamic_random_16,log_loss,1.75749011959354,0.22726736353511465
5,0,tucker_frozen,random_static_6,balanced_accuracy,0.3153846153846154,0.055202692670797394
5,0,tucker_frozen,random_static_6,log_loss,1.9778865525789981,0.1385860765469578
5,0,tucker_frozen,dynamic_random_6,balanced_accuracy,0.31538461538461543,0.05652668637191949
5,0,tucker_frozen,dynamic_random_6,log_loss,2.0520806970356142,0.08127939860565263
5,0,tucker_learned,full_22,balanced_accuracy,0.5,0.0
5,0,tucker_learned,full_22,log_loss,1.4597559173718233,0.0
5,0,tucker_learned,random_static_16,balanced_accuracy,0.4115384615384615,0.05782037068604965
5,0,tucker_learned,random_static_16,log_loss,1.7529700346071047,0.11024296454351132
5,0,tucker_learned,dynamic_random_16,balanced_accuracy,0.4153846153846154,0.04317296984739164
5,0,tucker_learned,dynamic_random_16,log_loss,1.7027584883617428,0.19061915506569235
5,0,tucker_learned,random_static_6,balanced_accuracy,0.31923076923076926,0.07556493347841729
5,0,tucker_learned,random_static_6,log_loss,1.9958494282144592,0.16993926278765129
5,0,tucker_learned,dynamic_random_6,balanced_accuracy,0.31538461538461543,0.06032456592830045
5,0,tucker_learned,dynamic_random_6,log_loss,2.0201211567737998,0.09831588035817033
5,1,zero,full_22,balanced_accuracy,0.5,0.0
5,1,zero,full_22,log_loss,1.309732468944443,0.0
5,1,zero,random_static_16,balanced_accuracy,0.3346153846153846,0.041424344670265414
5,1,zero,random_static_16,log_loss,1.8673917247868352,0.14765074331085895
5,1,zero,dynamic_random_16,balanced_accuracy,0.3230769230769231,0.025512498387349234
5,1,zero,dynamic_random_16,log_loss,2.0030253343832523,0.14348404832724257
5,1,zero,random_static_6,balanced_accuracy,0.28076923076923077,0.04142434467026541
5,1,zero,random_static_6,log_loss,2.1086299870562675,0.1589292784877436
5,1,zero,dynamic_random_6,balanced_accuracy,0.26538461538461544,0.014390989949130555
5,1,zero,dynamic_random_6,log_loss,2.044343814266373,0.08094944089463905
5,1,covariance_frozen,full_22,balanced_accuracy,0.5,0.0
5,1,covariance_frozen,full_22,log_loss,1.309732468944443,0.0
5,1,covariance_frozen,random_static_16,balanced_accuracy,0.47307692307692306,0.026085884550481764
5,1,covariance_frozen,random_static_16,log_loss,1.3492336966047813,0.016292293771028872
5,1,covariance_frozen,dynamic_random_16,balanced_accuracy,0.4576923076923077,0.022426738057097304
5,1,covariance_frozen,dynamic_random_16,log_loss,1.3475942490440356,0.030909492832653845
5,1,covariance_frozen,random_static_6,balanced_accuracy,0.36538461538461536,0.036487819155789004
5,1,covariance_frozen,random_static_6,log_loss,1.4808024670114708,0.03697047122511105
5,1,covariance_frozen,dynamic_random_6,balanced_accuracy,0.35,0.058834840541455206
5,1,covariance_frozen,dynamic_random_6,log_loss,1.514684318572037,0.09261483879275464
5,1,covariance_learned,full_22,balanced_accuracy,0.5,0.0
5,1,covariance_learned,full_22,log_loss,1.309732468944443,0.0
5,1,covariance_learned,random_static_16,balanced_accuracy,0.46923076923076923,0.019611613513818394
5,1,covariance_learned,random_static_16,log_loss,1.3423646132333995,0.016204555089865416
5,1,covariance_learned,dynamic_random_16,balanced_accuracy,0.4807692307692307,0.03648781915578899
5,1,covariance_learned,dynamic_random_16,log_loss,1.3554444295674402,0.044965599394527635
5,1,covariance_learned,random_static_6,balanced_accuracy,0.4769230769230769,0.053570724143015835
5,1,covariance_learned,random_static_6,log_loss,1.3529746325635128,0.04468271480557582
5,1,covariance_learned,dynamic_random_6,balanced_accuracy,0.4576923076923077,0.04282895663715401
5,1,covariance_learned,dynamic_random_6,log_loss,1.3868275596247936,0.09516777471262144
5,1,tucker_frozen,full_22,balanced_accuracy,0.5,0.0
5,1,tucker_frozen,full_22,log_loss,1.309732468944443,0.0
5,1,tucker_frozen,random_static_16,balanced_accuracy,0.3615384615384616,0.033085866411702435
5,1,tucker_frozen,random_static_16,log_loss,1.8180553752549244,0.13592571675809328
5,1,tucker_frozen,dynamic_random_16,balanced_accuracy,0.3230769230769231,0.022426738057097294
5,1,tucker_frozen,dynamic_random_16,log_loss,1.9460996859846975,0.1280032739471576
5,1,tucker_frozen,random_static_6,balanced_accuracy,0.26538461538461544,0.025512498387349234
5,1,tucker_frozen,random_static_6,log_loss,2.1362257279044097,0.17200570283221925
5,1,tucker_frozen,dynamic_random_6,balanced_accuracy,0.2384615384615385,0.023076923076923075
5,1,tucker_frozen,dynamic_random_6,log_loss,2.1554346890450717,0.05280613227540207
5,1,tucker_learned,full_22,balanced_accuracy,0.5,0.0
5,1,tucker_learned,full_22,log_loss,1.309732468944443,0.0
5,1,tucker_learned,random_static_16,balanced_accuracy,0.3692307692307692,0.04452244962611626
5,1,tucker_learned,random_static_16,log_loss,1.7981639171492436,0.1465931532537979
5,1,tucker_learned,dynamic_random_16,balanced_accuracy,0.33461538461538465,0.019611613513818408
5,1,tucker_learned,dynamic_random_16,log_loss,1.9196003886801232,0.12420537906077053
5,1,tucker_learned,random_static_6,balanced_accuracy,0.26538461538461544,0.03308586641170241
5,1,tucker_learned,random_static_6,log_loss,2.118094106145937,0.17395903054766143
5,1,tucker_learned,dynamic_random_6,balanced_accuracy,0.2384615384615385,0.026085884550481803
5,1,tucker_learned,dynamic_random_6,log_loss,2.116729772493515,0.0605300405312343
5,2,zero,full_22,balanced_accuracy,0.5384615384615384,0.0
5,2,zero,full_22,log_loss,1.2615903874234498,0.0
5,2,zero,random_static_16,balanced_accuracy,0.3076923076923077,0.05160156871153361
5,2,zero,random_static_16,log_loss,2.0208956787479293,0.24687498940394598
5,2,zero,dynamic_random_16,balanced_accuracy,0.326923076923077,0.053015572123423935
5,2,zero,dynamic_random_16,log_loss,2.0261205087973457,0.1656349790181742
5,2,zero,random_static_6,balanced_accuracy,0.29615384615384616,0.09545902804608351
5,2,zero,random_static_6,log_loss,2.1820364078108825,0.3985415096664844
5,2,zero,dynamic_random_6,balanced_accuracy,0.2846153846153846,0.01439098994913053
5,2,zero,dynamic_random_6,log_loss,2.1534241988512735,0.22159870095333936
5,2,covariance_frozen,full_22,balanced_accuracy,0.5384615384615384,0.0
5,2,covariance_frozen,full_22,log_loss,1.2615903874234498,0.0
5,2,covariance_frozen,random_static_16,balanced_accuracy,0.47307692307692306,0.03959857746533457
5,2,covariance_frozen,random_static_16,log_loss,1.2971730452516776,0.011901390593726892
5,2,covariance_frozen,dynamic_random_16,balanced_accuracy,0.5115384615384615,0.023076923076923047
5,2,covariance_frozen,dynamic_random_16,log_loss,1.2957117611234763,0.04420196625454438
5,2,covariance_frozen,random_static_6,balanced_accuracy,0.4115384615384616,0.01961161351381839
5,2,covariance_frozen,random_static_6,log_loss,1.4319925184349063,0.029295663196243688
5,2,covariance_frozen,dynamic_random_6,balanced_accuracy,0.4115384615384615,0.04317296984739164
5,2,covariance_frozen,dynamic_random_6,log_loss,1.4957942361192245,0.050689984735709834
5,2,covariance_learned,full_22,balanced_accuracy,0.5384615384615384,0.0
5,2,covariance_learned,full_22,log_loss,1.2615903874234498,0.0
5,2,covariance_learned,random_static_16,balanced_accuracy,0.4653846153846154,0.03728984505704867
5,2,covariance_learned,random_static_16,log_loss,1.2943366374557663,0.017296631907162362
5,2,covariance_learned,dynamic_random_16,balanced_accuracy,0.5076923076923077,0.026085884550481782
5,2,covariance_learned,dynamic_random_16,log_loss,1.2891167080644244,0.047098036534799145
5,2,covariance_learned,random_static_6,balanced_accuracy,0.45384615384615384,0.02878197989826109
5,2,covariance_learned,random_static_6,log_loss,1.3922671906304018,0.019721471897503017
5,2,covariance_learned,dynamic_random_6,balanced_accuracy,0.44230769230769235,0.0321792317897721
5,2,covariance_learned,dynamic_random_6,log_loss,1.4350540218806256,0.060098726043782816
5,2,tucker_frozen,full_22,balanced_accuracy,0.5384615384615384,0.0
5,2,tucker_frozen,full_22,log_loss,1.2615903874234498,0.0
5,2,tucker_frozen,random_static_16,balanced_accuracy,0.3384615384615384,0.05520269267079741
5,2,tucker_frozen,random_static_16,log_loss,1.9708562040146913,0.2255751776707344
5,2,tucker_frozen,dynamic_random_16,balanced_accuracy,0.36923076923076925,0.03728984505704869
5,2,tucker_frozen,dynamic_random_16,log_loss,1.8831863498895287,0.21005362587671594
5,2,tucker_frozen,random_static_6,balanced_accuracy,0.35,0.030769230769230767
5,2,tucker_frozen,random_static_6,log_loss,2.1625358906913013,0.30070318354283093
5,2,tucker_frozen,dynamic_random_6,balanced_accuracy,0.31153846153846154,0.05626438014741459
5,2,tucker_frozen,dynamic_random_6,log_loss,2.2782026641612965,0.1953542977076176
5,2,tucker_learned,full_22,balanced_accuracy,0.5384615384615384,0.0
5,2,tucker_learned,full_22,log_loss,1.2615903874234498,0.0
5,2,tucker_learned,random_static_16,balanced_accuracy,0.3730769230769231,0.04647325374459453
5,2,tucker_learned,random_static_16,log_loss,1.9251920850353184,0.22935185824959953
5,2,tucker_learned,dynamic_random_16,balanced_accuracy,0.3846153846153846,0.03648781915578899
5,2,tucker_learned,dynamic_random_16,log_loss,1.8398328512298583,0.18893045385068952
5,2,tucker_learned,random_static_6,balanced_accuracy,0.3538461538461538,0.05782037068604963
5,2,tucker_learned,random_static_6,log_loss,2.0839468871965745,0.3385567545860954
5,2,tucker_learned,dynamic_random_6,balanced_accuracy,0.30769230769230765,0.06081303192631499
5,2,tucker_learned,dynamic_random_6,log_loss,2.1547811209268692,0.20332309740914747
6,0,zero,full_22,balanced_accuracy,0.509090909090909,0.0
6,0,zero,full_22,log_loss,1.7469232487765545,0.0
6,0,zero,random_static_16,balanced_accuracy,0.3054545454545455,0.07483590864779084
6,0,zero,random_static_16,log_loss,2.0355355971597127,0.1394873553364378
6,0,zero,dynamic_random_16,balanced_accuracy,0.35,0.048638487634165256
6,0,zero,dynamic_random_16,log_loss,2.046506589028016,0.11713597849178647
6,0,zero,random_static_6,balanced_accuracy,0.25727272727272726,0.04722462587735553
6,0,zero,random_static_6,log_loss,2.272883916921185,0.18912647777688404
6,0,zero,dynamic_random_6,balanced_accuracy,0.21454545454545454,0.03499114409803223
6,0,zero,dynamic_random_6,log_loss,2.4304958333696822,0.23288392019331733
6,0,covariance_frozen,full_22,balanced_accuracy,0.509090909090909,0.0
6,0,covariance_frozen,full_22,log_loss,1.7469232487765545,0.0
6,0,covariance_frozen,random_static_16,balanced_accuracy,0.41500000000000004,0.042216482621822905
6,0,covariance_frozen,random_static_16,log_loss,1.7832167206375806,0.06125142190288408
6,0,covariance_frozen,dynamic_random_16,balanced_accuracy,0.4059090909090909,0.03164237142537658
6,0,covariance_frozen,dynamic_random_16,log_loss,1.8131551840364597,0.048416606379547616
6,0,covariance_frozen,random_static_6,balanced_accuracy,0.3495454545454545,0.04557710749129137
6,0,covariance_frozen,random_static_6,log_loss,2.0460267628773527,0.06816424952467136
6,0,covariance_frozen,dynamic_random_6,balanced_accuracy,0.3140909090909091,0.06688771891871303
6,0,covariance_frozen,dynamic_random_6,log_loss,2.077582685456272,0.1406527218148187
6,0,covariance_learned,full_22,balanced_accuracy,0.509090909090909,0.0
6,0,covariance_learned,full_22,log_loss,1.7469232487765545,0.0
6,0,covariance_learned,random_static_16,balanced_accuracy,0.4159090909090909,0.03214121732666124
6,0,covariance_learned,random_static_16,log_loss,1.7187021140676222,0.07085539831379879
6,0,covariance_learned,dynamic_random_16,balanced_accuracy,0.4209090909090909,0.027212053721992296
6,0,covariance_learned,dynamic_random_16,log_loss,1.7634161877523593,0.03935040424778346
6,0,covariance_learned,random_static_6,balanced_accuracy,0.369090909090909,0.04041622291085803
6,0,covariance_learned,random_static_6,log_loss,1.8565257312006538,0.07108856041226157
6,0,covariance_learned,dynamic_random_6,balanced_accuracy,0.3695454545454545,0.046368092477478494
6,0,covariance_learned,dynamic_random_6,log_loss,1.8915884295119132,0.0762332851254831
6,0,tucker_frozen,full_22,balanced_accuracy,0.509090909090909,0.0
6,0,tucker_frozen,full_22,log_loss,1.7469232487765545,0.0
6,0,tucker_frozen,random_static_16,balanced_accuracy,0.3463636363636363,0.08202750999935457
6,0,tucker_frozen,random_static_16,log_loss,1.8821945968435354,0.1735020547411722
6,0,tucker_frozen,dynamic_random_16,balanced_accuracy,0.34863636363636363,0.036009640582433396
6,0,tucker_frozen,dynamic_random_16,log_loss,1.995515511930293,0.12220462343789054
6,0,tucker_frozen,random_static_6,balanced_accuracy,0.265,0.04753424168145954
6,0,tucker_frozen,random_static_6,log_loss,2.5154833743728986,0.17600049302887313
6,0,tucker_frozen,dynamic_random_6,balanced_accuracy,0.25,0.02032789070454353
6,0,tucker_frozen,dynamic_random_6,log_loss,2.6916979655764086,0.15441691105418176
6,0,tucker_learned,full_22,balanced_accuracy,0.509090909090909,0.0
6,0,tucker_learned,full_22,log_loss,1.7469232487765545,0.0
6,0,tucker_learned,random_static_16,balanced_accuracy,0.3463636363636363,0.046010239607725704
6,0,tucker_learned,random_static_16,log_loss,1.887062680873536,0.1405803160100956
6,0,tucker_learned,dynamic_random_16,balanced_accuracy,0.38272727272727275,0.0614830487960397
6,0,tucker_learned,dynamic_random_16,log_loss,1.9079078477945397,0.17578261920490895
6,0,tucker_learned,random_static_6,balanced_accuracy,0.2881818181818182,0.07750499850582819
6,0,tucker_learned,random_static_6,log_loss,2.0090148675035975,0.1635926035487634
6,0,tucker_learned,dynamic_random_6,balanced_accuracy,0.30636363636363634,0.04534987949540696
6,0,tucker_learned,dynamic_random_6,log_loss,1.9538015514446834,0.1991575929820061
6,1,zero,full_22,balanced_accuracy,0.41363636363636364,0.0
6,1,zero,full_22,log_loss,1.8252730826796626,0.0
6,1,zero,random_static_16,balanced_accuracy,0.33181818181818185,0.06650980167620606
6,1,zero,random_static_16,log_loss,2.2193035619221435,0.1554556448905539
6,1,zero,dynamic_random_16,balanced_accuracy,0.36818181818181817,0.039154282667923694
6,1,zero,dynamic_random_16,log_loss,2.029050929106533,0.1319686379072806
6,1,zero,random_static_6,balanced_accuracy,0.2772727272727272,0.02650432679475136
6,1,zero,random_static_6,log_loss,2.5176442213943213,0.21017751730775475
6,1,zero,dynamic_random_6,balanced_accuracy,0.2231818181818182,0.00935966376453364
6,1,zero,dynamic_random_6,log_loss,2.2714322907507065,0.14640954607092263
6,1,covariance_frozen,full_22,balanced_accuracy,0.41363636363636364,0.0
6,1,covariance_frozen,full_22,log_loss,1.8252730826796626,0.0
6,1,covariance_frozen,random_static_16,balanced_accuracy,0.3081818181818182,0.011003380397191101
6,1,covariance_frozen,random_static_16,log_loss,1.9641219023380287,0.0200389659861795
6,1,covariance_frozen,dynamic_random_16,balanced_accuracy,0.37681818181818183,0.027059774665704014
6,1,covariance_frozen,dynamic_random_16,log_loss,1.9357849716175253,0.05232258561093577
6,1,covariance_frozen,random_static_6,balanced_accuracy,0.3204545454545455,0.04979295977319695
6,1,covariance_frozen,random_static_6,log_loss,2.4499404925867543,0.04241020073167512
6,1,covariance_frozen,dynamic_random_6,balanced_accuracy,0.27954545454545454,0.033402132856134255
6,1,covariance_frozen,dynamic_random_6,log_loss,2.463193330548357,0.052220664996127375
6,1,covariance_learned,full_22,balanced_accuracy,0.41363636363636364,0.0
6,1,covariance_learned,full_22,log_loss,1.8252730826796626,0.0
6,1,covariance_learned,random_static_16,balanced_accuracy,0.35500000000000004,0.027514083546221008
6,1,covariance_learned,random_static_16,log_loss,1.881183896011711,0.05629082648629365
6,1,covariance_learned,dynamic_random_16,balanced_accuracy,0.37681818181818183,0.022471285626015046
6,1,covariance_learned,dynamic_random_16,log_loss,1.8331982424295876,0.04248935220409255
6,1,covariance_learned,random_static_6,balanced_accuracy,0.3422727272727273,0.026016523675007616
6,1,covariance_learned,random_static_6,log_loss,1.9709619751838274,0.10268080901067389
6,1,covariance_learned,dynamic_random_6,balanced_accuracy,0.32727272727272727,0.0664942674469445
6,1,covariance_learned,dynamic_random_6,log_loss,1.9481776468892071,0.10629147829262045
6,1,tucker_frozen,full_22,balanced_accuracy,0.41363636363636364,0.0
6,1,tucker_frozen,full_22,log_loss,1.8252730826796626,0.0
6,1,tucker_frozen,random_static_16,balanced_accuracy,0.35909090909090907,0.045477267048293656
6,1,tucker_frozen,random_static_16,log_loss,2.1463814261688086,0.1424491932192162
6,1,tucker_frozen,dynamic_random_16,balanced_accuracy,0.3640909090909091,0.037300433161688434
6,1,tucker_frozen,dynamic_random_16,log_loss,2.002192285210693,0.10139091970224959
6,1,tucker_frozen,random_static_6,balanced_accuracy,0.2772727272727272,0.026504326794751353
6,1,tucker_frozen,random_static_6,log_loss,2.4289965151617334,0.20083811128987442
6,1,tucker_frozen,dynamic_random_6,balanced_accuracy,0.21363636363636362,0.02727272727272727
6,1,tucker_frozen,dynamic_random_6,log_loss,2.3448669654268572,0.08100898805644066
6,1,tucker_learned,full_22,balanced_accuracy,0.41363636363636364,0.0
6,1,tucker_learned,full_22,log_loss,1.8252730826796626,0.0
6,1,tucker_learned,random_static_16,balanced_accuracy,0.3559090909090909,0.04450369099745204
6,1,tucker_learned,random_static_16,log_loss,2.1121121124822193,0.11912797321826603
6,1,tucker_learned,dynamic_random_16,balanced_accuracy,0.3877272727272727,0.05219559526712244
6,1,tucker_learned,dynamic_random_16,log_loss,1.9680624936112867,0.09663425803577029
6,1,tucker_learned,random_static_6,balanced_accuracy,0.2868181818181818,0.053288548690010346
6,1,tucker_learned,random_static_6,log_loss,2.3076262152802034,0.2032111826166333
6,1,tucker_learned,dynamic_random_6,balanced_accuracy,0.2818181818181818,0.02317736142542175
6,1,tucker_learned,dynamic_random_6,log_loss,2.1329658390298167,0.14084134568856033
6,2,zero,full_22,balanced_accuracy,0.35227272727272724,0.0
6,2,zero,full_22,log_loss,1.4834402237499913,0.0
6,2,zero,random_static_16,balanced_accuracy,0.2686363636363637,0.037106057512651905
6,2,zero,random_static_16,log_loss,1.5948821935131587,0.0736334769093654
6,2,zero,dynamic_random_16,balanced_accuracy,0.2827272727272727,0.03279664365008626
6,2,zero,dynamic_random_16,log_loss,1.5443633328707649,0.026786279645528724
6,2,zero,random_static_6,balanced_accuracy,0.23681818181818182,0.042552835412612545
6,2,zero,random_static_6,log_loss,1.8133433865955015,0.062473906284696706
6,2,zero,dynamic_random_6,balanced_accuracy,0.2377272727272728,0.019209587826468595
6,2,zero,dynamic_random_6,log_loss,1.7728554743563851,0.02719900687908054
6,2,covariance_frozen,full_22,balanced_accuracy,0.35227272727272724,0.0
6,2,covariance_frozen,full_22,log_loss,1.4834402237499913,0.0
6,2,covariance_frozen,random_static_16,balanced_accuracy,0.25227272727272726,0.011134044285378073
6,2,covariance_frozen,random_static_16,log_loss,1.5258091688762438,0.025247336723309623
6,2,covariance_frozen,dynamic_random_16,balanced_accuracy,0.28727272727272724,0.031049147923523746
6,2,covariance_frozen,dynamic_random_16,log_loss,1.5193499755101656,0.04050044934505806
6,2,covariance_frozen,random_static_6,balanced_accuracy,0.2390909090909091,0.054515143092963445
6,2,covariance_frozen,random_static_6,log_loss,1.5293319737791606,0.013685482696913767
6,2,covariance_frozen,dynamic_random_6,balanced_accuracy,0.29500000000000004,0.034509550720186036
6,2,covariance_frozen,dynamic_random_6,log_loss,1.5283764385740437,0.03129215045110364
6,2,covariance_learned,full_22,balanced_accuracy,0.35227272727272724,0.0
6,2,covariance_learned,full_22,log_loss,1.4834402237499913,0.0
6,2,covariance_learned,random_static_16,balanced_accuracy,0.26136363636363635,0.01437398936440173
6,2,covariance_learned,random_static_16,log_loss,1.523282374080424,0.026594093023981115
6,2,covariance_learned,dynamic_random_16,balanced_accuracy,0.30636363636363634,0.015102952478032864
6,2,covariance_learned,dynamic_random_16,log_loss,1.5166502342641885,0.03784290473997293
6,2,covariance_learned,random_static_6,balanced_accuracy,0.2909090909090909,0.0472596135657092
6,2,covariance_learned,random_static_6,log_loss,1.4976257634686747,0.017369097810225657
6,2,covariance_learned,dynamic_random_6,balanced_accuracy,0.2736363636363636,0.032480127427181524
6,2,covariance_learned,dynamic_random_6,log_loss,1.4977414203974297,0.022413103126955942
6,2,tucker_frozen,full_22,balanced_accuracy,0.35227272727272724,0.0
6,2,tucker_frozen,full_22,log_loss,1.4834402237499913,0.0
6,2,tucker_frozen,random_static_16,balanced_accuracy,0.2377272727272727,0.061935049957379855
6,2,tucker_frozen,random_static_16,log_loss,1.6335780180782762,0.051937487820872416
6,2,tucker_frozen,dynamic_random_16,balanced_accuracy,0.2331818181818182,0.0483957514698406
6,2,tucker_frozen,dynamic_random_16,log_loss,1.5894684159952879,0.038374100389694916
6,2,tucker_frozen,random_static_6,balanced_accuracy,0.23227272727272733,0.017510327531143843
6,2,tucker_frozen,random_static_6,log_loss,1.8931309492602542,0.03994096528415902
6,2,tucker_frozen,dynamic_random_6,balanced_accuracy,0.22772727272727272,0.015102952478032856
6,2,tucker_frozen,dynamic_random_6,log_loss,1.8821228661020306,0.018857675350462105
6,2,tucker_learned,full_22,balanced_accuracy,0.35227272727272724,0.0
6,2,tucker_learned,full_22,log_loss,1.4834402237499913,0.0
6,2,tucker_learned,random_static_16,balanced_accuracy,0.2881818181818182,0.05737724950126642
6,2,tucker_learned,random_static_16,log_loss,1.5441028421409801,0.06209301195031643
6,2,tucker_learned,dynamic_random_16,balanced_accuracy,0.335,0.03882573909829567
6,2,tucker_learned,dynamic_random_16,log_loss,1.506862331748073,0.02591264683653999
6,2,tucker_learned,random_static_6,balanced_accuracy,0.26363636363636367,0.05380174810518291
6,2,tucker_learned,random_static_6,log_loss,1.5950958673296278,0.055085338559960645
6,2,tucker_learned,dynamic_random_6,balanced_accuracy,0.2809090909090909,0.03167500252760788
6,2,tucker_learned,dynamic_random_6,log_loss,1.5942253211248751,0.037619921399617784
7,0,zero,full_22,balanced_accuracy,0.6401098901098902,0.0
7,0,zero,full_22,log_loss,0.8332440117990473,0.0
7,0,zero,random_static_16,balanced_accuracy,0.25137362637362637,0.011293848786315635
7,0,zero,random_static_16,log_loss,3.995001042942769,0.06558740030445184
7,0,zero,dynamic_random_16,balanced_accuracy,0.25384615384615383,0.0076923076923076875
7,0,zero,dynamic_random_16,log_loss,4.005011167368148,0.11638592981273488
7,0,zero,random_static_6,balanced_accuracy,0.2813186813186813,0.03890443581640132
7,0,zero,random_static_6,log_loss,3.5860624564238193,0.36611510012736137
7,0,zero,dynamic_random_6,balanced_accuracy,0.3085164835164835,0.03153482385116869
7,0,zero,dynamic_random_6,log_loss,3.3587489146499494,0.2796051060763201
7,0,covariance_frozen,full_22,balanced_accuracy,0.6401098901098902,0.0
7,0,covariance_frozen,full_22,log_loss,0.8332440117990473,0.0
7,0,covariance_frozen,random_static_16,balanced_accuracy,0.5123626373626373,0.018160982286855382
7,0,covariance_frozen,random_static_16,log_loss,1.5134433289867832,0.11464521467974141
7,0,covariance_frozen,dynamic_random_16,balanced_accuracy,0.5230769230769231,0.04542862990899866
7,0,covariance_frozen,dynamic_random_16,log_loss,1.4129918308652465,0.14116888919590995
7,0,covariance_frozen,random_static_6,balanced_accuracy,0.2615384615384616,0.035667763444214254
7,0,covariance_frozen,random_static_6,log_loss,3.4823205277151876,0.13779605372455125
7,0,covariance_frozen,dynamic_random_6,balanced_accuracy,0.26153846153846155,0.04317296984739163
7,0,covariance_frozen,dynamic_random_6,log_loss,3.5679260808923545,0.05047713071640379
7,0,covariance_learned,full_22,balanced_accuracy,0.6401098901098902,0.0
7,0,covariance_learned,full_22,log_loss,0.8332440117990473,0.0
7,0,covariance_learned,random_static_16,balanced_accuracy,0.5664835164835166,0.03347367108939418
7,0,covariance_learned,random_static_16,log_loss,0.9465430781236874,0.033894967471128405
7,0,covariance_learned,dynamic_random_16,balanced_accuracy,0.5750000000000001,0.026172539261130872
7,0,covariance_learned,dynamic_random_16,log_loss,0.8879720566854864,0.07173065478132871
7,0,covariance_learned,random_static_6,balanced_accuracy,0.4607142857142857,0.04924100904104492
7,0,covariance_learned,random_static_6,log_loss,1.6267557712867102,0.14090481034175087
7,0,covariance_learned,dynamic_random_6,balanced_accuracy,0.518956043956044,0.033662535321410156
7,0,covariance_learned,dynamic_random_6,log_loss,1.493248649474178,0.08558600453350779
7,0,tucker_frozen,full_22,balanced_accuracy,0.6401098901098902,0.0
7,0,tucker_frozen,full_22,log_loss,0.8332440117990473,0.0
7,0,tucker_frozen,random_static_16,balanced_accuracy,0.25137362637362637,0.011293848786315635
7,0,tucker_frozen,random_static_16,log_loss,3.9345991313582247,0.06992186909663525
7,0,tucker_frozen,dynamic_random_16,balanced_accuracy,0.25384615384615383,0.0076923076923076875
7,0,tucker_frozen,dynamic_random_16,log_loss,3.9141799926559053,0.1252942028266542
7,0,tucker_frozen,random_static_6,balanced_accuracy,0.2857142857142857,0.028497368087670193
7,0,tucker_frozen,random_static_6,log_loss,3.5254589575170834,0.36397364760588913
7,0,tucker_frozen,dynamic_random_6,balanced_accuracy,0.3019230769230769,0.025674690093310044
7,0,tucker_frozen,dynamic_random_6,log_loss,3.224162617737412,0.29408867443613945
7,0,tucker_learned,full_22,balanced_accuracy,0.6401098901098902,0.0
7,0,tucker_learned,full_22,log_loss,0.8332440117990473,0.0
7,0,tucker_learned,random_static_16,balanced_accuracy,0.2634615384615384,0.02483796055449605
7,0,tucker_learned,random_static_16,log_loss,3.7798244924218336,0.09387077520963173
7,0,tucker_learned,dynamic_random_16,balanced_accuracy,0.25384615384615383,0.0076923076923076875
7,0,tucker_learned,dynamic_random_16,log_loss,3.781796722464164,0.13005644975798308
7,0,tucker_learned,random_static_6,balanced_accuracy,0.3164835164835165,0.032221421783287366
7,0,tucker_learned,random_static_6,log_loss,3.3351531376305203,0.4038259376429982
7,0,tucker_learned,dynamic_random_6,balanced_accuracy,0.32335164835164837,0.0502424384405899
7,0,tucker_learned,dynamic_random_6,log_loss,2.9286397928980037,0.22340534231751244
7,1,zero,full_22,balanced_accuracy,0.75,0.0
7,1,zero,full_22,log_loss,0.5298506474459301,0.0
7,1,zero,random_static_16,balanced_accuracy,0.2967032967032967,0.025118965825631792
7,1,zero,random_static_16,log_loss,4.089140195876169,0.11379756742534636
7,1,zero,dynamic_random_16,balanced_accuracy,0.27692307692307694,0.02878197989826109
7,1,zero,dynamic_random_16,log_loss,4.397300089945169,0.22226969478280834
7,1,zero,random_static_6,balanced_accuracy,0.28763736263736267,0.023450019047113527
7,1,zero,random_static_6,log_loss,3.827862568200126,0.14794311149043035
7,1,zero,dynamic_random_6,balanced_accuracy,0.264010989010989,0.05233786875423972
7,1,zero,dynamic_random_6,log_loss,4.011550433139243,0.3366060733580386
7,1,covariance_frozen,full_22,balanced_accuracy,0.75,0.0
7,1,covariance_frozen,full_22,log_loss,0.5298506474459301,0.0
7,1,covariance_frozen,random_static_16,balanced_accuracy,0.5758241758241758,0.038612341721535444
7,1,covariance_frozen,random_static_16,log_loss,1.1020629159837896,0.14216851169471448
7,1,covariance_frozen,dynamic_random_16,balanced_accuracy,0.5978021978021977,0.048193735641198616
7,1,covariance_frozen,dynamic_random_16,log_loss,0.9878168837955602,0.09836494689912569
7,1,covariance_frozen,random_static_6,balanced_accuracy,0.29862637362637356,0.02569232179283117
7,1,covariance_frozen,random_static_6,log_loss,3.442541499668059,0.1289557999378555
7,1,covariance_frozen,dynamic_random_6,balanced_accuracy,0.2802197802197802,0.022436831856148812
7,1,covariance_frozen,dynamic_random_6,log_loss,3.453003593792296,0.1648741497020724
7,1,covariance_learned,full_22,balanced_accuracy,0.75,0.0
7,1,covariance_learned,full_22,log_loss,0.5298506474459301,0.0
7,1,covariance_learned,random_static_16,balanced_accuracy,0.7313186813186814,0.03440762701091372
7,1,covariance_learned,random_static_16,log_loss,0.5999355587917117,0.08189479206775839
7,1,covariance_learned,dynamic_random_16,balanced_accuracy,0.6967032967032967,0.025438433032241893
7,1,covariance_learned,dynamic_random_16,log_loss,0.6394569402892527,0.050665247237979855
7,1,covariance_learned,random_static_6,balanced_accuracy,0.5197802197802197,0.03322472545191169
7,1,covariance_learned,random_static_6,log_loss,1.3554272198648623,0.10403094712630523
7,1,covariance_learned,dynamic_random_6,balanced_accuracy,0.5414835164835164,0.05515345095089936
7,1,covariance_learned,dynamic_random_6,log_loss,1.4421950968728683,0.1451048080905118
7,1,tucker_frozen,full_22,balanced_accuracy,0.75,0.0
7,1,tucker_frozen,full_22,log_loss,0.5298506474459301,0.0
7,1,tucker_frozen,random_static_16,balanced_accuracy,0.2854395604395604,0.021393321246078886
7,1,tucker_frozen,random_static_16,log_loss,4.021599310724993,0.12061895223148522
7,1,tucker_frozen,dynamic_random_16,balanced_accuracy,0.2771978021978022,0.03531475596532179
7,1,tucker_frozen,dynamic_random_16,log_loss,4.328644571512474,0.22441211592773924
7,1,tucker_frozen,random_static_6,balanced_accuracy,0.28076923076923077,0.010337850396827894
7,1,tucker_frozen,random_static_6,log_loss,3.7517551012339823,0.15492219542146268
7,1,tucker_frozen,dynamic_random_6,balanced_accuracy,0.27554945054945057,0.054976639273763
7,1,tucker_frozen,dynamic_random_6,log_loss,3.91467639513163,0.3471604194363746
7,1,tucker_learned,full_22,balanced_accuracy,0.75,0.0
7,1,tucker_learned,full_22,log_loss,0.5298506474459301,0.0
7,1,tucker_learned,random_static_16,balanced_accuracy,0.33214285714285713,0.04421626272248509
7,1,tucker_learned,random_static_16,log_loss,3.7606336746478264,0.1735679956501346
7,1,tucker_learned,dynamic_random_16,balanced_accuracy,0.2967032967032967,0.01940657473895534
7,1,tucker_learned,dynamic_random_16,log_loss,4.032677820117215,0.21490950890522187
7,1,tucker_learned,random_static_6,balanced_accuracy,0.3010989010989011,0.020657440875942273
7,1,tucker_learned,random_static_6,log_loss,3.5112596910125644,0.29618575948326653
7,1,tucker_learned,dynamic_random_6,balanced_accuracy,0.3052197802197802,0.06945389649745293
7,1,tucker_learned,dynamic_random_6,log_loss,3.4632908288958966,0.37611665902981045
7,2,zero,full_22,balanced_accuracy,0.635989010989011,0.0
7,2,zero,full_22,log_loss,0.7056554450494366,0.0
7,2,zero,random_static_16,balanced_accuracy,0.2923076923076923,0.026655431256257543
7,2,zero,random_static_16,log_loss,2.627837354010046,0.09393542774327926
7,2,zero,dynamic_random_16,balanced_accuracy,0.26153846153846155,0.03874113444555083
7,2,zero,dynamic_random_16,log_loss,2.7695142092119456,0.12330388984486514
7,2,zero,random_static_6,balanced_accuracy,0.2881868131868132,0.050830857891598635
7,2,zero,random_static_6,log_loss,2.615516479314425,0.1303963432186639
7,2,zero,dynamic_random_6,balanced_accuracy,0.28186813186813187,0.024486021928744165
7,2,zero,dynamic_random_6,log_loss,2.6703144886817305,0.12347210982910566
7,2,covariance_frozen,full_22,balanced_accuracy,0.635989010989011,0.0
7,2,covariance_frozen,full_22,log_loss,0.7056554450494366,0.0
7,2,covariance_frozen,random_static_16,balanced_accuracy,0.45,0.08308157437993756
7,2,covariance_frozen,random_static_16,log_loss,1.2202111049983126,0.1439273052186384
7,2,covariance_frozen,dynamic_random_16,balanced_accuracy,0.47857142857142865,0.0837195694471541
7,2,covariance_frozen,dynamic_random_16,log_loss,1.1283853811808984,0.154570434884356
7,2,covariance_frozen,random_static_6,balanced_accuracy,0.2760989010989011,0.02864266267907333
7,2,covariance_frozen,random_static_6,log_loss,2.7392952688122096,0.04119314047031283
7,2,covariance_frozen,dynamic_random_6,balanced_accuracy,0.23076923076923075,0.05014771080925115
7,2,covariance_frozen,dynamic_random_6,log_loss,2.7487024629587853,0.08213631229590719
7,2,covariance_learned,full_22,balanced_accuracy,0.635989010989011,0.0
7,2,covariance_learned,full_22,log_loss,0.7056554450494366,0.0
7,2,covariance_learned,random_static_16,balanced_accuracy,0.5425824175824175,0.05991908765637031
7,2,covariance_learned,random_static_16,log_loss,0.7973280420253246,0.03172638770834374
7,2,covariance_learned,dynamic_random_16,balanced_accuracy,0.5406593406593407,0.09699241869292109
7,2,covariance_learned,dynamic_random_16,log_loss,0.8621563002680939,0.07691889934672325
7,2,covariance_learned,random_static_6,balanced_accuracy,0.446978021978022,0.05989137008453372
7,2,covariance_learned,random_static_6,log_loss,1.4781622919560145,0.13220021474113647
7,2,covariance_learned,dynamic_random_6,balanced_accuracy,0.4010989010989011,0.04948106506557991
7,2,covariance_learned,dynamic_random_6,log_loss,1.4125868009968796,0.09028420602101343
7,2,tucker_frozen,full_22,balanced_accuracy,0.635989010989011,0.0
7,2,tucker_frozen,full_22,log_loss,0.7056554450494366,0.0
7,2,tucker_frozen,random_static_16,balanced_accuracy,0.29642857142857143,0.013692237136678142
7,2,tucker_frozen,random_static_16,log_loss,2.594215727193008,0.12287218915516349
7,2,tucker_frozen,dynamic_random_16,balanced_accuracy,0.2692307692307693,0.03643607069809968
7,2,tucker_frozen,dynamic_random_16,log_loss,2.7114899119195046,0.12123198347769523
7,2,tucker_frozen,random_static_6,balanced_accuracy,0.29203296703296705,0.03959857746533462
7,2,tucker_frozen,random_static_6,log_loss,2.566289853919784,0.1333930614432624
7,2,tucker_frozen,dynamic_random_6,balanced_accuracy,0.27912087912087913,0.02442429755043172
7,2,tucker_frozen,dynamic_random_6,log_loss,2.5966408023715517,0.1360567437704828
7,2,tucker_learned,full_22,balanced_accuracy,0.635989010989011,0.0
7,2,tucker_learned,full_22,log_loss,0.7056554450494366,0.0
7,2,tucker_learned,random_static_16,balanced_accuracy,0.29642857142857143,0.013692237136678142
7,2,tucker_learned,random_static_16,log_loss,2.594215727193008,0.12287218915516349
7,2,tucker_learned,dynamic_random_16,balanced_accuracy,0.2692307692307693,0.03643607069809968
7,2,tucker_learned,dynamic_random_16,log_loss,2.7114899119195046,0.12123198347769523
7,2,tucker_learned,random_static_6,balanced_accuracy,0.29203296703296705,0.03959857746533462
7,2,tucker_learned,random_static_6,log_loss,2.566289853919784,0.1333930614432624
7,2,tucker_learned,dynamic_random_6,balanced_accuracy,0.27912087912087913,0.02442429755043172
7,2,tucker_learned,dynamic_random_6,log_loss,2.5966408023715517,0.1360567437704828
8,0,zero,full_22,balanced_accuracy,0.7953296703296703,0.0
8,0,zero,full_22,log_loss,0.6806375702575489,0.0
8,0,zero,random_static_16,balanced_accuracy,0.3980769230769231,0.028949318400702157
8,0,zero,random_static_16,log_loss,2.1860408530416526,0.10558734963400655
8,0,zero,dynamic_random_16,balanced_accuracy,0.3519230769230769,0.022104717241638958
8,0,zero,dynamic_random_16,log_loss,2.464383264597119,0.21064304347494425
8,0,zero,random_static_6,balanced_accuracy,0.34587912087912087,0.06009768443890734
8,0,zero,random_static_6,log_loss,2.4837419630267683,0.23061016867602838
8,0,zero,dynamic_random_6,balanced_accuracy,0.3681318681318681,0.052306133968845536
8,0,zero,dynamic_random_6,log_loss,2.156402219605468,0.17011796081451316
8,0,covariance_frozen,full_22,balanced_accuracy,0.7953296703296703,0.0
8,0,covariance_frozen,full_22,log_loss,0.6806375702575489,0.0
8,0,covariance_frozen,random_static_16,balanced_accuracy,0.7453296703296703,0.02878197989826107
8,0,covariance_frozen,random_static_16,log_loss,0.7302247950333403,0.03499808193466478
8,0,covariance_frozen,dynamic_random_16,balanced_accuracy,0.7722527472527472,0.014390989949130541
8,0,covariance_frozen,dynamic_random_16,log_loss,0.7163291729852066,0.01955064552190631
8,0,covariance_frozen,random_static_6,balanced_accuracy,0.4906593406593406,0.028647932233469717
8,0,covariance_frozen,random_static_6,log_loss,1.422312810578461,0.10814816301094332
8,0,covariance_frozen,dynamic_random_6,balanced_accuracy,0.49532967032967035,0.08998919818713513
8,0,covariance_frozen,dynamic_random_6,log_loss,1.407349981518599,0.1027219898858226
8,0,covariance_learned,full_22,balanced_accuracy,0.7953296703296703,0.0
8,0,covariance_learned,full_22,log_loss,0.6806375702575489,0.0
8,0,covariance_learned,random_static_16,balanced_accuracy,0.7854395604395604,0.019041454341937845
8,0,covariance_learned,random_static_16,log_loss,0.6503880455557101,0.023222696186020488
8,0,covariance_learned,dynamic_random_16,balanced_accuracy,0.770879120879121,0.018842228790639817
8,0,covariance_learned,dynamic_random_16,log_loss,0.6800292151094316,0.024203943851975485
8,0,covariance_learned,random_static_6,balanced_accuracy,0.6167582417582418,0.017972996960215534
8,0,covariance_learned,random_static_6,log_loss,0.9880871761320288,0.10482588140991314
8,0,covariance_learned,dynamic_random_6,balanced_accuracy,0.6354395604395604,0.03503797515460087
8,0,covariance_learned,dynamic_random_6,log_loss,0.8830308987308688,0.10518099749665856
8,0,tucker_frozen,full_22,balanced_accuracy,0.7953296703296703,0.0
8,0,tucker_frozen,full_22,log_loss,0.6806375702575489,0.0
8,0,tucker_frozen,random_static_16,balanced_accuracy,0.46675824175824177,0.06750308038608992
8,0,tucker_frozen,random_static_16,log_loss,1.6429054184573708,0.13219233240680592
8,0,tucker_frozen,dynamic_random_16,balanced_accuracy,0.4497252747252748,0.0366591001915849
8,0,tucker_frozen,dynamic_random_16,log_loss,1.6895066377533017,0.27806575609459316
8,0,tucker_frozen,random_static_6,balanced_accuracy,0.3475274725274725,0.033669260878798984
8,0,tucker_frozen,random_static_6,log_loss,2.3235417669449334,0.22605725271233373
8,0,tucker_frozen,dynamic_random_6,balanced_accuracy,0.37362637362637363,0.058044451192282465
8,0,tucker_frozen,dynamic_random_6,log_loss,1.9758722881483657,0.19585277591030265
8,0,tucker_learned,full_22,balanced_accuracy,0.7953296703296703,0.0
8,0,tucker_learned,full_22,log_loss,0.6806375702575489,0.0
8,0,tucker_learned,random_static_16,balanced_accuracy,0.49340659340659343,0.04815456838374831
8,0,tucker_learned,random_static_16,log_loss,1.588698800804311,0.111290685557966
8,0,tucker_learned,dynamic_random_16,balanced_accuracy,0.4648351648351648,0.05968940055067788
8,0,tucker_learned,dynamic_random_16,log_loss,1.6189708236305234,0.2506354714402274
8,0,tucker_learned,random_static_6,balanced_accuracy,0.33571428571428574,0.04244127619297398
8,0,tucker_learned,random_static_6,log_loss,2.308756335437354,0.2756018447889921
8,0,tucker_learned,dynamic_random_6,balanced_accuracy,0.4,0.07411678562161425
8,0,tucker_learned,dynamic_random_6,log_loss,1.915466133140398,0.21187632322755254
8,1,zero,full_22,balanced_accuracy,0.7692307692307693,0.0
8,1,zero,full_22,log_loss,0.812656144528571,0.0
8,1,zero,random_static_16,balanced_accuracy,0.35934065934065934,0.02637362637362637
8,1,zero,random_static_16,log_loss,3.0057199636280827,0.2268009707063823
8,1,zero,dynamic_random_16,balanced_accuracy,0.36978021978021985,0.028568786860122364
8,1,zero,dynamic_random_16,log_loss,3.034356142454367,0.27749961823577746
8,1,zero,random_static_6,balanced_accuracy,0.3076923076923077,0.031033013728446017
8,1,zero,random_static_6,log_loss,3.1686339883603525,0.1955445234216577
8,1,zero,dynamic_random_6,balanced_accuracy,0.3675824175824176,0.024178945852404522
8,1,zero,dynamic_random_6,log_loss,2.8333187248668517,0.21426174053565142
8,1,covariance_frozen,full_22,balanced_accuracy,0.7692307692307693,0.0
8,1,covariance_frozen,full_22,log_loss,0.812656144528571,0.0
8,1,covariance_frozen,random_static_16,balanced_accuracy,0.754120879120879,0.03073978182571292
8,1,covariance_frozen,random_static_16,log_loss,0.8325539858834983,0.007370101434582885
8,1,covariance_frozen,dynamic_random_16,balanced_accuracy,0.7398351648351648,0.022396429365042686
8,1,covariance_frozen,dynamic_random_16,log_loss,0.8582622272216082,0.027583061822387202
8,1,covariance_frozen,random_static_6,balanced_accuracy,0.4813186813186814,0.07708773585624436
8,1,covariance_frozen,random_static_6,log_loss,2.015928406787858,0.1858570959725119
8,1,covariance_frozen,dynamic_random_6,balanced_accuracy,0.43049450549450546,0.03893546318515836
8,1,covariance_frozen,dynamic_random_6,log_loss,2.0125436991212875,0.2422010334876463
8,1,covariance_learned,full_22,balanced_accuracy,0.7692307692307693,0.0
8,1,covariance_learned,full_22,log_loss,0.812656144528571,0.0
8,1,covariance_learned,random_static_16,balanced_accuracy,0.7423076923076923,0.00942111439531991
8,1,covariance_learned,random_static_16,log_loss,0.8807849266451772,0.020214589969615577
8,1,covariance_learned,dynamic_random_16,balanced_accuracy,0.7384615384615384,0.015384615384615363
8,1,covariance_learned,dynamic_random_16,log_loss,0.909508996455307,0.06606560519560167
8,1,covariance_learned,random_static_6,balanced_accuracy,0.570054945054945,0.03774849238970917
8,1,covariance_learned,random_static_6,log_loss,1.4059526631686663,0.14315950690130014
8,1,covariance_learned,dynamic_random_6,balanced_accuracy,0.5464285714285714,0.0691926024219636
8,1,covariance_learned,dynamic_random_6,log_loss,1.3376833075473364,0.13835284423215055
8,1,tucker_frozen,full_22,balanced_accuracy,0.7692307692307693,0.0
8,1,tucker_frozen,full_22,log_loss,0.812656144528571,0.0
8,1,tucker_frozen,random_static_16,balanced_accuracy,0.4802197802197803,0.038359361924630866
8,1,tucker_frozen,random_static_16,log_loss,2.2860673367210556,0.36791648973563357
8,1,tucker_frozen,dynamic_random_16,balanced_accuracy,0.48159340659340655,0.020329670329670337
8,1,tucker_frozen,dynamic_random_16,log_loss,2.2568858720191898,0.14489294474211012
8,1,tucker_frozen,random_static_6,balanced_accuracy,0.3541208791208791,0.046585177067137176
8,1,tucker_frozen,random_static_6,log_loss,2.806245386703501,0.2856157818817154
8,1,tucker_frozen,dynamic_random_6,balanced_accuracy,0.4104395604395604,0.04698043178704548
8,1,tucker_frozen,dynamic_random_6,log_loss,2.366010856628324,0.2868466673936925
8,1,tucker_learned,full_22,balanced_accuracy,0.7692307692307693,0.0
8,1,tucker_learned,full_22,log_loss,0.812656144528571,0.0
8,1,tucker_learned,random_static_16,balanced_accuracy,0.46923076923076923,0.04326029037236199
8,1,tucker_learned,random_static_16,log_loss,2.3009248727376304,0.37026278077552993
8,1,tucker_learned,dynamic_random_16,balanced_accuracy,0.4818681318681318,0.033796792176979285
8,1,tucker_learned,dynamic_random_16,log_loss,2.2602547578703787,0.1399185152997973
8,1,tucker_learned,random_static_6,balanced_accuracy,0.38434065934065936,0.06355245378678132
8,1,tucker_learned,random_static_6,log_loss,2.789672474217685,0.2916864857361129
8,1,tucker_learned,dynamic_random_6,balanced_accuracy,0.41813186813186815,0.057236556737126715
8,1,tucker_learned,dynamic_random_6,log_loss,2.431887841738142,0.32534548627529863
8,2,zero,full_22,balanced_accuracy,0.8296703296703297,0.0
8,2,zero,full_22,log_loss,0.5673136280708962,0.0
8,2,zero,random_static_16,balanced_accuracy,0.328021978021978,0.03348268878112279
8,2,zero,random_static_16,log_loss,3.313528554088095,0.15757666277453003
8,2,zero,dynamic_random_16,balanced_accuracy,0.3582417582417582,0.057721081260083074
8,2,zero,dynamic_random_16,log_loss,3.0257908800751006,0.1638140486817972
8,2,zero,random_static_6,balanced_accuracy,0.3403846153846154,0.05789081495144166
8,2,zero,random_static_6,log_loss,3.1023850345915425,0.3317046360065125
8,2,zero,dynamic_random_6,balanced_accuracy,0.4239010989010989,0.07333981466054233
8,2,zero,dynamic_random_6,log_loss,2.750152700560496,0.41048137836522314
8,2,covariance_frozen,full_22,balanced_accuracy,0.8296703296703297,0.0
8,2,covariance_frozen,full_22,log_loss,0.5673136280708962,0.0
8,2,covariance_frozen,random_static_16,balanced_accuracy,0.7994505494505494,0.008986498480107784
8,2,covariance_frozen,random_static_16,log_loss,0.5883241652910356,0.029983319802233583
8,2,covariance_frozen,dynamic_random_16,balanced_accuracy,0.7994505494505495,0.03510683747413166
8,2,covariance_frozen,dynamic_random_16,log_loss,0.5846412546913676,0.02361131643095923
8,2,covariance_frozen,random_static_6,balanced_accuracy,0.5381868131868133,0.04709275238948596
8,2,covariance_frozen,random_static_6,log_loss,1.654257793982611,0.13675218404898432
8,2,covariance_frozen,dynamic_random_6,balanced_accuracy,0.6065934065934065,0.040232013392097754
8,2,covariance_frozen,dynamic_random_6,log_loss,1.4130692492218753,0.09070162950360865
8,2,covariance_learned,full_22,balanced_accuracy,0.8296703296703297,0.0
8,2,covariance_learned,full_22,log_loss,0.5673136280708962,0.0
8,2,covariance_learned,random_static_16,balanced_accuracy,0.8049450549450551,0.007573653160489106
8,2,covariance_learned,random_static_16,log_loss,0.6062218632376463,0.027262195494329435
8,2,covariance_learned,dynamic_random_16,balanced_accuracy,0.7865384615384616,0.029812439486264917
8,2,covariance_learned,dynamic_random_16,log_loss,0.630017934997232,0.046854018122084826
8,2,covariance_learned,random_static_6,balanced_accuracy,0.6846153846153846,0.020068112492032535
8,2,covariance_learned,random_static_6,log_loss,0.9410168336108402,0.04175962904109761
8,2,covariance_learned,dynamic_random_6,balanced_accuracy,0.6914835164835165,0.029094950098623604
8,2,covariance_learned,dynamic_random_6,log_loss,0.8542935287745166,0.08604782068592406
8,2,tucker_frozen,full_22,balanced_accuracy,0.8296703296703297,0.0
8,2,tucker_frozen,full_22,log_loss,0.5673136280708962,0.0
8,2,tucker_frozen,random_static_16,balanced_accuracy,0.45164835164835165,0.04621104514240075
8,2,tucker_frozen,random_static_16,log_loss,2.369202531830357,0.14696770513297955
8,2,tucker_frozen,dynamic_random_16,balanced_accuracy,0.5082417582417582,0.053186132045406904
8,2,tucker_frozen,dynamic_random_16,log_loss,2.028894649968476,0.3059411070033977
8,2,tucker_frozen,random_static_6,balanced_accuracy,0.368956043956044,0.03819175396924623
8,2,tucker_frozen,random_static_6,log_loss,2.518013031455892,0.28652920996963654
8,2,tucker_frozen,dynamic_random_6,balanced_accuracy,0.39560439560439564,0.09548432525814707
8,2,tucker_frozen,dynamic_random_6,log_loss,2.213281713612582,0.5056390239440506
8,2,tucker_learned,full_22,balanced_accuracy,0.8296703296703297,0.0
8,2,tucker_learned,full_22,log_loss,0.5673136280708962,0.0
8,2,tucker_learned,random_static_16,balanced_accuracy,0.48681318681318675,0.03903226474469688
8,2,tucker_learned,random_static_16,log_loss,2.2219938186309145,0.11473756533671445
8,2,tucker_learned,dynamic_random_16,balanced_accuracy,0.5392857142857143,0.056978843233773245
8,2,tucker_learned,dynamic_random_16,log_loss,1.843036214740486,0.3094252364152329
8,2,tucker_learned,random_static_6,balanced_accuracy,0.3873626373626374,0.04863490953825231
8,2,tucker_learned,random_static_6,log_loss,2.3809372492012972,0.24413095330050444
8,2,tucker_learned,dynamic_random_6,balanced_accuracy,0.4387362637362637,0.07189513724564478
8,2,tucker_learned,dynamic_random_6,log_loss,2.162624422833515,0.47965887590746553
9,0,zero,full_22,balanced_accuracy,0.7580128205128205,0.0
9,0,zero,full_22,log_loss,0.7467503612660725,0.0
9,0,zero,random_static_16,balanced_accuracy,0.4549533799533799,0.04840605710162091
9,0,zero,random_static_16,log_loss,1.751650414502666,0.15326746478257694
9,0,zero,dynamic_random_16,balanced_accuracy,0.44306526806526814,0.05124672641688684
9,0,zero,dynamic_random_16,log_loss,1.659528821991712,0.22119466953175862
9,0,zero,random_static_6,balanced_accuracy,0.399504662004662,0.03596973390377623
9,0,zero,random_static_6,log_loss,1.8058267456173571,0.19361383445235208
9,0,zero,dynamic_random_6,balanced_accuracy,0.4096445221445221,0.07247525639701553
9,0,zero,dynamic_random_6,log_loss,1.6417752464784943,0.14901918565854783
9,0,covariance_frozen,full_22,balanced_accuracy,0.7580128205128205,0.0
9,0,covariance_frozen,full_22,log_loss,0.7467503612660725,0.0
9,0,covariance_frozen,random_static_16,balanced_accuracy,0.6874999999999999,0.04258118671662316
9,0,covariance_frozen,random_static_16,log_loss,0.7950215278221793,0.0168623652277699
9,0,covariance_frozen,dynamic_random_16,balanced_accuracy,0.7115384615384615,0.02324546713393426
9,0,covariance_frozen,dynamic_random_16,log_loss,0.7744885026254847,0.007054986840984861
9,0,covariance_frozen,random_static_6,balanced_accuracy,0.49513403263403266,0.035618957945541437
9,0,covariance_frozen,random_static_6,log_loss,1.3352729834933705,0.07329079691610227
9,0,covariance_frozen,dynamic_random_6,balanced_accuracy,0.48680069930069936,0.01790325122547545
9,0,covariance_frozen,dynamic_random_6,log_loss,1.3686631819506867,0.13455879405395163
9,0,covariance_learned,full_22,balanced_accuracy,0.7580128205128205,0.0
9,0,covariance_learned,full_22,log_loss,0.7467503612660725,0.0
9,0,covariance_learned,random_static_16,balanced_accuracy,0.7213578088578089,0.039510059751085284
9,0,covariance_learned,random_static_16,log_loss,0.7746676957031284,0.020106758614167452
9,0,covariance_learned,dynamic_random_16,balanced_accuracy,0.7185897435897436,0.024589830485662316
9,0,covariance_learned,dynamic_random_16,log_loss,0.7721547479433554,0.05625475037187446
9,0,covariance_learned,random_static_6,balanced_accuracy,0.5782925407925408,0.061413493029424455
9,0,covariance_learned,random_static_6,log_loss,1.1220642797959028,0.07613722324297043
9,0,covariance_learned,dynamic_random_6,balanced_accuracy,0.5950174825174825,0.06976892369086993
9,0,covariance_learned,dynamic_random_6,log_loss,1.130388718165611,0.1323444238160417
9,0,tucker_frozen,full_22,balanced_accuracy,0.7580128205128205,0.0
9,0,tucker_frozen,full_22,log_loss,0.7467503612660725,0.0
9,0,tucker_frozen,random_static_16,balanced_accuracy,0.4690268065268065,0.05719761537978342
9,0,tucker_frozen,random_static_16,log_loss,1.3881379234981472,0.11285063190890215
9,0,tucker_frozen,dynamic_random_16,balanced_accuracy,0.49155011655011654,0.05690761594428965
9,0,tucker_frozen,dynamic_random_16,log_loss,1.23496651426547,0.13738342333788706
9,0,tucker_frozen,random_static_6,balanced_accuracy,0.4215034965034966,0.0329562586245931
9,0,tucker_frozen,random_static_6,log_loss,1.7157249094733218,0.1293187326392318
9,0,tucker_frozen,dynamic_random_6,balanced_accuracy,0.4180361305361305,0.04968547667412885
9,0,tucker_frozen,dynamic_random_6,log_loss,1.5684431514395687,0.1698889279960061
9,0,tucker_learned,full_22,balanced_accuracy,0.7580128205128205,0.0
9,0,tucker_learned,full_22,log_loss,0.7467503612660725,0.0
9,0,tucker_learned,random_static_16,balanced_accuracy,0.49125874125874125,0.02127219234362246
9,0,tucker_learned,random_static_16,log_loss,1.3389694586766667,0.12033525162398749
9,0,tucker_learned,dynamic_random_16,balanced_accuracy,0.509090909090909,0.07225511527066586
9,0,tucker_learned,dynamic_random_16,log_loss,1.2149158060000338,0.1529704072679743
9,0,tucker_learned,random_static_6,balanced_accuracy,0.43167249417249415,0.0529326343862657
9,0,tucker_learned,random_static_6,log_loss,1.6846189767771271,0.104908357825066
9,0,tucker_learned,dynamic_random_6,balanced_accuracy,0.4483391608391609,0.07559673395530288
9,0,tucker_learned,dynamic_random_6,log_loss,1.5630011941477937,0.1526238022625694
9,1,zero,full_22,balanced_accuracy,0.8573717948717949,0.0
9,1,zero,full_22,log_loss,0.589110568936161,0.0
9,1,zero,random_static_16,balanced_accuracy,0.5402680652680653,0.039975224578468596
9,1,zero,random_static_16,log_loss,1.5925935058912972,0.09704372060527576
9,1,zero,dynamic_random_16,balanced_accuracy,0.5603146853146853,0.04696875703999754
9,1,zero,dynamic_random_16,log_loss,1.5272415342376222,0.19545712151243555
9,1,zero,random_static_6,balanced_accuracy,0.41389860139860135,0.06530922205945548
9,1,zero,random_static_6,log_loss,2.3289693452264677,0.25836005866321354
9,1,zero,dynamic_random_6,balanced_accuracy,0.46299533799533804,0.02415780574379268
9,1,zero,dynamic_random_6,log_loss,2.0795337424552347,0.09848886945603212
9,1,covariance_frozen,full_22,balanced_accuracy,0.8573717948717949,0.0
9,1,covariance_frozen,full_22,log_loss,0.589110568936161,0.0
9,1,covariance_frozen,random_static_16,balanced_accuracy,0.8240384615384615,0.01666666666666666
9,1,covariance_frozen,random_static_16,log_loss,0.6482586576798897,0.0425365917261816
9,1,covariance_frozen,dynamic_random_16,balanced_accuracy,0.8157051282051281,0.013176156917368235
9,1,covariance_frozen,dynamic_random_16,log_loss,0.64234665078612,0.019757121226448324
9,1,covariance_frozen,random_static_6,balanced_accuracy,0.5676282051282051,0.02974731961582592
9,1,covariance_frozen,random_static_6,log_loss,1.8202553186890114,0.08022326633931269
9,1,covariance_frozen,dynamic_random_6,balanced_accuracy,0.5592948717948717,0.04233924619750933
9,1,covariance_frozen,dynamic_random_6,log_loss,1.536188633172795,0.09429113258132826
9,1,covariance_learned,full_22,balanced_accuracy,0.8573717948717949,0.0
9,1,covariance_learned,full_22,log_loss,0.589110568936161,0.0
9,1,covariance_learned,random_static_16,balanced_accuracy,0.8448717948717949,0.010206207261596593
9,1,covariance_learned,random_static_16,log_loss,0.5471744718550948,0.06661445728883357
9,1,covariance_learned,dynamic_random_16,balanced_accuracy,0.8535256410256411,0.02408329153098615
9,1,covariance_learned,dynamic_random_16,log_loss,0.5320931108961713,0.03531089276309688
9,1,covariance_learned,random_static_6,balanced_accuracy,0.7295745920745921,0.04129060327287182
9,1,covariance_learned,random_static_6,log_loss,0.9016653225111485,0.10089359755601632
9,1,covariance_learned,dynamic_random_6,balanced_accuracy,0.7768939393939394,0.015959973532491147
9,1,covariance_learned,dynamic_random_6,log_loss,0.6826013537204616,0.02232601519295083
9,1,tucker_frozen,full_22,balanced_accuracy,0.8573717948717949,0.0
9,1,tucker_frozen,full_22,log_loss,0.589110568936161,0.0
9,1,tucker_frozen,random_static_16,balanced_accuracy,0.6126748251748253,0.029591251752419126
9,1,tucker_frozen,random_static_16,log_loss,1.2552857995553763,0.11903210775018176
9,1,tucker_frozen,dynamic_random_16,balanced_accuracy,0.6281759906759906,0.05995646865582341
9,1,tucker_frozen,dynamic_random_16,log_loss,1.1668863854799103,0.19553083559582793
9,1,tucker_frozen,random_static_6,balanced_accuracy,0.40064102564102566,0.08382573929453618
9,1,tucker_frozen,random_static_6,log_loss,2.5065893566069994,0.2862341920602653
9,1,tucker_frozen,dynamic_random_6,balanced_accuracy,0.39373543123543125,0.03930301675470768
9,1,tucker_frozen,dynamic_random_6,log_loss,2.3096805551234203,0.14257394771076332
9,1,tucker_learned,full_22,balanced_accuracy,0.8573717948717949,0.0
9,1,tucker_learned,full_22,log_loss,0.589110568936161,0.0
9,1,tucker_learned,random_static_16,balanced_accuracy,0.6076923076923076,0.04629360139261395
9,1,tucker_learned,random_static_16,log_loss,1.2276554177125618,0.13419100958648533
9,1,tucker_learned,dynamic_random_16,balanced_accuracy,0.6647727272727273,0.06997837298361707
9,1,tucker_learned,dynamic_random_16,log_loss,1.165772691807375,0.19752414314107555
9,1,tucker_learned,random_static_6,balanced_accuracy,0.4125,0.04575952242373032
9,1,tucker_learned,random_static_6,log_loss,2.156289059464324,0.30809991549402915
9,1,tucker_learned,dynamic_random_6,balanced_accuracy,0.48359557109557116,0.059935026278354925
9,1,tucker_learned,dynamic_random_6,log_loss,1.792569339446521,0.17154685669396752
9,2,zero,full_22,balanced_accuracy,0.8589743589743589,0.0
9,2,zero,full_22,log_loss,0.5409530863084598,0.0
9,2,zero,random_static_16,balanced_accuracy,0.4210664335664335,0.05826612693796146
9,2,zero,random_static_16,log_loss,2.221545893051796,0.24163041258960172
9,2,zero,dynamic_random_16,balanced_accuracy,0.39018065268065266,0.03980696247649086
9,2,zero,dynamic_random_16,log_loss,2.3365454317975027,0.18849457286969462
9,2,zero,random_static_6,balanced_accuracy,0.48729603729603727,0.027569923295191937
9,2,zero,random_static_6,log_loss,1.8482959917573378,0.1633387498571301
9,2,zero,dynamic_random_6,balanced_accuracy,0.47301864801864807,0.05739800378268506
9,2,zero,dynamic_random_6,log_loss,1.9873411716080926,0.24656249820238393
9,2,covariance_frozen,full_22,balanced_accuracy,0.8589743589743589,0.0
9,2,covariance_frozen,full_22,log_loss,0.5409530863084598,0.0
9,2,covariance_frozen,random_static_16,balanced_accuracy,0.8294871794871795,0.009961711710205181
9,2,covariance_frozen,random_static_16,log_loss,0.5148231531337447,0.018550333237174747
9,2,covariance_frozen,dynamic_random_16,balanced_accuracy,0.8214743589743589,0.019773329250240015
9,2,covariance_frozen,dynamic_random_16,log_loss,0.5337536025065182,0.01867593905421207
9,2,covariance_frozen,random_static_6,balanced_accuracy,0.5680944055944055,0.024405285495737367
9,2,covariance_frozen,random_static_6,log_loss,1.2822275019499716,0.10955189845647995
9,2,covariance_frozen,dynamic_random_6,balanced_accuracy,0.5756701631701631,0.03461074878896154
9,2,covariance_frozen,dynamic_random_6,log_loss,1.1953663569222446,0.07351709840670988
9,2,covariance_learned,full_22,balanced_accuracy,0.8589743589743589,0.0
9,2,covariance_learned,full_22,log_loss,0.5409530863084598,0.0
9,2,covariance_learned,random_static_16,balanced_accuracy,0.8025058275058274,0.02905767028346816
9,2,covariance_learned,random_static_16,log_loss,0.6047481734499753,0.024413623218003555
9,2,covariance_learned,dynamic_random_16,balanced_accuracy,0.8028846153846153,0.014582452777022196
9,2,covariance_learned,dynamic_random_16,log_loss,0.6204022140395231,0.014610227709025139
9,2,covariance_learned,random_static_6,balanced_accuracy,0.6722319347319348,0.04140025593750583
9,2,covariance_learned,random_static_6,log_loss,0.8519839186689111,0.07105210246612453
9,2,covariance_learned,dynamic_random_6,balanced_accuracy,0.7139568764568764,0.05971861526406791
9,2,covariance_learned,dynamic_random_6,log_loss,0.7548142745065983,0.10085971835880542
9,2,tucker_frozen,full_22,balanced_accuracy,0.8589743589743589,0.0
9,2,tucker_frozen,full_22,log_loss,0.5409530863084598,0.0
9,2,tucker_frozen,random_static_16,balanced_accuracy,0.5238053613053613,0.07767349365549768
9,2,tucker_frozen,random_static_16,log_loss,1.5160364061460396,0.1927254057693905
9,2,tucker_frozen,dynamic_random_16,balanced_accuracy,0.4988053613053613,0.056168390053941156
9,2,tucker_frozen,dynamic_random_16,log_loss,1.5079360346585002,0.22237118540033396
9,2,tucker_frozen,random_static_6,balanced_accuracy,0.4767773892773892,0.048544959907284385
9,2,tucker_frozen,random_static_6,log_loss,1.7614325956560808,0.25154462473130546
9,2,tucker_frozen,dynamic_random_6,balanced_accuracy,0.4941142191142191,0.019362671893365508
9,2,tucker_frozen,dynamic_random_6,log_loss,1.5936121001818575,0.20044165941134723
9,2,tucker_learned,full_22,balanced_accuracy,0.8589743589743589,0.0
9,2,tucker_learned,full_22,log_loss,0.5409530863084598,0.0
9,2,tucker_learned,random_static_16,balanced_accuracy,0.524504662004662,0.06062184604808278
9,2,tucker_learned,random_static_16,log_loss,1.505579989672048,0.1676371350290478
9,2,tucker_learned,dynamic_random_16,balanced_accuracy,0.5183857808857809,0.043654534231310126
9,2,tucker_learned,dynamic_random_16,log_loss,1.5278368134467935,0.20792695292881558
9,2,tucker_learned,random_static_6,balanced_accuracy,0.48991841491841487,0.06765577408138952
9,2,tucker_learned,random_static_6,log_loss,1.7178677522750856,0.2705748800562573
9,2,tucker_learned,dynamic_random_6,balanced_accuracy,0.5163461538461538,0.05602036850318583
9,2,tucker_learned,dynamic_random_6,log_loss,1.491884610208241,0.21796094926665305
